Time,Iperf Clt ID,Iperf Clt Interval Start [sec],Iperf Clt Interval End [sec],Iperf Clt Transfer [MB],Iperf Clt Bandwidth [Mbps],Iperf Clt Retr,Iperf Clt Cwnd [MB]
1669915668,4,0,1,0.922,7.55,0,0.0778
1669915669,4,1,2,0.827,6.77,0,0.11
1669915670,4,2,3,0.827,6.78,0,0.143
1669915671,4,3,4,0.827,6.78,0,0.175
1669915672,4,4,5,0.891,7.3,0,0.209
1669915673,4,5,6,0.827,6.77,0,0.24
1669915674,4,6,7,0.764,6.26,0,0.273
1669915675,4,7,8,0.827,6.78,0,0.305
1669915676,4,8,9,1.06,8.86,0,0.376
1669915677,4,9,10,0.827,6.77,23,0.366
1669915678,4,10,11,0.891,7.3,25,0.322
1669915679,4,11,12,0.636,5.21,0,0.363
1669915680,4,12,13,0.7,5.73,0,0.402
1669915681,4,13,14,0.255,2.09,15,0.286
1669915682,4,14,15,1.06,8.87,0,0.3
1669915683,4,15,16,0.636,5.21,0,0.324
1669915684,4,16,17,0.636,5.2,0,0.338
1669915685,4,17,18.01,0.636,5.19,0,0.345
1669915686,4,18.01,19,0.636,5.24,0,0.346
1669915687,4,19,20,0.7,5.74,0,0.346
1669915688,4,20,21,0.636,5.21,0,0.349
1669915689,4,21,22,0.636,5.22,0,0.356
1669915690,4,22,23,0.509,4.17,0,0.37
1669915691,4,23,24,0.573,4.69,0,0.397
1669915692,4,24,25,0.191,1.57,15,0.286
1669915693,4,25,26,1.12,9.39,0,0.305
1669915694,4,26,27,0.636,5.21,0,0.345
1669915695,4,27,28,0.636,5.21,0,0.375
1669915696,4,28,29,0.636,5.21,0,0.395
1669915697,4,29,30,0.255,2.08,8,0.277
1669915698,4,30,31,1.06,8.87,0,0.293
1669915699,4,31,32,0.636,5.21,0,0.315
1669915700,4,32,33,0.636,5.21,0,0.328
1669915701,4,33,34,0.573,4.69,0,0.335
1669915702,4,34,35,0.7,5.73,0,0.337
1669915703,4,35,36,0.636,5.21,0,0.337
1669915704,4,36,37,0.636,5.22,0,0.339
1669915705,4,37,38,0.636,5.21,0,0.348
1669915706,4,38,39,0.636,5.21,0,0.363
1669915707,4,39,40,0.636,5.21,0,0.39
1669915708,4,40,41,0.255,2.09,12,0.297
1669915709,4,41,42,1.06,8.87,5,0.298
1669915710,4,42,43,0.636,5.21,0,0.338
1669915711,4,43,44,0.636,5.21,0,0.37
1669915712,4,44,45,0.573,4.69,0,0.39
1669915713,4,45,46,0.255,2.09,7,0.283
1669915714,4,46,47,1.06,8.87,0,0.287
1669915715,4,47,48,0.636,5.21,0,0.311
1669915716,4,48,49,0.573,4.69,0,0.325
1669915717,4,49,50,0.573,4.69,0,0.334
1669915718,4,50,51,0.509,4.17,0,0.337
1669915719,4,51,52,0.509,4.17,0,0.337
1669915720,4,52,53,0.509,4.17,0,0.338
1669915721,4,53,54,0.509,4.17,0,0.344
1669915722,4,54,55,0.509,4.17,0,0.358
1669915723,4,55,56,0.445,3.65,0,0.38
1669915724,4,56,57,0.445,3.65,0,0.414
1669915725,4,57,58,0.127,1.04,20,0.293
1669915726,4,58,59,0.827,6.77,0,0.304
1669915727,4,59,60,0.445,3.65,0,0.342
1669915728,4,60,61,0.445,3.66,0,0.372
1669915729,4,61,62,0.382,3.13,0,0.395
1669915730,4,62,63,0.127,1.04,12,0.313
1669915731,4,63,64,0.636,5.22,2,0.28
1669915732,4,64,65,0.445,3.65,0,0.296
1669915733,4,65,66,0.318,2.61,0,0.315
1669915734,4,66,67,0.318,2.61,0,0.328
1669915735,4,67,68,0.318,2.61,0,0.335
1669915736,4,68,69,0.255,2.08,0,0.338
1669915737,4,69,70,0.318,2.61,0,0.338
1669915738,4,70,71,0.191,1.57,0,0.341
1669915739,4,71,72,0.255,2.08,0,0.348
1669915740,4,72,73,0.255,2.09,0,0.361
1669915741,4,73,74,0.191,1.56,0,0.382
1669915742,4,74,75,0.191,1.56,0,0.411
1669915743,4,75,76,0.127,1.04,6,0.423
1669915744,4,76,77,0,0,26,0.325
1669915745,4,77,78,0,0,22,0.308
1669915746,4,78,79,0.255,2.09,0,0.308
1669915747,4,79,80,0.445,3.65,0,0.28
1669915748,4,80,81,0.191,1.56,0,0.236
1669915749,4,81,82,0.191,1.56,0,0.216
1669915750,4,82,83,0.0636,0.521,0,0.225
1669915751,4,83,84,0.127,1.04,0,0.233
1669915752,4,84,85,0.0636,0.521,0,0.243
1669915753,4,85,86,0.127,1.04,0,0.249
1669915754,4,86,87,0.0636,0.521,0,0.253
1669915755,4,87,88,0.0636,0.522,0,0.256
1669915756,4,88,89,0.0636,0.521,0,0.259
1669915757,4,89,90,0.0636,0.521,0,0.266
1669915758,4,90,91,0.0636,0.521,0,0.277
1669915759,4,91,92,0.0636,0.521,0,0.298
1669915760,4,92,93,0,0,0,0.324
1669915761,4,93,94,0.0636,0.521,0,0.345
1669915762,4,94,95,0,0,0,0.368
1669915763,4,95,96,0.0636,0.521,0,0.386
1669915764,4,96,97,0,0,1,0.387
1669915765,4,97,98,0,0,0,0.378
1669915766,4,98,99,0,0,0,0.366
1669915767,4,99,100,0,0,5,0.348
1669915768,4,100,101,0,0,1,0.338
1669915769,4,101,102,0,0,4,0.321
1669915770,4,102,103,0,0,5,0.308
1669915771,4,103,104,0,0,1,0.3
1669915772,4,104,105,0,0,3,0.29
1669915773,4,105,106,0,0,7,0.269
1669915774,4,106,107,0,0,16,0.252
1669915775,4,107,108,0,0,9,0.274
1669915776,4,108,109,0,0,3,0.272
1669915777,4,109,110,0,0,3,0.27
1669915778,4,110,111,0,0,3,0.266
1669915779,4,111,112,0,0,6,0.257
1669915780,4,112,113,0.0636,0.522,5,0.25
1669915781,4,113,114,0,0,7,0.24
1669915782,4,114,115,0,0,2,0.239
1669915783,4,115,116,0,0,4,0.233
1669915784,4,116,117,0,0,0,0.233
1669915785,4,117,118,0,0,7,0.202
1669915786,4,118,119,0,0,15,0.202
1669915787,4,119,120,0,0,9,0.197
1669915788,4,120,121,0,0,6,0.173
1669915789,4,121,122,0,0,8,0.163
1669915790,4,122,123,0,0,7,0.163
1669915791,4,123,124,0,0,6,0.151
1669915792,4,124,125,0,0,2,0.133
1669915793,4,125,126,0,0,2,0.122
1669915794,4,126,127,0,0,2,0.12
1669915795,4,127,128,0,0,0,0.12
1669915796,4,128,129,0,0,7,0.0834
1669915797,4,129,130,0,0,0,0.0834
1669915798,4,130,131,0,0,1,0.0481
1669915799,4,131,132,0,0,2,0.041
1669915800,4,132,133,0,0,1,0.0339
1669915801,4,133,134,0,0,0,0.0339
1669915802,4,134,135,0,0,0,0.0339
1669915803,4,135,136,0,0,0,0.0339
1669915804,4,136,137,0,0,0,0.0339
1669915805,4,137,138,0,0,0,0.0339
1669915806,4,138,139,0,0,0,0.0339
1669915807,4,139,140,0,0,0,0.0339
1669915808,4,140,141,0,0,0,0.0339
1669915809,4,141,142,0,0,0,0.0339
1669915810,4,142,143,0,0,0,0.0339
1669915811,4,143,144,0,0,0,0.0339
1669915812,4,144,145,0,0,0,0.0339
1669915813,4,145,146,0,0,0,0.0339
1669915814,4,146,147,0,0,0,0.0339
1669915815,4,147,148,0,0,0,0.0339
1669915816,4,148,149,0.0636,0.522,3,0.00283
1669915817,4,149,150,0,0,0,0.00283
1669915818,4,150,151,0,0,0,0.00283
1669915819,4,151,152,0,0,0,0.00283
1669915820,4,152,153,0,0,0,0.00283
1669915821,4,153,154,0,0,0,0.00283
1669915822,4,154,155,0,0,0,0.00283
1669915823,4,155,156,0,0,0,0.00283
1669915824,4,156,157,0,0,0,0.00283
1669915825,4,157,158,0,0,0,0.00283
1669915826,4,158,159,0,0,0,0.00283
1669915827,4,159,160,0,0,0,0.00283
1669915828,4,160,161,0,0,0,0.00283
1669915829,4,161,162,0,0,0,0.00283
1669915830,4,162,163,0,0,0,0.00283
1669915831,4,163,164,0,0,0,0.00283
1669915832,4,164,165,0.0636,0.521,3,0.00283
1669915833,4,165,166,0,0,0,0.00283
1669915834,4,166,167,0,0,0,0.00283
1669915835,4,167,168,0,0,0,0.00283
1669915836,4,168,169,0,0,0,0.00283
1669915837,4,169,170,0,0,0,0.00283
1669915838,4,170,171,0,0,0,0.00283
1669915839,4,171,172,0,0,0,0.00283
1669915840,4,172,173,0,0,0,0.00283
1669915841,4,173,174,0,0,0,0.00283
1669915842,4,174,175,0,0,0,0.00283
1669915843,4,175,176,0,0,0,0.00283
1669915844,4,176,177,0,0,0,0.00283
1669915845,4,177,178,0,0,3,0.00283
1669915846,4,178,179,0,0,0,0.00283
1669915847,4,179,180,0,0,0,0.00283
1669915848,4,180,181,0,0,0,0.00283
1669915849,4,181,182,0,0,0,0.00283
1669915850,4,182,183,0,0,0,0.00283
1669915851,4,183,184,0,0,0,0.00283
1669915852,4,184,185,0,0,0,0.00283
1669915853,4,185,186,0,0,0,0.00283
1669915854,4,186,187,0,0,0,0.00283
1669915855,4,187,188,0,0,0,0.00283
1669915856,4,188,189,0,0,0,0.00283
1669915857,4,189,190,0,0,0,0.00283
1669915858,4,190,191,0,0,0,0.00283
1669915859,4,191,192,0,0,3,0.00283
1669915860,4,192,193,0,0,0,0.00283
1669915861,4,193,194,0,0,0,0.00283
1669915862,4,194,195,0,0,0,0.00283
1669915863,4,195,196,0,0,0,0.00283
1669915864,4,196,197,0,0,0,0.00283
1669915865,4,197,198,0,0,0,0.00283
1669915866,4,198,199,0,0,0,0.00283
1669915867,4,199,200,0,0,0,0.00283
1669915868,4,200,201,0,0,0,0.00283
1669915869,4,201,202,0,0,0,0.00283
1669915870,4,202,203,0,0,0,0.00283
1669915871,4,203,204,0,0,1,0.00141
1669915872,4,204,205,0.127,1.04,10,0.00424
1669915873,4,205,206,0.0636,0.521,13,0.00424
1669915874,4,206,207,0.0636,0.522,2,0.00283
1669915875,4,207,208,0,0,0,0.00283
1669915876,4,208,209,0,0,0,0.00283
1669915877,4,209,210,0,0,0,0.00283
1669915878,4,210,211,0,0,0,0.00283
1669915879,4,211,212,0,0,0,0.00283
1669915880,4,212,213,0,0,0,0.00283
1669915881,4,213,214,0,0,0,0.00283
1669915882,4,214,215,0,0,0,0.00283
1669915883,4,215,216,0,0,3,0.00283
1669915884,4,216,217,0,0,0,0.00283
1669915885,4,217,218,0,0,0,0.00283
1669915886,4,218,219,0,0,0,0.00283
1669915887,4,219,220,0,0,0,0.00283
1669915888,4,220,221,0,0,0,0.00283
1669915889,4,221,222,0,0,0,0.00283
1669915890,4,222,223,0,0,0,0.00283
1669915891,4,223,224,0,0,0,0.00283
1669915892,4,224,225,0,0,1,0.00141
1669915893,4,225,226,0.127,1.04,14,0.00566
1669915894,4,226,227,0.0636,0.521,19,0.00424
1669915895,4,227,228,0,0,0,0.00424
1669915896,4,228,229,0,0,0,0.00424
1669915897,4,229,230,0,0,0,0.00424
1669915898,4,230,231,0,0,0,0.00424
1669915899,4,231,232,0,0,0,0.00424
1669915900,4,232,233,0,0,0,0.00424
1669915901,4,233,234,0,0,0,0.00424
1669915902,4,234,235,0,0,0,0.00424
1669915903,4,235,236,0.0636,0.521,17,0.00566
1669915904,4,236,237,0.191,1.56,46,0.0113
1669915905,4,237,238,0.0636,0.521,0,0.0156
1669915906,4,238,239,0.127,1.04,0,0.024
1669915907,4,239,240,0.191,1.56,0,0.0467
1669915908,4,240,241,0.255,2.09,0,0.0792
1669915909,4,241,242,0.255,2.09,0,0.129
1669915910,4,242,243,0.255,2.08,0,0.191
1669915911,4,243,244,0.255,2.08,0,0.266
1669915912,4,244,245,0.191,1.56,0,0.354
1669915913,4,245,246,0.255,2.08,0,0.462
1669915914,4,246,247,0.7,5.74,21,0.522
1669915915,4,247,248,0,0,80,0.356
1669915916,4,248,249,0.318,2.61,36,0.385
1669915917,4,249,250,0.382,3.13,0,0.387
1669915918,4,250,251,0.0636,0.522,10,0.31
1669915919,4,251,252,0.127,1.04,2,0.27
1669915920,4,252,253,0.636,5.21,0,0.273
1669915921,4,253,254,0.0636,0.521,2,0.205
1669915922,4,254,255,0.509,4.17,0,0.199
1669915923,4,255,256,0.191,1.56,0,0.214
1669915924,4,256,257,0.191,1.56,0,0.223
1669915925,4,257,258,0.191,1.56,0,0.228
1669915926,4,258,259,0.127,1.04,0,0.229
1669915927,4,259,260,0,0,1,0.178
1669915928,4,260,261,0.382,3.13,2,0.161
1669915929,4,261,262,0.191,1.56,0,0.171
1669915930,4,262,263,0.127,1.04,0,0.182
1669915931,4,263,264,0.191,1.56,0,0.189
1669915932,4,264,265,0.127,1.04,0,0.192
1669915933,4,265,266,0.0636,0.521,0,0.194
1669915934,4,266,267,0.127,1.04,0,0.195
1669915935,4,267,268,0.0636,0.521,0,0.199
1669915936,4,268,269,0.127,1.04,0,0.209
1669915937,4,269,270,0.0636,0.521,0,0.228
1669915938,4,270,271,0.127,1.04,0,0.253
1669915939,4,271,272,0.0636,0.521,0,0.291
1669915940,4,272,273,0,0,0,0.317
1669915941,4,273,274,0.0636,0.521,0,0.352
1669915942,4,274,275,0.0636,0.521,0,0.375
1669915943,4,275,276,0,0,0,0.396
1669915944,4,276,277,0.0636,0.521,0,0.421
1669915945,4,277,278,0,0,0,0.443
1669915946,4,278,279,0.0636,0.521,2,0.454
1669915947,4,279,280,0,0,0,0.443
1669915948,4,280,281,0,0,3,0.421
1669915949,4,281,282,0,0,0,0.41
1669915950,4,282,283,0,0,2,0.393
1669915951,4,283,284,0,0,17,0.356
1669915952,4,284,285,0,0,10,0.335
1669915953,4,285,286,0,0,13,0.307
1669915954,4,286,287,0,0,12,0.291
1669915955,4,287,288,0,0,16,0.321
1669915956,4,288,289,0,0,3,0.317
1669915957,4,289,290,0,0,1,0.315
1669915958,4,290,291,0,0,3,0.313
1669915959,4,291,292,0,0,2,0.31
1669915960,4,292,293,0,0,4,0.304
1669915961,4,293,294,0,0,1,0.303
1669915962,4,294,295,0,0,7,0.297
1669915963,4,295,296,0,0,3,0.294
1669915964,4,296,297,0,0,2,0.294
1669915965,4,297,298,0,0,6,0.286
1669915966,4,298,299,0,0,5,0.281
1669915967,4,299,300,0,0,4,0.281
1669915968,4,300,301,0,0,9,0.284
1669915969,4,301,302,0,0,5,0.276
1669915970,4,302,303,0,0,4,0.262
1669915971,4,303,304,0,0,8,0.253
1669915972,4,304,305,0.127,1.04,4,0.242
1669915973,4,305,306,0,0,8,0.23
1669915974,4,306,307,0,0,1,0.222
1669915975,4,307,308,0,0,4,0.206
1669915976,4,308,309,0,0,6,0.197
1669915977,4,309,310,0,0,3,0.185
1669915978,4,310,311,0,0,2,0.18
1669915979,4,311,312,0,0,1,0.154
1669915980,4,312,313,0,0,3,0.139
1669915981,4,313,314,0,0,5,0.126
1669915982,4,314,315,0,0,2,0.112
1669915983,4,315,316,0,0,2,0.1
1669915984,4,316,317,0,0,1,0.0848
1669915985,4,317,318,0,0,2,0.0834
1669915986,4,318,319,0,0,3,0.0622
1669915987,4,319,320,0,0,6,0.0551
1669915988,4,320,321,0,0,0,0.0551
1669915989,4,321,322,0,0,1,0.0184
1669915990,4,322,323,0.0636,0.521,3,0.0113
1669915991,4,323,324,0,0,2,0.00848
1669915992,4,324,325,0,0,0,0.00848
1669915993,4,325,326,0,0,0,0.00848
1669915994,4,326,327,0,0,0,0.00848
1669915995,4,327,328,0,0,0,0.00848
1669915996,4,328,329.01,0,0,0,0.00848
1669915997,4,329.01,330,0,0,0,0.00848
1669915998,4,330,331,0,0,0,0.00848
1669915999,4,331,332,0,0,0,0.00848
1669916000,4,332,333,0,0,0,0.00848
1669916001,4,333,334,0,0,0,0.00848
1669916002,4,334,335,0,0,0,0.00848
1669916003,4,335,336,0,0,0,0.00848
1669916004,4,336,337,0,0,0,0.00848
1669916005,4,337,338,0,0,0,0.00848
1669916006,4,338,339,0,0,0,0.00848
1669916007,4,339,340,0,0,0,0.00848
1669916008,4,340,341,0,0,0,0.00848
1669916009,4,341,342,0.0636,0.521,9,0.00566
1669916010,4,342,343,0.191,1.56,10,0.00283
1669916011,4,343,344,0,0,0,0.00283
1669916012,4,344,345,0,0,0,0.00283
1669916013,4,345,346,0,0,0,0.00283
1669916014,4,346,347,0,0,0,0.00283
1669916015,4,347,348,0,0,0,0.00283
1669916016,4,348,349,0,0,0,0.00283
1669916017,4,349,350,0,0,0,0.00283
1669916018,4,350,351,0,0,0,0.00283
1669916019,4,351,352,0,0,0,0.00283
1669916020,4,352,353,0,0,0,0.00283
1669916021,4,353,354,0,0,0,0.00283
1669916022,4,354,355,0,0,0,0.00283
1669916023,4,355,356,0,0,0,0.00283
1669916024,4,356,357,0,0,0,0.00283
1669916025,4,357,358,0.191,1.56,11,0.00566
1669916026,4,358,359,0,0,0,0.00566
1669916027,4,359,360,0,0,0,0.00566
1669916028,4,360,361,0,0,0,0.00566
1669916029,4,361,362,0,0,0,0.00566
1669916030,4,362,363,0,0,0,0.00566
1669916031,4,363,364,0,0,0,0.00566
1669916032,4,364,365,0,0,0,0.00566
1669916033,4,365,366,0,0,0,0.00566
1669916034,4,366,367,0,0,0,0.00566
1669916035,4,367,368,0,0,0,0.00566
1669916036,4,368,369,0,0,0,0.00566
1669916037,4,369,370,0,0,1,0.00141
1669916038,4,370,371,0.0636,0.521,12,0.00566
1669916039,4,371,372,0.0636,0.521,14,0.00283
1669916040,4,372,373,0.0636,0.521,6,0.00283
1669916041,4,373,374,0,0,0,0.00283
1669916042,4,374,375,0,0,0,0.00283
1669916043,4,375,376,0,0,0,0.00283
1669916044,4,376,377,0,0,0,0.00283
1669916045,4,377,378,0,0,0,0.00283
1669916046,4,378,379,0,0,0,0.00283
1669916047,4,379,380,0,0,0,0.00283
1669916048,4,380,381,0,0,0,0.00283
1669916049,4,381,382,0,0,0,0.00283
1669916050,4,382,383,0,0,0,0.00283
1669916051,4,383,384,0,0,10,0.00424
1669916052,4,384,385,0.127,1.04,35,0.0099
1669916053,4,385,386,0.127,1.04,43,0.00707
1669916054,4,386,387,0.0636,0.521,0,0.0113
1669916055,4,387,388,0.0636,0.521,2,0.0113
1669916056,4,388,389,0.127,1.04,0,0.0156
1669916057,4,389,390,0.127,1.04,0,0.0212
1669916058,4,390,391,0.127,1.04,0,0.0269
1669916059,4,391,392,0.191,1.56,0,0.0311
1669916060,4,392,393,0.127,1.04,0,0.0339
1669916061,4,393,394,0.127,1.04,0,0.0551
1669916062,4,394,395,0.191,1.56,0,0.0863
1669916063,4,395,396,0.0636,0.521,0,0.123
1669916064,4,396,397,0.127,1.04,0,0.182
1669916065,4,397,398,0.127,1.04,0,0.242
1669916066,4,398,399,0.0636,0.521,0,0.315
1669916067,4,399,400,0.127,1.04,0,0.379
1669916068,4,400,401,0.0636,0.521,0,0.438
1669916069,4,401,402,0.0636,0.521,0,0.472
1669916070,4,402,403,0.127,1.04,0,0.533
1669916071,4,403,404,0,0,29,0.482
1669916072,4,404,405,0,0,42,0.397
1669916073,4,405,406,0,0,37,0.339
1669916074,4,406,407,0,0,24,0.366
1669916075,4,407,408,0.191,1.56,0,0.366
1669916076,4,408,409,0.127,1.04,0,0.366
1669916077,4,409,410,0.191,1.56,0,0.366
1669916078,4,410,411,0.191,1.57,0,0.368
1669916079,4,411,412,0.0636,0.521,1,0.368
1669916080,4,412,413,0,0,0,0.346
1669916081,4,413,414,0,0,0,0.329
1669916082,4,414,415,0,0,0,0.315
1669916083,4,415,416,0.0636,0.521,0,0.296
1669916084,4,416,417,0,0,4,0.269
1669916085,4,417,418,0,0,6,0.259
1669916086,4,418,419,0,0,0,0.259
1669916087,4,419,420,0,0,0,0.259
1669916088,4,420,421,0,0,0,0.259
1669916089,4,421,422,0,0,0,0.259
1669916090,4,422,423,0,0,0,0.259
1669916091,4,423,424,0,0,0,0.259
1669916092,4,424,425,0.636,5.21,0,0.25
1669916093,4,425,426,0,0,0,0.242
1669916094,4,426,427,0.0636,0.521,1,0.229
1669916095,4,427,428,0,0,3,0.218
1669916096,4,428,429,0,0,0,0.209
1669916097,4,429,430,0,0,2,0.201
1669916098,4,430,431,0.0636,0.521,4,0.184
1669916099,4,431,432,0,0,2,0.181
1669916100,4,432,433,0,0,3,0.177
1669916101,4,433,434,0,0,7,0.167
1669916102,4,434,435,0,0,6,0.184
1669916103,4,435,436,0,0,4,0.178
1669916104,4,436,437,0,0,2,0.175
1669916105,4,437,438,0,0,6,0.167
1669916106,4,438,439,0,0,6,0.157
1669916107,4,439,440,0,0,8,0.147
1669916108,4,440,441,0,0,10,0.136
1669916109,4,441,442,0,0,9,0.124
1669916110,4,442,443,0,0,7,0.123
1669916111,4,443,444,0,0,4,0.113
1669916112,4,444,445,0,0,7,0.109
1669916113,4,445,446,0,0,12,0.099
1669916114,4,446,447,0.0636,0.521,7,0.0976
1669916115,4,447,448,0,0,0,0.0976
1669916116,4,448,449,0,0,10,0.0749
1669916117,4,449,450,0,0,5,0.0636
1669916118,4,450,451,0,0,4,0.0481
1669916119,4,451,452,0,0,1,0.0354
1669916120,4,452,453,0,0,3,0.024
1669916121,4,453,454,0,0,4,0.0113
1669916122,4,454,455,0,0,1,0.0099
1669916123,4,455,456,0,0,0,0.0099
1669916124,4,456,457,0,0,0,0.0099
1669916125,4,457,458,0,0,0,0.0099
1669916126,4,458,459,0,0,0,0.0099
1669916127,4,459,460,0,0,0,0.0099
1669916128,4,460,461,0,0,0,0.0099
1669916129,4,461,462,0,0,0,0.0099
1669916130,4,462,463,0,0,0,0.0099
1669916131,4,463,464,0,0,0,0.0099
1669916132,4,464,465,0,0,1,0.00141
1669916133,4,465,466,0,0,0,0.00141
1669916134,4,466,467,0,0,0,0.00141
1669916135,4,467,468,0,0,0,0.00141
1669916136,4,468,469,0,0,0,0.00141
1669916137,4,469,470,0,0,0,0.00141
1669916138,4,470,471,0,0,0,0.00141
1669916139,4,471,472,0,0,0,0.00141
1669916140,4,472,473,0,0,0,0.00141
1669916141,4,473,474,0,0,0,0.00141
1669916142,4,474,475,0,0,0,0.00141
1669916143,4,475,476,0,0,0,0.00141
1669916144,4,476,477,0,0,0,0.00141
1669916145,4,477,478,0,0,0,0.00141
1669916146,4,478,479,0,0,0,0.00141
1669916147,4,479,480,0,0,0,0.00141
1669916148,4,480,481,0,0,0,0.00141
1669916149,4,481,482,0,0,0,0.00141
1669916150,4,482,483,0,0,0,0.00141
1669916151,4,483,484,0,0,0,0.00141
1669916152,4,484,485,0,0,1,0.00141
1669916153,4,485,486,0,0,0,0.00141
1669916154,4,486,487,0,0,0,0.00141
1669916155,4,487,488,0,0,0,0.00141
1669916156,4,488,489,0,0,0,0.00141
1669916157,4,489,490,0,0,0,0.00141
1669916158,4,490,491,0,0,0,0.00141
1669916159,4,491,492,0,0,0,0.00141
1669916160,4,492,493,0,0,0,0.00141
1669916161,4,493,494,0,0,0,0.00141
1669916162,4,494,495,0,0,0,0.00141
1669916163,4,495,496,0,0,0,0.00141
1669916164,4,496,497,0,0,0,0.00141
1669916165,4,497,498,0,0,0,0.00141
1669916166,4,498,499,0,0,0,0.00141
1669916167,4,499,500,0,0,0,0.00141
1669916168,4,500,501,0,0,0,0.00141
1669916169,4,501,502,0,0,0,0.00141
1669916170,4,502,503,0,0,0,0.00141
1669916171,4,503,504,0,0,0,0.00141
1669916172,4,504,505,0,0,0,0.00141
1669916173,4,505,506,0,0,0,0.00141
1669916174,4,506,507,0,0,0,0.00141
1669916175,4,507,508,0,0,0,0.00141
1669916176,4,508,509,0,0,0,0.00141
1669916177,4,509,510,0,0,0,0.00141
1669916178,4,510,511,0,0,0,0.00141
1669916179,4,511,512,0,0,0,0.00141
1669916180,4,512,513,0,0,0,0.00141
1669916181,4,513,514,0,0,0,0.00141
1669916182,4,514,515,0,0,0,0.00141
1669916183,4,515,516,0,0,0,0.00141
1669916184,4,516,517,0,0,0,0.00141
1669916185,4,517,518,0,0,0,0.00141
1669916186,4,518,519,0,0,0,0.00141
1669916187,4,519,520,0,0,0,0.00141
1669916188,4,520,521,0,0,0,0.00141
1669916189,4,521,522,0,0,0,0.00141
1669916190,4,522,523,0,0,0,0.00141
1669916191,4,523,524,0,0,0,0.00141
1669916192,4,524,525,0,0,1,0.00141
1669916193,4,525,526,0,0,0,0.00141
1669916194,4,526,527,0,0,0,0.00141
1669916195,4,527,528,0,0,0,0.00141
1669916196,4,528,529,0,0,0,0.00141
1669916197,4,529,530,0,0,0,0.00141
1669916198,4,530,531,0,0,0,0.00141
1669916199,4,531,532,0,0,0,0.00141
1669916200,4,532,533,0,0,0,0.00141
1669916201,4,533,534,0,0,0,0.00141
1669916202,4,534,535,0,0,0,0.00141
1669916203,4,535,536,0,0,0,0.00141
1669916204,4,536,537,0,0,0,0.00141
1669916205,4,537,538,0,0,0,0.00141
1669916206,4,538,539,0,0,0,0.00141
1669916207,4,539,540,0,0,0,0.00141
1669916208,4,540,541,0,0,0,0.00141
1669916209,4,541,542,0,0,0,0.00141
1669916210,4,542,543,0,0,0,0.00141
1669916211,4,543,544,0,0,0,0.00141
1669916212,4,544,545,0,0,0,0.00141
1669916213,4,545,546,0,0,0,0.00141
1669916214,4,546,547,0,0,0,0.00141
1669916215,4,547,548,0,0,0,0.00141
1669916216,4,548,549,0,0,0,0.00141
1669916217,4,549,550,0,0,0,0.00141
1669916218,4,550,551,0,0,0,0.00141
1669916219,4,551,552,0,0,0,0.00141
1669916220,4,552,553,0,0,0,0.00141
1669916221,4,553,554,0,0,0,0.00141
1669916222,4,554,555,0,0,0,0.00141
1669916223,4,555,556,0,0,0,0.00141
1669916224,4,556,557,0,0,0,0.00141
1669916225,4,557,558,0,0,0,0.00141
1669916226,4,558,559,0,0,0,0.00141
1669916227,4,559,560,0,0,0,0.00141
1669916228,4,560,561,0,0,0,0.00141
1669916229,4,561,562,0,0,0,0.00141
1669916230,4,562,563,0,0,0,0.00141
1669916231,4,563,564,0,0,0,0.00141
1669916232,4,564,565,0,0,0,0.00141
1669916233,4,565,566,0,0,0,0.00141
1669916234,4,566,567,0,0,0,0.00141
1669916235,4,567,568,0,0,0,0.00141
1669916236,4,568,569,0,0,0,0.00141
1669916237,4,569,570,0,0,0,0.00141
1669916238,4,570,571,0,0,0,0.00141
1669916239,4,571,572,0,0,0,0.00141
1669916240,4,572,573,0,0,0,0.00141
1669916241,4,573,574,0,0,0,0.00141
1669916242,4,574,575,0,0,0,0.00141
1669916243,4,575,576,0,0,0,0.00141
1669916244,4,576,577,0,0,0,0.00141
1669916245,4,577,578,0,0,0,0.00141
1669916246,4,578,579,0,0,0,0.00141
1669916247,4,579,580,0,0,0,0.00141
1669916248,4,580,581,0,0,0,0.00141
1669916249,4,581,582,0,0,0,0.00141
1669916250,4,582,583,0,0,0,0.00141
1669916251,4,583,584,0,0,0,0.00141
1669916252,4,584,585,0,0,0,0.00141
1669916253,4,585,586,0,0,0,0.00141
1669916254,4,586,587,0,0,0,0.00141
1669916255,4,587,588,0,0,0,0.00141
1669916256,4,588,589,0,0,0,0.00141
1669916257,4,589,590,0,0,0,0.00141
1669916258,4,590,591,0,0,0,0.00141
1669916259,4,591,592,0,0,0,0.00141
1669916260,4,592,593,0,0,0,0.00141
1669916261,4,593,594,0,0,0,0.00141
1669916262,4,594,595,0,0,0,0.00141
1669916263,4,595,596,0,0,0,0.00141
1669916264,4,596,597,0,0,0,0.00141
1669916265,4,597,598,0,0,0,0.00141
1669916266,4,598,599,0,0,0,0.00141
1669916267,4,599,600,0,0,0,0.00141
1669916268,4,600,601,0,0,0,0.00141
1669916269,4,601,602,0,0,0,0.00141
1669916270,4,602,603,0,0,0,0.00141
1669916271,4,603,604,0,0,0,0.00141
1669916272,4,604,605,0,0,0,0.00141
1669916273,4,605,606,0,0,0,0.00141
1669916274,4,606,607,0.127,1.04,1,0.00283
1669916275,4,607,608,0,0,0,0.00283
1669916276,4,608,609,0,0,0,0.00283
1669916277,4,609,610,0,0,0,0.00283
1669916278,4,610,611,0,0,0,0.00283
1669916279,4,611,612,0,0,0,0.00283
1669916280,4,612,613,0,0,0,0.00283
1669916281,4,613,614,0,0,0,0.00283
1669916282,4,614,615,0,0,0,0.00283
1669916283,4,615,616,0,0,0,0.00283
1669916284,4,616,617,0,0,3,0.00283
1669916285,4,617,618,0,0,0,0.00283
1669916286,4,618,619,0,0,0,0.00283
1669916287,4,619,620,0,0,0,0.00283
1669916288,4,620,621,0,0,0,0.00283
1669916289,4,621,622,0,0,0,0.00283
1669916290,4,622,623,0,0,0,0.00283
1669916291,4,623,624,0,0,0,0.00283
1669916292,4,624,625,0,0,0,0.00283
1669916293,4,625,626,0.0636,0.521,3,0.00283
1669916294,4,626,627,0,0,0,0.00283
1669916295,4,627,628,0,0,0,0.00283
1669916296,4,628,629,0,0,0,0.00283
1669916297,4,629,630,0,0,0,0.00283
1669916298,4,630,631,0,0,0,0.00283
1669916299,4,631,632,0,0,0,0.00283
1669916300,4,632,633,0,0,0,0.00283
1669916301,4,633,634,0,0,0,0.00283
1669916302,4,634,635,0,0,3,0.00283
1669916303,4,635,636,0,0,0,0.00283
1669916304,4,636,637,0,0,0,0.00283
1669916305,4,637,638,0,0,0,0.00283
1669916306,4,638,639,0,0,0,0.00283
1669916307,4,639,640,0,0,0,0.00283
1669916308,4,640,641,0,0,0,0.00283
1669916309,4,641,642,0,0,0,0.00283
1669916310,4,642,643,0,0,0,0.00283
1669916311,4,643,644,0,0,1,0.00141
1669916312,4,644,645,0,0,2,0.00283
1669916313,4,645,646,0,0,0,0.00283
1669916314,4,646,647,0,0,0,0.00283
1669916315,4,647,648,0,0,0,0.00283
1669916316,4,648,649,0,0,0,0.00283
1669916317,4,649,650,0,0,0,0.00283
1669916318,4,650,651,0,0,0,0.00283
1669916319,4,651,652,0,0,0,0.00283
1669916320,4,652,653,0,0,1,0.00141
1669916321,4,653,654,0.0636,0.521,2,0.00283
1669916322,4,654,655,0,0,0,0.00283
1669916323,4,655,656,0,0,0,0.00283
1669916324,4,656,657,0,0,0,0.00283
1669916325,4,657,658,0,0,0,0.00283
1669916326,4,658,659,0,0,0,0.00283
1669916327,4,659,660,0,0,0,0.00283
1669916328,4,660,661,0,0,0,0.00283
1669916329,4,661,662,0,0,1,0.00141
1669916330,4,662,663,0,0,2,0.00283
1669916331,4,663,664,0,0,0,0.00283
1669916332,4,664,665,0,0,0,0.00283
1669916333,4,665,666,0,0,0,0.00283
1669916334,4,666,667,0,0,0,0.00283
1669916335,4,667,668,0,0,0,0.00283
1669916336,4,668,669,0,0,0,0.00283
1669916337,4,669,670,0,0,0,0.00283
1669916338,4,670,671,0,0,3,0.00283
1669916339,4,671,672,0,0,0,0.00283
1669916340,4,672,673,0,0,0,0.00283
1669916341,4,673,674,0,0,0,0.00283
1669916342,4,674,675,0,0,0,0.00283
1669916343,4,675,676,0,0,0,0.00283
1669916344,4,676,677,0,0,0,0.00283
1669916345,4,677,678,0,0,0,0.00283
1669916346,4,678,679,0,0,0,0.00283
1669916347,4,679,680,0.0636,0.521,3,0.00283
1669916348,4,680,681,0,0,0,0.00283
1669916349,4,681,682,0,0,0,0.00283
1669916350,4,682,683,0,0,0,0.00283
1669916351,4,683,684,0,0,0,0.00283
1669916352,4,684,685,0,0,0,0.00283
1669916353,4,685,686,0,0,0,0.00283
1669916354,4,686,687,0,0,0,0.00283
1669916355,4,687,688,0,0,7,0.00283
1669916356,4,688,689,0.127,1.04,19,0.00707
1669916357,4,689,690,0,0,14,0.0099
1669916358,4,690,691,0.0636,0.521,7,0.00566
1669916359,4,691,692,0,0,1,0.00566
1669916360,4,692,693,0,0,3,0.00283
1669916361,4,693,694,0,0,0,0.00283
1669916362,4,694,695,0,0,0,0.00283
1669916363,4,695,696,0,0,2,0.00283
1669916364,4,696,697,0.0636,0.521,0,0.00424
1669916365,4,697,698,0,0,0,0.00848
1669916366,4,698,699,0,0,9,0.00566
1669916367,4,699,700,0,0,1,0.00141
1669916368,4,700,701,0,0,3,0.00566
1669916369,4,701,702,0.0636,0.521,2,0.00141
1669916370,4,702,703,0,0,0,0.00141
1669916371,4,703,704.01,0,0,0,0.00141
1669916372,4,704.01,705,0,0,2,0.00283
1669916373,4,705,706,0,0,2,0.00283
1669916374,4,706,707,0,0,0,0.00283
1669916375,4,707,708,0,0,2,0.00283
1669916376,4,708,709,0,0,2,0.00283
1669916377,4,709,710,0,0,1,0.00141
1669916378,4,710,711,0,0,2,0.00424
1669916379,4,711,712,0.0636,0.521,0,0.00707
1669916380,4,712,713,0,0,1,0.00848
1669916381,4,713,714,0.0636,0.521,1,0.00566
1669916382,4,714,715,0,0,0,0.00848
1669916383,4,715,716,0.0636,0.521,0,0.0113
1669916384,4,716,717,0.0636,0.521,2,0.0113
1669916385,4,717,718,0,0,0,0.0141
1669916386,4,718,719,0,0,7,0.0127
1669916387,4,719,720,0.0636,0.521,0,0.0141
1669916388,4,720,721,0,0,0,0.0141
1669916389,4,721,722,0.0636,0.521,0,0.0156
1669916390,4,722,723,0.0636,0.522,0,0.0198
1669916391,4,723,724,0,0,0,0.0297
1669916392,4,724,725,0.0636,0.522,2,0.0368
1669916393,4,725,726,0.0636,0.521,3,0.0297
1669916394,4,726,727,0.0636,0.521,0,0.0368
1669916395,4,727,728,0,0,0,0.041
1669916396,4,728,729,0,0,1,0.0339
1669916397,4,729,730,0.0636,0.521,0,0.0311
1669916398,4,730,731,0.0636,0.521,0,0.0339
1669916399,4,731,732,0.0636,0.521,0,0.0354
1669916400,4,732,733,0,0,0,0.0368
1669916401,4,733,734,0,0,1,0.0255
1669916402,4,734,735,0.127,1.04,1,0.017
1669916403,4,735,736,0,0,1,0.0141
1669916404,4,736,737,0.0636,0.521,0,0.0156
1669916405,4,737,738,0.0636,0.521,1,0.0113
1669916406,4,738,739,0,0,1,0.0099
1669916407,4,739,740,0,0,0,0.0113
1669916408,4,740,741,0.0636,0.521,0,0.0141
1669916409,4,741,742,0,0,1,0.00141
1669916410,4,742,743,0,0,3,0.00141
1669916411,4,743,744,0,0,9,0.00283
1669916412,4,744,745,0,0,2,0.00141
1669916413,4,745,746,0,0,0,0.00283
1669916414,4,746,747,0,0,2,0.00283
1669916415,4,747,748,0,0,3,0.00141
1669916416,4,748,749,0,0,2,0.00283
1669916417,4,749,750,0,0,2,0.00283
1669916418,4,750,751,0,0,3,0.00283
1669916419,4,751,752,0,0,1,0.00424
1669916420,4,752,753,0.0636,0.521,2,0.00283
1669916421,4,753,754,0,0,2,0.00283
1669916422,4,754,755,0,0,0,0.00424
1669916423,4,755,756,0,0,3,0.00283
1669916424,4,756,757,0,0,2,0.00283
1669916425,4,757,758,0,0,3,0.00283
1669916426,4,758,759,0,0,1,0.00141
1669916427,4,759,760,0,0,2,0.00141
1669916428,4,760,761,0,0,1,0.00141
1669916429,4,761,762,0,0,1,0.00141
1669916430,4,762,763,0,0,0,0.00141
1669916431,4,763,764,0,0,1,0.00141
1669916432,4,764,765,0,0,0,0.00283
1669916433,4,765,766,0,0,0,0.00283
1669916434,4,766,767,0,0,1,0.00141
1669916435,4,767,768,0,0,0,0.00141
1669916436,4,768,769,0,0,1,0.00283
1669916437,4,769,770,0,0,0,0.00283
1669916438,4,770,771,0,0,1,0.00141
1669916439,4,771,772,0,0,0,0.00141
1669916440,4,772,773,0,0,1,0.00141
1669916441,4,773,774,0,0,0,0.00141
1669916442,4,774,775,0,0,0,0.00141
1669916443,4,775,776,0,0,0,0.00141
1669916444,4,776,777,0,0,0,0.00141
1669916445,4,777,778,0,0,1,0.00141
1669916446,4,778,779,0,0,0,0.00283
1669916447,4,779,780,0,0,3,0.00283
1669916448,4,780,781,0,0,3,0.00283
1669916449,4,781,782,0,0,1,0.00141
1669916450,4,782,783,0,0,0,0.00141
1669916451,4,783,784,0,0,0,0.00141
1669916452,4,784,785,0,0,1,0.00141
1669916453,4,785,786,0,0,0,0.00141
1669916454,4,786,787,0,0,0,0.00141
1669916455,4,787,788,0,0,0,0.00141
1669916456,4,788,789,0,0,1,0.00141
1669916457,4,789,790,0,0,0,0.00141
1669916458,4,790,791,0,0,0,0.00141
1669916459,4,791,792,0,0,0,0.00141
1669916460,4,792,793,0,0,0,0.00141
1669916461,4,793,794,0,0,0,0.00141
1669916462,4,794,795,0,0,0,0.00141
1669916463,4,795,796,0,0,0,0.00141
1669916464,4,796,797,0,0,0,0.00141
1669916465,4,797,798,0,0,1,0.00141
1669916466,4,798,799,0,0,0,0.00141
1669916467,4,799,800,0,0,0,0.00141
1669916468,4,800,801,0,0,0,0.00141
1669916469,4,801,802,0,0,0,0.00141
1669916470,4,802,803,0,0,0,0.00141
1669916471,4,803,804,0,0,0,0.00141
1669916472,4,804,805,0,0,0,0.00141
1669916473,4,805,806,0,0,0,0.00141
1669916474,4,806,807,0,0,0,0.00141
1669916475,4,807,808,0,0,0,0.00141
1669916476,4,808,809,0,0,0,0.00141
1669916477,4,809,810,0,0,0,0.00141
1669916478,4,810,811,0,0,0,0.00141
1669916479,4,811,812,0,0,0,0.00141
1669916480,4,812,813,0,0,0,0.00141
1669916481,4,813,814,0,0,0,0.00141
1669916482,4,814,815,0,0,0,0.00141
1669916483,4,815,816,0,0,1,0.00141
1669916484,4,816,817,0,0,0,0.00283
1669916485,4,817,818,0,0,3,0.00283
1669916486,4,818,819,0,0,3,0.00283
1669916487,4,819,820,0,0,0,0.00283
1669916488,4,820,821,0,0,2,0.00283
1669916489,4,821,822,0,0,2,0.00283
1669916490,4,822,823,0,0,1,0.00141
1669916491,4,823,824,0,0,1,0.00283
1669916492,4,824,825,0,0,2,0.00283
1669916493,4,825,826,0,0,2,0.00283
1669916494,4,826,827,0,0,2,0.00283
1669916495,4,827,828,0,0,2,0.00283
1669916496,4,828,829,0,0,2,0.00283
1669916497,4,829,830,0,0,2,0.00283
1669916498,4,830,831,0,0,2,0.00283
1669916499,4,831,832,0,0,2,0.00283
1669916500,4,832,833,0.0636,0.522,2,0.00283
1669916501,4,833,834,0,0,2,0.00283
1669916502,4,834,835,0,0,2,0.00283
1669916503,4,835,836,0,0,3,0.00141
1669916504,4,836,837,0,0,2,0.00141
1669916505,4,837,838,0,0,3,0.00283
1669916506,4,838,839,0,0,2,0.00283
1669916507,4,839,840,0,0,2,0.00283
1669916508,4,840,841,0,0,2,0.00283
1669916509,4,841,842,0,0,3,0.00141
1669916510,4,842,843,0,0,3,0.00283
1669916511,4,843,844,0,0,2,0.00283
1669916512,4,844,845,0,0,3,0.00141
1669916513,4,845,846,0,0,3,0.00283
1669916514,4,846,847,0,0,2,0.00283
1669916515,4,847,848,0,0,3,0.00141
1669916516,4,848,849,0,0,3,0.00283
1669916517,4,849,850,0,0,2,0.00283
1669916518,4,850,851,0,0,2,0.00283
1669916519,4,851,852,0,0,3,0.00141
1669916520,4,852,853,0,0,3,0.00283
1669916521,4,853,854,0,0,2,0.00283
1669916522,4,854,855,0,0,3,0.00141
1669916523,4,855,856,0,0,1,0.00283
1669916524,4,856,857,0,0,4,0.00283
1669916525,4,857,858,0,0,2,0.00141
1669916526,4,858,859,0,0,1,0.00141
1669916527,4,859,860,0,0,1,0.00283
1669916528,4,860,861,0,0,1,0.00141
1669916529,4,861,862,0,0,1,0.00283
1669916530,4,862,863,0,0,2,0.00283
1669916531,4,863,864,0,0,1,0.00141
1669916532,4,864,865,0,0,1,0.00141
1669916533,4,865,866,0,0,2,0.00283
1669916534,4,866,867,0.0636,0.521,2,0.00283
1669916535,4,867,868,0,0,2,0.00283
1669916536,4,868,869,0,0,0,0.00283
1669916537,4,869,870,0,0,1,0.00283
1669916538,4,870,871,0,0,1,0.00141
1669916539,4,871,872,0,0,1,0.00141
1669916540,4,872,873,0,0,0,0.00141
1669916541,4,873,874,0,0,0,0.00141
1669916542,4,874,875,0,0,1,0.00141
1669916543,4,875,876,0,0,0,0.00141
1669916544,4,876,877,0,0,0,0.00141
1669916545,4,877,878,0,0,0,0.00141
1669916546,4,878,879,0,0,0,0.00141
1669916547,4,879,880,0,0,0,0.00141
1669916548,4,880,881,0,0,1,0.00141
1669916549,4,881,882,0,0,0,0.00141
1669916550,4,882,883,0,0,0,0.00141
1669916551,4,883,884,0,0,0,0.00141
1669916552,4,884,885,0,0,0,0.00141
1669916553,4,885,886,0,0,0,0.00141
1669916554,4,886,887,0,0,0,0.00141
1669916555,4,887,888,0,0,0,0.00141
1669916556,4,888,889,0,0,0,0.00141
1669916557,4,889,890,0,0,0,0.00141
1669916558,4,890,891,0,0,0,0.00141
1669916559,4,891,892,0,0,0,0.00141
1669916560,4,892,893,0,0,1,0.00283
1669916561,4,893,894,0,0,4,0.00283
1669916562,4,894,895,0,0,1,0.00141
1669916563,4,895,896,0,0,0,0.00141
1669916564,4,896,897,0,0,3,0.00283
1669916565,4,897,898,0,0,3,0.00141
1669916566,4,898,899,0,0,3,0.00283
1669916567,4,899,900,0,0,1,0.00283
1669916568,4,900,901,0,0,3,0.00141
1669916569,4,901,902,0,0,3,0.00283
1669916570,4,902,903,0,0,2,0.00283
1669916571,4,903,904,0,0,2,0.00283
1669916572,4,904,905,0.0636,0.521,2,0.00283
1669916573,4,905,906,0,0,3,0.00283
1669916574,4,906,907,0,0,1,0.00283
1669916575,4,907,908,0,0,2,0.00283
1669916576,4,908,909,0,0,1,0.00424
1669916577,4,909,910,0,0,1,0.00424
1669916578,4,910,911,0.0636,0.521,2,0.00424
1669916579,4,911,912,0,0,1,0.00424
1669916580,4,912,913,0,0,1,0.00566
1669916581,4,913,914,0,0,1,0.00283
1669916582,4,914,915,0,0,0,0.00283
1669916583,4,915,916,0,0,2,0.00283
1669916584,4,916,917,0,0,2,0.00283
1669916585,4,917,918,0,0,2,0.00283
1669916586,4,918,919,0,0,2,0.00283
1669916587,4,919,920,0.0636,0.521,2,0.00283
1669916588,4,920,921,0,0,1,0.00141
1669916589,4,921,922,0,0,2,0.00283
1669916590,4,922,923,0,0,1,0.00283
1669916591,4,923,924,0,0,2,0.00283
1669916592,4,924,925,0,0,1,0.00141
1669916593,4,925,926,0,0,1,0.00283
1669916594,4,926,927,0,0,2,0.00424
1669916595,4,927,928,0,0,2,0.00283
1669916596,4,928,929,0,0,1,0.00141
1669916597,4,929,930,0,0,2,0.00283
1669916598,4,930,931,0,0,1,0.00141
1669916599,4,931,932,0,0,1,0.00141
1669916600,4,932,933,0,0,1,0.00283
1669916601,4,933,934,0,0,1,0.00141
1669916602,4,934,935,0,0,0,0.00283
1669916603,4,935,936,0,0,3,0.00283
1669916604,4,936,937,0,0,0,0.00283
1669916605,4,937,938,0,0,3,0.00283
1669916606,4,938,939,0,0,2,0.00283
1669916607,4,939,940,0,0,2,0.00283
1669916608,4,940,941,0,0,0,0.00283
1669916609,4,941,942,0,0,1,0.00283
1669916610,4,942,943,0,0,2,0.00283
1669916611,4,943,944,0,0,2,0.00283
1669916612,4,944,945,0,0,0,0.00283
1669916613,4,945,946,0,0,1,0.00283
1669916614,4,946,947,0,0,4,0.00283
1669916615,4,947,948,0.0636,0.522,2,0.00283
1669916616,4,948,949,0,0,2,0.00283
1669916617,4,949,950,0,0,1,0.00141
1669916618,4,950,951,0,0,2,0.00141
1669916619,4,951,952,0,0,2,0.00141
1669916620,4,952,953,0,0,2,0.00141
1669916621,4,953,954,0,0,3,0.00283
1669916622,4,954,955,0,0,2,0.00283
1669916623,4,955,956,0,0,2,0.00283
1669916624,4,956,957,0,0,2,0.00283
1669916625,4,957,958,0,0,2,0.00283
1669916626,4,958,959,0,0,3,0.00141
1669916627,4,959,960,0,0,2,0.00141
1669916628,4,960,961,0,0,3,0.00283
1669916629,4,961,962,0,0,2,0.00283
1669916630,4,962,963,0,0,3,0.00141
1669916631,4,963,964,0,0,3,0.00283
1669916632,4,964,965,0,0,2,0.00283
1669916633,4,965,966,0,0,2,0.00283
1669916634,4,966,967,0,0,3,0.00141
1669916635,4,967,968,0,0,3,0.00283
1669916636,4,968,969,0,0,2,0.00283
1669916637,4,969,970,0,0,3,0.00141
1669916638,4,970,971,0,0,1,0.00283
1669916639,4,971,972,0,0,4,0.00283
1669916640,4,972,973,0,0,1,0.00141
1669916641,4,973,974,0,0,1,0.00141
1669916642,4,974,975,0,0,0,0.00141
1669916643,4,975,976,0,0,1,0.00141
1669916644,4,976,977,0,0,0,0.00141
1669916645,4,977,978,0,0,0,0.00141
1669916646,4,978,979,0,0,1,0.00141
1669916647,4,979,980,0,0,0,0.00141
1669916648,4,980,981,0,0,0,0.00141
1669916649,4,981,982,0,0,0,0.00141
1669916650,4,982,983,0,0,0,0.00141
1669916651,4,983,984,0,0,0,0.00141
1669916652,4,984,985,0,0,0,0.00141
1669916653,4,985,986,0,0,1,0.00141
1669916654,4,986,987,0,0,0,0.00141
1669916655,4,987,988,0,0,0,0.00141
1669916656,4,988,989,0,0,0,0.00141
1669916657,4,989,990,0,0,0,0.00141
1669916658,4,990,991,0,0,0,0.00141
1669916659,4,991,992,0,0,0,0.00141
1669916660,4,992,993,0,0,0,0.00141
1669916661,4,993,994,0,0,0,0.00141
1669916662,4,994,995,0,0,0,0.00141
1669916663,4,995,996,0,0,0,0.00141
1669916664,4,996,997,0,0,0,0.00141
1669916665,4,997,998,0,0,0,0.00141
1669916666,4,998,999,0,0,0,0.00141
1669916667,4,999,1000,0,0,0,0.00141
1669916668,4,1000,1001,0,0,1,0.00141
1669916669,4,1001,1002,0,0,0,0.00141
1669916670,4,1002,1003,0,0,0,0.00141
1669916671,4,1003,1004,0,0,0,0.00141
1669916672,4,1004,1005,0,0,0,0.00141
1669916673,4,1005,1006,0,0,0,0.00141
1669916674,4,1006,1007,0,0,0,0.00141
1669916675,4,1007,1008,0,0,0,0.00141
1669916676,4,1008,1009,0,0,0,0.00141
1669916677,4,1009,1010,0,0,0,0.00141
1669916678,4,1010,1011,0,0,0,0.00141
1669916679,4,1011,1012,0,0,0,0.00141
1669916680,4,1012,1013,0,0,0,0.00141
1669916681,4,1013,1014,0,0,0,0.00141
1669916682,4,1014,1015,0,0,0,0.00141
1669916683,4,1015,1016,0,0,0,0.00141
1669916684,4,1016,1017,0,0,0,0.00141
1669916685,4,1017,1018,0,0,0,0.00141
1669916686,4,1018,1019,0,0,0,0.00141
1669916687,4,1019,1020,0,0,0,0.00141
1669916688,4,1020,1021,0,0,0,0.00141
1669916689,4,1021,1022,0,0,0,0.00141
1669916690,4,1022,1023,0,0,0,0.00141
1669916691,4,1023,1024,0,0,0,0.00141
1669916692,4,1024,1025,0,0,0,0.00141
1669916693,4,1025,1026,0,0,0,0.00141
1669916694,4,1026,1027,0,0,0,0.00141
1669916695,4,1027,1028,0,0,0,0.00141
1669916696,4,1028,1029,0,0,1,0.00283
1669916697,4,1029,1030,0,0,3,0.00283
1669916698,4,1030,1031,0,0,2,0.00141
1669916699,4,1031,1032,0,0,1,0.00141
1669916700,4,1032,1033,0,0,2,0.00283
1669916701,4,1033,1034,0,0,3,0.00141
1669916702,4,1034,1035,0.0636,0.521,4,0.00141
1669916703,4,1035,1036,0,0,4,0.00141
1669916704,4,1036,1037,0,0,3,0.00283
1669916705,4,1037,1038,0,0,3,0.00141
1669916706,4,1038,1039,0,0,1,0.00141
1669916707,4,1039,1040,0,0,1,0.00141
1669916708,4,1040,1041,0,0,1,0.00283
1669916709,4,1041,1042,0,0,1,0.00566
1669916710,4,1042,1043,0,0,3,0.00283
1669916711,4,1043,1044,0,0,1,0.00141
1669916712,4,1044,1045,0,0,1,0.00283
1669916713,4,1045,1046,0,0,2,0.00283
1669916714,4,1046,1047,0,0,2,0.00283
1669916715,4,1047,1048,0,0,2,0.00283
1669916716,4,1048,1049,0,0,2,0.00283
1669916717,4,1049,1050,0,0,2,0.00283
1669916718,4,1050,1051,0,0,2,0.00283
1669916719,4,1051,1052,0.0636,0.521,3,0.00141
1669916720,4,1052,1053,0,0,2,0.00141
1669916721,4,1053,1054,0,0,1,0.00141
1669916722,4,1054,1055,0,0,3,0.00283
1669916723,4,1055,1056,0,0,2,0.00283
1669916724,4,1056,1057,0,0,2,0.00283
1669916725,4,1057,1058,0,0,2,0.00283
1669916726,4,1058,1059,0,0,2,0.00283
1669916727,4,1059,1060,0,0,3,0.00141
1669916728,4,1060,1061,0,0,2,0.00283
1669916729,4,1061,1062,0,0,2,0.00283
1669916730,4,1062,1063,0,0,1,0.00141
1669916731,4,1063,1064,0,0,1,0.00141
1669916732,4,1064,1065,0,0,0,0.00141
1669916733,4,1065,1066,0,0,1,0.00141
1669916734,4,1066,1067,0,0,2,0.00141
1669916735,4,1067,1068,0,0,1,0.00141
1669916736,4,1068,1069,0,0,3,0.00283
1669916737,4,1069,1070,0,0,2,0.00283
1669916738,4,1070,1071,0,0,2,0.00283
1669916739,4,1071,1072,0,0,3,0.00141
1669916740,4,1072,1073,0,0,2,0.00283
1669916741,4,1073,1074,0,0,0,0.00424
1669916742,4,1074,1075,0,0,1,0.00141
1669916743,4,1075,1076,0,0,1,0.00141
1669916744,4,1076,1077,0,0,0,0.00141
1669916745,4,1077,1078,0,0,1,0.00141
1669916746,4,1078,1079,0,0,0,0.00141
1669916747,4,1079,1080,0,0,0,0.00141
1669916748,4,1080,1081,0,0,0,0.00141
1669916749,4,1081,1082,0,0,0,0.00141
1669916750,4,1082,1083,0,0,0,0.00141
1669916751,4,1083,1084,0,0,1,0.00141
1669916752,4,1084,1085,0,0,0,0.00141
1669916753,4,1085,1086,0,0,0,0.00141
1669916754,4,1086,1087,0,0,0,0.00141
1669916755,4,1087,1088,0,0,0,0.00141
1669916756,4,1088,1089,0,0,0,0.00141
1669916757,4,1089,1090,0,0,0,0.00141
1669916758,4,1090,1091,0,0,0,0.00141
1669916759,4,1091,1092,0,0,0,0.00141
1669916760,4,1092,1093,0,0,1,0.00141
1669916761,4,1093,1094,0,0,0,0.00141
1669916762,4,1094,1095,0,0,0,0.00141
1669916763,4,1095,1096,0,0,0,0.00141
1669916764,4,1096,1097,0,0,0,0.00141
1669916765,4,1097,1098,0,0,0,0.00141
1669916766,4,1098,1099,0,0,0,0.00141
1669916767,4,1099,1100,0,0,0,0.00141
1669916768,4,1100,1101,0,0,0,0.00141
1669916769,4,1101,1102,0,0,0,0.00141
1669916770,4,1102,1103,0,0,0,0.00141
1669916771,4,1103,1104,0,0,0,0.00141
1669916772,4,1104,1105,0,0,0,0.00141
1669916773,4,1105,1106,0,0,0,0.00141
1669916774,4,1106,1107,0,0,0,0.00141
1669916775,4,1107,1108,0,0,0,0.00141
1669916776,4,1108,1109,0,0,0,0.00141
1669916777,4,1109,1110,0,0,0,0.00141
1669916778,4,1110,1111,0,0,0,0.00141
1669916779,4,1111,1112,0,0,0,0.00141
1669916780,4,1112,1113,0,0,1,0.00141
1669916781,4,1113,1114,0,0,0,0.00141
1669916782,4,1114,1115,0,0,0,0.00141
1669916783,4,1115,1116,0,0,0,0.00141
1669916784,4,1116,1117,0,0,0,0.00141
1669916785,4,1117,1118,0,0,0,0.00141
1669916786,4,1118,1119,0,0,0,0.00141
1669916787,4,1119,1120,0,0,0,0.00141
1669916788,4,1120,1121,0,0,0,0.00141
1669916789,4,1121,1122,0,0,0,0.00141
1669916790,4,1122,1123,0,0,0,0.00141
1669916791,4,1123,1124,0,0,0,0.00141
1669916792,4,1124,1125,0,0,0,0.00141
1669916793,4,1125,1126,0,0,0,0.00141
1669916794,4,1126,1127,0,0,0,0.00141
1669916795,4,1127,1128,0,0,0,0.00141
1669916796,4,1128,1129,0,0,0,0.00141
1669916797,4,1129,1130,0,0,0,0.00141
1669916798,4,1130,1131,0,0,0,0.00141
1669916799,4,1131,1132,0,0,0,0.00141
1669916800,4,1132,1133,0,0,0,0.00141
1669916801,4,1133,1134,0,0,0,0.00141
1669916802,4,1134,1135,0,0,0,0.00141
1669916803,4,1135,1136,0,0,0,0.00141
1669916804,4,1136,1137,0,0,0,0.00141
1669916805,4,1137,1138,0,0,0,0.00141
1669916806,4,1138,1139,0,0,0,0.00141
1669916807,4,1139,1140,0,0,0,0.00141
1669916808,4,1140,1141,0,0,0,0.00141
1669916809,4,1141,1142,0,0,0,0.00141
1669916810,4,1142,1143,0,0,0,0.00141
1669916811,4,1143,1144,0,0,0,0.00141
1669916812,4,1144,1145,0,0,0,0.00141
1669916813,4,1145,1146,0,0,0,0.00141
1669916814,4,1146,1147,0,0,0,0.00141
1669916815,4,1147,1148,0,0,0,0.00141
1669916816,4,1148,1149,0,0,0,0.00141
1669916817,4,1149,1150,0,0,0,0.00141
1669916818,4,1150,1151,0,0,0,0.00141
1669916819,4,1151,1152,0,0,2,0.00141
1669916820,4,1152,1153,0.0636,0.521,5,0.00283
1669916821,4,1153,1154,0,0,3,0.00283
1669916822,4,1154,1155,0,0,4,0.00283
1669916823,4,1155,1156,0,0,2,0.00283
1669916824,4,1156,1157,0,0,4,0.00283
1669916825,4,1157,1158,0,0,3,0.00141
1669916826,4,1158,1159,0,0,3,0.00283
1669916827,4,1159,1160,0,0,3,0.00141
1669916828,4,1160,1161,0,0,1,0.00141
1669916829,4,1161,1162,0,0,0,0.00141
1669916830,4,1162,1163,0,0,1,0.00141
1669916831,4,1163,1164,0,0,0,0.00141
1669916832,4,1164,1165,0,0,0,0.00141
1669916833,4,1165,1166,0,0,1,0.00141
1669916834,4,1166,1167,0,0,0,0.00141
1669916835,4,1167,1168,0,0,0,0.00141
1669916836,4,1168,1169,0,0,0,0.00141
1669916837,4,1169,1170,0,0,0,0.00141
1669916838,4,1170,1171,0,0,0,0.00141
1669916839,4,1171,1172,0,0,0,0.00141
1669916840,4,1172,1173,0,0,1,0.00141
1669916841,4,1173,1174,0,0,0,0.00141
1669916842,4,1174,1175,0,0,0,0.00141
1669916843,4,1175,1176,0,0,0,0.00141
1669916844,4,1176,1177,0,0,0,0.00141
1669916845,4,1177,1178,0,0,0,0.00141
1669916846,4,1178,1179,0,0,0,0.00141
1669916847,4,1179,1180,0,0,0,0.00141
1669916848,4,1180,1181,0,0,0,0.00141
1669916849,4,1181,1182,0,0,0,0.00141
1669916850,4,1182,1183,0,0,0,0.00141
1669916851,4,1183,1184,0,0,0,0.00141
1669916852,4,1184,1185,0,0,0,0.00141
1669916853,4,1185,1186,0,0,1,0.00141
1669916854,4,1186,1187,0,0,0,0.00141
1669916855,4,1187,1188,0,0,0,0.00141
1669916856,4,1188,1189,0,0,0,0.00141
1669916857,4,1189,1190,0,0,0,0.00141
1669916858,4,1190,1191,0,0,0,0.00141
1669916859,4,1191,1192,0,0,0,0.00141
1669916860,4,1192,1193,0,0,0,0.00141
1669916861,4,1193,1194,0,0,0,0.00141
1669916862,4,1194,1195,0,0,0,0.00141
1669916863,4,1195,1196,0,0,0,0.00141
1669916864,4,1196,1197,0,0,0,0.00141
1669916865,4,1197,1198,0,0,0,0.00141
1669916866,4,1198,1199,0,0,0,0.00141
1669916867,4,1199,1200,0,0,0,0.00141
1669916868,4,1200,1201,0,0,0,0.00141
1669916869,4,1201,1202,0,0,0,0.00141
1669916870,4,1202,1203,0,0,0,0.00141
1669916871,4,1203,1204,0,0,0,0.00141
1669916872,4,1204,1205,0,0,0,0.00141
1669916873,4,1205,1206,0,0,0,0.00141
1669916874,4,1206,1207,0,0,0,0.00141
1669916875,4,1207,1208,0,0,0,0.00141
1669916876,4,1208,1209,0,0,0,0.00141
1669916877,4,1209,1210,0,0,0,0.00141
1669916878,4,1210,1211,0,0,0,0.00141
1669916879,4,1211,1212,0,0,1,0.00141
1669916880,4,1212,1213,0,0,0,0.00141
1669916881,4,1213,1214,0,0,0,0.00141
1669916882,4,1214,1215,0,0,0,0.00141
1669916883,4,1215,1216,0,0,0,0.00141
1669916884,4,1216,1217,0,0,0,0.00141
1669916885,4,1217,1218,0,0,0,0.00141
1669916886,4,1218,1219,0,0,0,0.00141
1669916887,4,1219,1220,0,0,0,0.00141
1669916888,4,1220,1221,0,0,0,0.00141
1669916889,4,1221,1222,0,0,0,0.00141
1669916890,4,1222,1223,0,0,0,0.00141
1669916891,4,1223,1224,0,0,0,0.00141
1669916892,4,1224,1225,0,0,0,0.00141
1669916893,4,1225,1226,0,0,0,0.00141
1669916894,4,1226,1227,0,0,0,0.00141
1669916895,4,1227,1228,0,0,0,0.00141
1669916896,4,1228,1229,0,0,0,0.00141
1669916897,4,1229,1230,0,0,0,0.00141
1669916898,4,1230,1231,0,0,0,0.00141
1669916899,4,1231,1232,0,0,0,0.00141
1669916900,4,1232,1233,0,0,0,0.00141
1669916901,4,1233,1234,0,0,0,0.00141
1669916902,4,1234,1235,0,0,0,0.00141
1669916903,4,1235,1236,0,0,0,0.00141
1669916904,4,1236,1237,0,0,0,0.00141
1669916905,4,1237,1238,0,0,0,0.00141
1669916906,4,1238,1239,0,0,0,0.00141
1669916907,4,1239,1240,0,0,0,0.00141
1669916908,4,1240,1241,0,0,0,0.00141
1669916909,4,1241,1242,0,0,0,0.00141
1669916910,4,1242,1243,0,0,0,0.00141
1669916911,4,1243,1244,0,0,0,0.00141
1669916912,4,1244,1245,0,0,0,0.00141
1669916913,4,1245,1246,0,0,0,0.00141
1669916914,4,1246,1247,0,0,0,0.00141
1669916915,4,1247,1248,0,0,0,0.00141
1669916916,4,1248,1249,0,0,0,0.00141
1669916917,4,1249,1250,0,0,0,0.00141
1669916918,4,1250,1251,0,0,0,0.00141
1669916919,4,1251,1252,0,0,0,0.00141
1669916920,4,1252,1253,0,0,0,0.00141
1669916921,4,1253,1254,0,0,0,0.00141
1669916922,4,1254,1255,0,0,0,0.00141
1669916923,4,1255,1256,0,0,0,0.00141
1669916924,4,1256,1257,0,0,0,0.00141
1669916925,4,1257,1258,0,0,0,0.00141
1669916926,4,1258,1259,0,0,0,0.00141
1669916927,4,1259,1260,0,0,0,0.00141
1669916928,4,1260,1261,0,0,0,0.00141
1669916929,4,1261,1262,0,0,0,0.00141
1669916930,4,1262,1263,0,0,0,0.00141
1669916931,4,1263,1264,0,0,0,0.00141
1669916932,4,1264,1265,0,0,0,0.00141
1669916933,4,1265,1266,0,0,1,0.00141
1669916934,4,1266,1267,0,0,0,0.00141
1669916935,4,1267,1268,0,0,0,0.00141
1669916936,4,1268,1269,0,0,0,0.00141
1669916937,4,1269,1270,0,0,0,0.00141
1669916938,4,1270,1271,0,0,0,0.00141
1669916939,4,1271,1272,0,0,0,0.00141
1669916940,4,1272,1273,0,0,0,0.00141
1669916941,4,1273,1274,0,0,0,0.00141
1669916942,4,1274,1275,0,0,0,0.00141
1669916943,4,1275,1276,0,0,0,0.00141
1669916944,4,1276,1277,0,0,0,0.00141
1669916945,4,1277,1278,0,0,0,0.00141
1669916946,4,1278,1279,0,0,0,0.00141
1669916947,4,1279,1280,0,0,0,0.00141
1669916948,4,1280,1281,0,0,0,0.00141
1669916949,4,1281,1282,0,0,0,0.00141
1669916950,4,1282,1283,0,0,0,0.00141
1669916951,4,1283,1284,0,0,0,0.00141
1669916952,4,1284,1285,0,0,0,0.00141
1669916953,4,1285,1286,0,0,0,0.00141
1669916954,4,1286,1287,0,0,0,0.00141
1669916955,4,1287,1288,0,0,0,0.00141
1669916956,4,1288,1289,0,0,0,0.00141
1669916957,4,1289,1290,0,0,0,0.00141
1669916958,4,1290,1291,0,0,0,0.00141
1669916959,4,1291,1292,0,0,0,0.00141
1669916960,4,1292,1293,0,0,0,0.00141
1669916961,4,1293,1294,0,0,0,0.00141
1669916962,4,1294,1295,0,0,0,0.00141
1669916963,4,1295,1296,0,0,0,0.00141
1669916964,4,1296,1297,0,0,0,0.00141
1669916965,4,1297,1298,0,0,0,0.00141
1669916966,4,1298,1299,0,0,0,0.00141
1669916967,4,1299,1300,0,0,0,0.00141
1669916968,4,1300,1301,0,0,0,0.00141
1669916969,4,1301,1302,0,0,0,0.00141
1669916970,4,1302,1303,0,0,0,0.00141
1669916971,4,1303,1304,0,0,0,0.00141
1669916972,4,1304,1305,0,0,0,0.00141
1669916973,4,1305,1306,0,0,0,0.00141
1669916974,4,1306,1307,0,0,0,0.00141
1669916975,4,1307,1308,0,0,0,0.00141
1669916976,4,1308,1309,0,0,0,0.00141
1669916977,4,1309,1310,0,0,0,0.00141
1669916978,4,1310,1311,0,0,0,0.00141
1669916979,4,1311,1312,0,0,0,0.00141
1669916980,4,1312,1313,0,0,0,0.00141
1669916981,4,1313,1314,0,0,0,0.00141
1669916982,4,1314,1315,0,0,0,0.00141
1669916983,4,1315,1316,0,0,0,0.00141
1669916984,4,1316,1317,0,0,0,0.00141
1669916985,4,1317,1318,0,0,0,0.00141
1669916986,4,1318,1319,0,0,0,0.00141
1669916987,4,1319,1320,0,0,0,0.00141
1669916988,4,1320,1321,0,0,0,0.00141
1669916989,4,1321,1322,0,0,0,0.00141
1669916990,4,1322,1323,0,0,0,0.00141
1669916991,4,1323,1324,0,0,0,0.00141
1669916992,4,1324,1325,0,0,0,0.00141
1669916993,4,1325,1326,0,0,0,0.00141
1669916994,4,1326,1327,0,0,0,0.00141
1669916995,4,1327,1328,0,0,0,0.00141
1669916996,4,1328,1329,0,0,0,0.00141
1669916997,4,1329,1330,0,0,0,0.00141
1669916998,4,1330,1331,0,0,0,0.00141
1669916999,4,1331,1332,0,0,0,0.00141
1669917000,4,1332,1333,0,0,0,0.00141
1669917001,4,1333,1334,0,0,0,0.00141
1669917002,4,1334,1335,0,0,0,0.00141
1669917003,4,1335,1336,0,0,0,0.00141
1669917004,4,1336,1337,0,0,0,0.00141
1669917005,4,1337,1338,0,0,0,0.00141
1669917006,4,1338,1339,0,0,0,0.00141
1669917007,4,1339,1340,0,0,0,0.00141
1669917008,4,1340,1341,0,0,0,0.00141
1669917009,4,1341,1342,0,0,0,0.00141
1669917010,4,1342,1343,0,0,0,0.00141
1669917011,4,1343,1344,0,0,0,0.00141
1669917012,4,1344,1345,0,0,0,0.00141
1669917013,4,1345,1346,0,0,0,0.00141
1669917014,4,1346,1347,0,0,0,0.00141
1669917015,4,1347,1348,0,0,0,0.00141
1669917016,4,1348,1349,0,0,0,0.00141
1669917017,4,1349,1350,0,0,0,0.00141
1669917018,4,1350,1351,0,0,0,0.00141
1669917019,4,1351,1352,0,0,0,0.00141
1669917020,4,1352,1353,0,0,0,0.00141
1669917021,4,1353,1354,0,0,0,0.00141
1669917022,4,1354,1355,0,0,0,0.00141
1669917023,4,1355,1356,0,0,0,0.00141
1669917024,4,1356,1357,0,0,0,0.00141
1669917025,4,1357,1358,0,0,0,0.00141
1669917026,4,1358,1359,0,0,0,0.00141
1669917027,4,1359,1360,0,0,0,0.00141
1669917028,4,1360,1361,0,0,0,0.00141
1669917029,4,1361,1362,0,0,0,0.00141
1669917030,4,1362,1363,0,0,0,0.00141
1669917031,4,1363,1364,0,0,0,0.00141
1669917032,4,1364,1365,0,0,0,0.00141
1669917033,4,1365,1366,0,0,0,0.00141
1669917034,4,1366,1367,0,0,0,0.00141
1669917035,4,1367,1368,0,0,0,0.00141
1669917036,4,1368,1369,0,0,0,0.00141
1669917037,4,1369,1370,0,0,0,0.00141
1669917038,4,1370,1371,0,0,0,0.00141
1669917039,4,1371,1372,0,0,0,0.00141
1669917040,4,1372,1373,0,0,1,0.00141
1669917041,4,1373,1374,0,0,0,0.00141
1669917042,4,1374,1375,0,0,0,0.00141
1669917043,4,1375,1376,0,0,0,0.00141
1669917044,4,1376,1377,0,0,0,0.00141
1669917045,4,1377,1378,0,0,0,0.00141
1669917046,4,1378,1379,0,0,0,0.00141
1669917047,4,1379,1380,0,0,0,0.00141
1669917048,4,1380,1381,0,0,0,0.00141
1669917049,4,1381,1382,0,0,0,0.00141
1669917050,4,1382,1383,0,0,0,0.00141
1669917051,4,1383,1384,0,0,0,0.00141
1669917052,4,1384,1385,0,0,0,0.00141
1669917053,4,1385,1386,0,0,0,0.00141
1669917054,4,1386,1387,0,0,0,0.00141
1669917055,4,1387,1388,0,0,0,0.00141
1669917056,4,1388,1389,0,0,0,0.00141
1669917057,4,1389,1390,0,0,0,0.00141
1669917058,4,1390,1391,0,0,0,0.00141
1669917059,4,1391,1392,0,0,0,0.00141
1669917060,4,1392,1393,0,0,0,0.00141
1669917061,4,1393,1394,0,0,0,0.00141
1669917062,4,1394,1395,0,0,0,0.00141
1669917063,4,1395,1396,0,0,0,0.00141
1669917064,4,1396,1397,0,0,0,0.00141
1669917065,4,1397,1398,0,0,0,0.00141
1669917066,4,1398,1399,0,0,0,0.00141
1669917067,4,1399,1400,0,0,0,0.00141
1669917068,4,1400,1401,0,0,0,0.00141
1669917069,4,1401,1402,0,0,0,0.00141
1669917070,4,1402,1403,0,0,0,0.00141
1669917071,4,1403,1404,0,0,0,0.00141
1669917072,4,1404,1405,0,0,0,0.00141
1669917073,4,1405,1406,0,0,0,0.00141
1669917074,4,1406,1407,0,0,0,0.00141
1669917075,4,1407,1408,0,0,0,0.00141
1669917076,4,1408,1409,0,0,0,0.00141
1669917077,4,1409,1410,0,0,0,0.00141
1669917078,4,1410,1411,0,0,0,0.00141
1669917079,4,1411,1412,0,0,0,0.00141
1669917080,4,1412,1413,0,0,0,0.00141
1669917081,4,1413,1414,0,0,0,0.00141
1669917082,4,1414,1415,0,0,0,0.00141
1669917083,4,1415,1416,0,0,0,0.00141
1669917084,4,1416,1417,0,0,0,0.00141
1669917085,4,1417,1418,0,0,0,0.00141
1669917086,4,1418,1419,0,0,0,0.00141
1669917087,4,1419,1420,0,0,0,0.00141
1669917088,4,1420,1421,0,0,0,0.00141
1669917089,4,1421,1422,0,0,0,0.00141
1669917090,4,1422,1423,0,0,0,0.00141
1669917091,4,1423,1424,0,0,0,0.00141
1669917092,4,1424,1425,0,0,0,0.00141
1669917093,4,1425,1426,0,0,0,0.00141
1669917094,4,1426,1427,0,0,0,0.00141
1669917095,4,1427,1428,0,0,0,0.00141
1669917096,4,1428,1429,0,0,0,0.00141
1669917097,4,1429,1430,0,0,0,0.00141
1669917098,4,1430,1431,0,0,0,0.00141
1669917099,4,1431,1432,0,0,0,0.00141
1669917100,4,1432,1433,0,0,0,0.00141
1669917101,4,1433,1434,0,0,0,0.00141
1669917102,4,1434,1435,0,0,0,0.00141
1669917103,4,1435,1436,0,0,0,0.00141
1669917104,4,1436,1437,0,0,0,0.00141
1669917105,4,1437,1438,0,0,0,0.00141
1669917106,4,1438,1439,0,0,0,0.00141
1669917107,4,1439,1440,0,0,0,0.00141
1669917108,4,1440,1441,0,0,0,0.00141
1669917109,4,1441,1442,0,0,0,0.00141
1669917110,4,1442,1443,0,0,0,0.00141
1669917111,4,1443,1444,0,0,0,0.00141
1669917112,4,1444,1445,0,0,0,0.00141
1669917113,4,1445,1446,0,0,0,0.00141
1669917114,4,1446,1447,0,0,0,0.00141
1669917115,4,1447,1448,0,0,0,0.00141
1669917116,4,1448,1449,0,0,0,0.00141
1669917117,4,1449,1450,0,0,0,0.00141
1669917118,4,1450,1451,0,0,0,0.00141
1669917119,4,1451,1452,0,0,0,0.00141
1669917120,4,1452,1453,0,0,0,0.00141
1669917121,4,1453,1454,0,0,0,0.00141
1669917122,4,1454,1455,0,0,0,0.00141
1669917123,4,1455,1456,0,0,0,0.00141
1669917124,4,1456,1457,0,0,0,0.00141
1669917125,4,1457,1458,0,0,0,0.00141
1669917126,4,1458,1459,0,0,0,0.00141
1669917127,4,1459,1460,0,0,0,0.00141
1669917128,4,1460,1461,0,0,0,0.00141
1669917129,4,1461,1462,0,0,0,0.00141
1669917130,4,1462,1463,0,0,0,0.00141
1669917131,4,1463,1464,0,0,0,0.00141
1669917132,4,1464,1465,0,0,0,0.00141
1669917133,4,1465,1466,0,0,0,0.00141
1669917134,4,1466,1467,0,0,0,0.00141
1669917135,4,1467,1468,0,0,0,0.00141
1669917136,4,1468,1469,0,0,0,0.00141
1669917137,4,1469,1470,0,0,0,0.00141
1669917138,4,1470,1471,0,0,0,0.00141
1669917139,4,1471,1472,0,0,0,0.00141
1669917140,4,1472,1473,0,0,0,0.00141
1669917141,4,1473,1474,0,0,0,0.00141
1669917142,4,1474,1475,0,0,0,0.00141
1669917143,4,1475,1476,0,0,0,0.00141
1669917144,4,1476,1477,0,0,0,0.00141
1669917145,4,1477,1478,0,0,0,0.00141
1669917146,4,1478,1479,0,0,0,0.00141
1669917147,4,1479,1480,0,0,0,0.00141
1669917148,4,1480,1481,0,0,0,0.00141
1669917149,4,1481,1482,0,0,0,0.00141
1669917150,4,1482,1483,0,0,0,0.00141
1669917151,4,1483,1484,0,0,0,0.00141
1669917152,4,1484,1485,0,0,0,0.00141
1669917153,4,1485,1486,0,0,0,0.00141
1669917154,4,1486,1487,0,0,0,0.00141
1669917155,4,1487,1488,0,0,0,0.00141
1669917156,4,1488,1489,0,0,0,0.00141
1669917157,4,1489,1490,0,0,0,0.00141
1669917158,4,1490,1491,0,0,0,0.00141
1669917159,4,1491,1492,0,0,0,0.00141
1669917160,4,1492,1493,0,0,0,0.00141
1669917161,4,1493,1494,0,0,0,0.00141
1669917162,4,1494,1495,0,0,0,0.00141
1669917163,4,1495,1496,0,0,1,0.00283
1669917164,4,1496,1497,0,0,2,0.00141
1669917165,4,1497,1498,0,0,1,0.00283
1669917166,4,1498,1499,0,0,2,0.00141
1669917167,4,1499,1500,0,0,3,0.00283
1669917168,4,1500,1501,0,0,2,0.00283
1669917169,4,1501,1502,0,0,2,0.00141
1669917170,4,1502,1503,0,0,2,0.00283
1669917171,4,1503,1504,0,0,2,0.00283
1669917172,4,1504,1505,0.0636,0.521,1,0.00283
1669917173,4,1505,1506,0,0,2,0.00283
1669917174,4,1506,1507,0,0,3,0.00283
1669917175,4,1507,1508,0,0,1,0.00141
1669917176,4,1508,1509,0,0,5,0.00283
1669917177,4,1509,1510,0,0,1,0.00141
1669917178,4,1510,1511,0.0636,0.521,2,0.00424
1669917179,4,1511,1512,0,0,5,0.00283
1669917180,4,1512,1513,0,0,0,0.00707
1669917181,4,1513,1514,0,0,4,0.00424
1669917182,4,1514,1515,0,0,0,0.00566
1669917183,4,1515,1516,0,0,4,0.00283
1669917184,4,1516,1517,0.0636,0.521,2,0.00283
1669917185,4,1517,1518,0,0,1,0.00707
1669917186,4,1518,1519,0.0636,0.521,0,0.0113
1669917187,4,1519,1520,0.127,1.04,0,0.017
1669917188,4,1520,1521,0.127,1.04,0,0.024
1669917189,4,1521,1522,0.255,2.08,0,0.0297
1669917190,4,1522,1523,0.191,1.56,0,0.0424
1669917191,4,1523,1524,0.191,1.56,0,0.0707
1669917192,4,1524,1525,0.318,2.61,0,0.117
1669917193,4,1525,1526,0.318,2.61,0,0.181
1669917194,4,1526,1527,0.382,3.13,0,0.263
1669917195,4,1527,1528,0.318,2.61,0,0.355
1669917196,4,1528,1529,0.382,3.13,0,0.475
1669917197,4,1529,1530,0,0,71,0.314
1669917198,4,1530,1531,0.827,6.77,8,0.339
1669917199,4,1531,1532,0.573,4.69,0,0.379
1669917200,4,1532,1533,0.445,3.65,7,0.379
1669917201,4,1533,1534,0.318,2.61,14,0.29
1669917202,4,1534,1535,0.954,7.82,0,0.209
1669917203,4,1535,1536,0.573,4.69,0,0.229
1669917204,4,1536,1537,0.573,4.69,0,0.24
1669917205,4,1537,1538,0.636,5.21,0,0.246
1669917206,4,1538,1539,0.573,4.69,0,0.246
1669917207,4,1539,1540,0.636,5.21,0,0.246
1669917208,4,1540,1541,0.573,4.69,0,0.25
1669917209,4,1541,1542,0.636,5.21,0,0.26
1669917210,4,1542,1543,0.573,4.69,0,0.277
1669917211,4,1543,1544,0.636,5.21,0,0.307
1669917212,4,1544,1545,0.636,5.21,0,0.352
1669917213,4,1545,1546,0.573,4.7,0,0.413
1669917214,4,1546,1547,0.191,1.56,31,0.301
1669917215,4,1547,1548,1.06,8.86,0,0.32
1669917216,4,1548,1549,0.573,4.69,0,0.361
1669917217,4,1549,1550,0.636,5.21,0,0.393
1669917218,4,1550,1551,0.191,1.56,10,0.281
1669917219,4,1551,1552,1.06,8.86,1,0.291
1669917220,4,1552,1553,0.636,5.21,0,0.314
1669917221,4,1553,1554,0.636,5.22,0,0.331
1669917222,4,1554,1555,0.573,4.69,0,0.339
1669917223,4,1555,1556,0.636,5.21,0,0.342
1669917224,4,1556,1557,0.636,5.21,0,0.342
1669917225,4,1557,1558,0.636,5.21,0,0.344
1669917226,4,1558,1559,0.636,5.21,0,0.351
1669917227,4,1559,1560,0.573,4.69,0,0.363
1669917228,4,1560,1561,0.636,5.21,0,0.387
1669917229,4,1561,1562,0.382,3.13,9,0.325
1669917230,4,1562,1563,0.891,7.3,6,0.293
1669917231,4,1563,1564,0.636,5.21,0,0.334
1669917232,4,1564,1565,0.636,5.21,0,0.366
1669917233,4,1565,1566,0.636,5.21,0,0.389
1669917234,4,1566,1567,0.255,2.09,6,0.298
1669917235,4,1567,1568,1.018,8.34,1,0.286
1669917236,4,1568,1569,0.636,5.21,0,0.31
1669917237,4,1569,1570,0.636,5.21,0,0.325
1669917238,4,1570,1571,0.573,4.69,0,0.334
1669917239,4,1571,1572,0.636,5.21,0,0.337
1669917240,4,1572,1573,0.636,5.21,0,0.337
1669917241,4,1573,1574,0.636,5.21,0,0.338
1669917242,4,1574,1575,0.573,4.69,0,0.344
1669917243,4,1575,1576,0.636,5.21,0,0.358
1669917244,4,1576,1577,0.636,5.21,0,0.38
1669917245,4,1577,1578,0.509,4.17,0,0.414
1669917246,4,1578,1579,0.127,1.04,19,0.29
1669917247,4,1579,1580,0.954,7.81,0,0.313
1669917248,4,1580,1581,0.509,4.17,0,0.351
1669917249,4,1581,1582,0.509,4.17,0,0.379
1669917250,4,1582,1583,0.509,4.17,0,0.397
1669917251,4,1583,1584,0.127,1.04,9,0.28
1669917252,4,1584,1585,1.06,8.86,0,0.296
1669917253,4,1585,1586,0.636,5.21,0,0.317
1669917254,4,1586,1587,0.636,5.22,0,0.331
1669917255,4,1587,1588,0.636,5.21,0,0.338
1669917256,4,1588,1589,0.636,5.21,0,0.339
1669917257,4,1589,1590,0.573,4.69,0,0.339
1669917258,4,1590,1591,0.636,5.21,0,0.342
1669917259,4,1591,1592,0.636,5.21,0,0.349
1669917260,4,1592,1593,0.636,5.21,0,0.366
1669917261,4,1593,1594,0.573,4.69,0,0.393
1669917262,4,1594,1595,0.191,1.56,14,0.286
1669917263,4,1595,1596,1.12,9.38,1,0.3
1669917264,4,1596,1597,0.573,4.69,0,0.341
1669917265,4,1597,1598,0.636,5.21,0,0.372
1669917266,4,1598,1599,0.636,5.21,0,0.392
1669917267,4,1599,1600,0.127,1.04,7,0.276
1669917268,4,1600,1601,1.12,9.39,1,0.287
1669917269,4,1601,1602,0.636,5.21,0,0.311
1669917270,4,1602,1603,0.636,5.21,0,0.327
1669917271,4,1603,1604,0.573,4.69,0,0.334
1669917272,4,1604,1605,0.636,5.21,0,0.337
1669917273,4,1605,1606,0.636,5.21,0,0.337
1669917274,4,1606,1607,0.636,5.21,0,0.338
1669917275,4,1607,1608,0.636,5.21,0,0.345
1669917276,4,1608,1609,0.636,5.21,0,0.359
1669917277,4,1609,1610,0.636,5.22,0,0.385
1669917278,4,1610,1611,0.382,3.13,8,0.344
1669917279,4,1611,1612,0.891,7.3,8,0.291
1669917280,4,1612,1613,0.636,5.21,0,0.331
1669917281,4,1613,1614,0.636,5.21,0,0.365
1669917282,4,1614,1615,0.573,4.69,0,0.389
1669917283,4,1614,1615,0.573,4.69,0,0.389
