Time,UE cc,UE pci,UE rsrp,UE pl,UE cfo [mili],UE DL mcs,UE DL snr,UE DL iter_dl,UE DL brate [Mbps],UE DL bler [%],UE DL ta_us,UE UL mcs,UE UL buff [kilo],UE UL brate [Mbps],UE UL bler [%]
1669915665,0,1,-87,87,8.6,3,40,1,0.0068,0,2.6,22,0,0.052,0
1669915666,0,1,-87,87,5.7,7,40,1,0.01,0,2.6,18,0,0.075,0
1669915667,0,1,-87,87,5.2,0,40,0,0,0,2.6,0,0,0,0
1669915668,0,1,-87,87,6.1,13,40,1,0.056,0,2.6,19,29,1.5,0
1669915669,0,1,-87,87,3,12,40,1,0.528,0,2.6,23,65,22,0
1669915670,0,1,-87,87,9,11,40,1,0.475,0,2.6,23,102,23,0
1669915671,0,1,-87,87,0.462,11,40,1,0.484,0,2.6,23,134,22,0
1669915672,0,1,-87,87,4,11,40,1,0.471,0,2.6,23,171,22,0
1669915673,0,1,-87,87,1.4,11,40,1,0.501,0,2.6,23,204,22,0
1669915674,0,1,-87,87,11,11,40,1,0.451,0,2.6,23,210,22,0
1669915675,0,1,-87,87,2.5,11,40,1,0.491,0,2.6,23,272,22,0
1669915676,0,1,-87,87,7,11,40,1,0.48,0,2.6,23,313,22,0
1669915677,0,1,-87,87,4.7,11,40,1,0.482,0,2.6,23,386,22,0
1669915678,0,1,-87,87,20,16,40,1,0.983,0,2.6,23,291,22,0
1669915679,0,1,-87,87,23,18,40,1,1.1,0,2.6,23,325,22,0
1669915680,0,1,-87,87,11,16,40,1,0.913,0,2.6,23,371,23,0
1669915681,0,1,-87,87,5.9,12,40,1,0.567,0,2.6,23,372,22,0
1669915682,0,1,-87,87,17,19,40,1,1.3,0,2.6,23,276,22,0
1669915683,0,1,-87,87,1.4,11,40,1,0.437,0,2.6,23,298,22,0
1669915684,0,1,-87,87,7.6,11,40,1,0.437,0,2.6,23,321,23,0
1669915685,0,1,-87,87,7.6,11,40,1,0.434,0,2.6,23,335,22,0
1669915686,0,1,-87,87,6.3,11,40,1,0.437,0,2.6,23,337,23,0
1669915687,0,1,-87,87,4.1,11,40,1,0.429,0,2.6,23,342,22,0
1669915688,0,1,-87,87,2.8,11,40,1,0.422,0,2.6,23,342,22,0
1669915689,0,1,-87,87,9.7,11,40,1,0.423,0,2.6,23,345,22,0
1669915690,0,1,-87,87,4,11,40,1,0.424,0,2.6,23,352,22,0
1669915691,0,1,-87,87,4,11,40,1,0.433,0,2.6,23,373,22,0
1669915692,0,1,-87,87,3.4,11,40,1,0.402,0,2.6,23,385,22,0
1669915693,0,1,-87,87,30,19,40,1,1.3,0,2.6,23,278,22,0
1669915694,0,1,-87,87,4.2,11,40,1,0.47,0,2.6,23,307,23,0
1669915695,0,1,-87,87,4.3,11,40,1,0.417,0,2.6,23,349,22,0
1669915696,0,1,-87,87,4,11,40,1,0.434,0,2.6,23,376,22,0
1669915697,0,1,-87,87,2.8,11,40,1,0.473,0,2.6,23,375,22,0
1669915698,0,1,-87,87,18,19,40,1,1.3,0,2.6,23,266,22,0
1669915699,0,1,-87,87,3.6,11,40,1,0.438,0,2.6,23,291,22,0
1669915700,0,1,-87,87,0.87,11,40,1,0.43,0,2.6,23,313,22,0
1669915701,0,1,-87,87,8.5,11,40,1,0.419,0,2.6,23,326,22,0
1669915702,0,1,-87,87,2.5,11,40,1,0.422,0,2.6,23,330,22,0
1669915703,0,1,-87,87,9.1,11,40,1,0.431,0,2.6,23,330,22,0
1669915704,0,1,-87,87,-0.371,11,40,1,0.436,0,2.6,23,327,22,0
1669915705,0,1,-87,87,-2.5,11,40,1,0.432,0,2.6,23,335,22,0
1669915706,0,1,-87,87,3.9,11,40,1,0.41,0,2.6,23,346,22,0
1669915707,0,1,-87,87,1.8,11,40,1,0.418,0,2.6,23,356,22,0
1669915708,0,1,-87,87,2.2,11,40,1,0.441,0,2.6,23,385,22,0
1669915709,0,1,-87,87,16,18,40,1,1.1,0,2.6,23,273,23,0
1669915710,0,1,-87,87,8.4,14,40,1,0.734,0,2.6,23,300,23,0
1669915711,0,1,-87,87,4.5,11,40,1,0.456,0,2.6,23,343,22,0
1669915712,0,1,-87,87,4.3,11,40,1,0.467,0,2.6,23,375,22,0
1669915713,0,1,-87,87,4.4,11,40,1,0.443,0,2.6,23,385,22,0
1669915714,0,1,-87,87,19,18,40,1,1.1,0,2.6,23,268,22,0
1669915715,0,1,-87,87,5.2,12,40,1,0.511,0,2.6,23,287,22,0
1669915716,0,1,-87,87,6.2,11,40,1,0.392,0,2.6,23,312,21,0
1669915717,0,1,-87,87,8.4,13,40,1,0.321,0,2.6,23,305,20,0
1669915718,0,1,-87,87,7.8,13,40,1,0.325,0,2.6,23,315,20,0
1669915719,0,1,-87,87,2.9,14,40,1,0.256,0,2.6,23,302,19,0
1669915720,0,1,-87,87,5.9,15,40,1,0.247,0,2.6,23,278,18,0
1669915721,0,1,-87,87,8.9,13,40,1,0.235,0,2.6,23,333,18,0
1669915722,0,1,-87,87,6.4,14,40,1,0.228,0,2.6,23,335,17,0
1669915723,0,1,-87,87,6.2,15,40,1,0.227,0,2.6,23,346,18,0
1669915724,0,1,-87,87,4.9,15,40,1,0.253,0,2.6,22,368,17,0
1669915725,0,1,-87,87,8.6,15,40,1,0.398,0,2.6,22,346,17,0
1669915726,0,1,-87,87,9,20,40,1,0.939,0,2.6,21,281,16,0
1669915727,0,1,-87,87,7.4,15,40,1,0.281,0,2.6,21,314,16,0
1669915728,0,1,-87,87,5.8,14,40,1,0.204,0,2.6,20,342,15,0
1669915729,0,1,-87,87,8.1,13,40,1,0.192,0,2.6,19,383,15,0
1669915730,0,1,-87,87,8,13,40,1,0.194,0,2.6,18,372,14,0
1669915731,0,1,-87,87,3.3,17,40,1,0.8,0,2.6,18,277,15,0
1669915732,0,1,-87,87,6.6,15,40,1,0.594,0,2.6,16,280,13,0
1669915733,0,1,-87,87,4,12,40,1,0.184,0,2.6,16,304,12,0
1669915734,0,1,-87,87,6.4,12,40,1,0.219,0,2.6,16,321,13,0
1669915735,0,1,-87,87,2.8,11,40,1,0.189,0,2.6,14,329,12,0
1669915736,0,1,-87,87,4.7,12,40,1,0.191,0,2.6,15,343,12,0
1669915737,0,1,-87,87,3.3,12,40,1,0.191,0,2.6,14,345,10,0
1669915738,0,1,-87,87,4.9,11,40,1,0.152,0,2.6,12,340,9.3,0
1669915739,0,1,-87,87,7,12,40,1,0.134,0,2.6,11,347,7.9,0
1669915740,0,1,-87,87,4.6,11,40,1,0.152,0,2.6,12,359,8.9,0
1669915741,0,1,-87,87,6.2,12,40,1,0.14,0,2.6,11,378,7.9,0
1669915742,0,1,-87,87,5.6,12,40,1,0.144,0,2.6,11,380,8,0
1669915743,0,1,-87,87,7.5,11,40,1,0.138,0,2.6,9,384,6.5,0
1669915744,0,1,-87,87,5.8,13,40,1,0.296,0,2.6,9,345,6.3,0
1669915745,0,1,-87,87,4.6,15,40,1,0.406,0,2.6,9,287,6.7,0
1669915746,0,1,-86,86,6.4,14,40,1,0.354,0,2.6,7,314,5.4,0
1669915747,0,1,-84,84,2.6,14,40,1,0.404,0,2.6,7,317,5.8,0
1669915748,0,1,-84,84,8.9,12,40,1,0.181,0,2.6,7,277,5.3,0
1669915749,0,1,-84,84,6.4,11,40,1,0.116,0,2.6,6,235,4.7,0
1669915750,0,1,-84,84,7.6,11,40,1,0.101,0,2.6,5,223,4,0
1669915751,0,1,-84,84,3.5,11,40,1,0.092,0,2.6,4,234,3.2,0
1669915752,0,1,-84,84,8.3,12,40,1.2,0.073,6,2.6,4,240,2.9,6
1669915753,0,1,-84,84,4.7,11,40,1.8,0.096,21,2.6,5,255,3.9,21
1669915754,0,1,-84,84,6.7,11,40,1,0.071,0,2.6,4,263,2.8,0
1669915755,0,1,-84,84,7.2,10,40,2.9,0.038,60,2.6,2,266,2.2,60
1669915756,0,1,-84,84,6,11,40,1,0.077,0,2.6,3,271,2.4,0
1669915757,0,1,-84,84,6.3,11,40,1,0.069,0,2.6,2,273,2,0
1669915758,0,1,-84,84,4.9,11,40,1,0.074,0,2.6,3,281,2.3,0
1669915759,0,1,-84,84,8.2,11,40,1,0.082,0,2.6,3,297,2.5,0
1669915760,0,1,-84,84,7.4,10,40,2,0.06,27,2.6,3,304,2.4,27
1669915761,0,1,-84,84,6.9,10,40,2.6,0.043,43,2.6,1,345,1.5,43
1669915762,0,1,-84,84,6.1,9,40,1,0.065,0,2.1,2,366,1.6,0
1669915763,0,1,-84,84,7.4,11,40,1,0.061,0,2.1,1,385,1.5,0
1669915764,0,1,-84,84,7.6,11,40,1,0.047,0,2.1,4,382,1.6,0
1669915765,0,1,-84,84,6.9,14,40,1,0.125,0,2.1,1,377,1.2,0
1669915766,0,1,-84,84,9.1,12,40,1.8,0.081,18,2.1,3,363,1.2,18
1669915767,0,1,-84,84,5.4,7,40,2.3,0.15,30,2.1,4,349,1.4,30
1669915768,0,1,-84,84,4.7,15,40,2.2,0.119,25,2.1,2,327,1.4,25
1669915769,0,1,-84,84,4.5,15,40,1,0.14,0,2.1,2,315,1.2,0
1669915770,0,1,-84,84,5.8,11,40,1,0.156,0,2.1,2,304,1.3,0
1669915771,0,1,-84,84,7,10,40,1,0.112,0,3.1,1,293,0.88,0
1669915772,0,1,-84,84,6.8,13,40,1,0.108,0,2.1,2,285,0.915,0
1669915773,0,1,-84,84,6.9,9,40,0.6,0.113,29,2.1,2,268,1.1,29
1669915774,0,1,-84,84,7.7,9,40,1,0.136,0,2.1,1,259,0.96,0
1669915775,0,1,-84,84,4.7,13,40,1,0.064,0,2.1,1,253,0.882,0
1669915776,0,1,-84,84,4.8,12,40,1.8,0.087,10,2.1,3,285,0.93,10
1669915777,0,1,-84,84,6.6,14,40,1.5,0.178,7,2.1,2,285,1.2,7
1669915778,0,1,-84,84,5.1,10,40,2.7,0.082,36,3.1,2,275,0.914,36
1669915779,0,1,-84,84,5.7,12,40,1,0.092,0,2.1,1,277,0.936,0
1669915780,0,1,-84,84,5.4,10,40,1,0.053,0,2.1,3,268,0.752,0
1669915781,0,1,-84,84,6.5,13,40,2.2,0.045,31,2.1,2,257,0.969,31
1669915782,0,1,-84,84,7.3,10,40,1,0.12,0,3.1,2,253,0.768,0
1669915783,0,1,-84,84,6.9,5,40,0.7,0.046,16,2.1,2,243,0.784,16
1669915784,0,1,-84,84,6.4,11,40,1,0.042,0,3.1,9,232,0.707,0
1669915785,0,1,-84,84,6.6,10,40,2.7,0.018,44,2.1,2,216,0.682,44
1669915786,0,1,-84,84,7.6,5,40,1,0.039,0,2.6,2,203,0.58,0
1669915787,0,1,-84,84,5,14,40,1,0.03,0,2.6,4,205,0.652,0
1669915788,0,1,-84,84,6.3,9,40,1,0.059,0,2.6,4,189,1.1,0
1669915789,0,1,-84,84,5,14,40,1,0.062,0,2.6,1,177,0.716,0
1669915790,0,1,-84,84,3.7,16,40,1,0.038,0,2.6,2,166,0.659,0
1669915791,0,1,-84,84,5.5,8,40,1,0.035,0,2.6,13,161,0.568,0
1669915792,0,1,-84,84,4.4,8,40,1,0.025,0,2.6,4,145,0.618,0
1669915793,0,1,-84,84,5.4,13,40,3.2,0.016,37,2.6,2,130,0.576,37
1669915794,0,1,-84,84,4.5,10,40,1,0.019,0,2.6,3,120,0.519,0
1669915795,0,1,-84,84,4.9,0,40,0,0,0,2.6,3,103,0.546,0
1669915796,0,1,-84,84,4,14,40,1,0.02,0,2.6,3,88,0.614,0
1669915797,0,1,-84,84,5.7,14,40,1,0.012,0,2.6,1,77,0.505,0
1669915798,0,1,-84,84,4.9,0,40,0,0,0,2.6,4,59,0.557,0
1669915799,0,1,-84,84,4.9,4,40,1,0.0066,0,2.6,1,42,0.556,0
1669915800,0,1,-84,84,5.5,14,40,1,0.018,0,2.6,8,26,0.62,0
1669915801,0,1,-84,84,4.2,0,40,0,0,0,2.6,3,9.2,0.502,0
1669915802,0,1,-84,84,6,0,40,1,0.0017,0,2.6,7,0,0.314,0
1669915803,0,1,-84,84,5.1,0,40,0,0,0,2.6,0,0,0,0
1669915804,0,1,-84,84,5,0,40,0,0,0,2.6,0,0,0,0
1669915805,0,1,-84,84,4.9,0,40,0,0,0,2.6,0,0,0,0
1669915806,0,1,-84,84,5.1,0,40,0,0,0,2.6,0,0,0,0
1669915807,0,1,-84,84,4.9,0,40,0,0,0,2.6,0,0,0,0
1669915808,0,1,-84,84,4.9,0,40,0,0,0,2.6,0,0,0,0
1669915809,0,1,-84,84,4.7,0,40,0,0,0,2.6,0,0,0,0
1669915810,0,1,-84,84,4.9,0,40,0,0,0,2.6,0,0,0,0
1669915811,0,1,-84,84,5.1,0,40,0,0,0,2.6,0,0,0,0
1669915812,0,1,-84,84,5,0,40,0,0,0,2.6,0,0,0,0
1669915813,0,1,-84,84,5.3,0,40,0,0,0,2.6,0,0,0,0
1669915814,0,1,-84,84,4.8,0,40,0,0,0,2.6,0,0,0,0
1669915815,0,1,-84,84,5,0,40,0,0,0,2.6,0,0,0,0
1669915816,0,1,-84,84,5,0,40,0,0,0,2.6,0,0,0,0
1669915817,0,1,-84,84,5,14,40,1,0.0028,0,2.6,21,0,0.086,0
1669915818,0,1,-84,84,5.4,0,40,0,0,0,2.6,0,0,0,0
1669915819,0,1,-84,84,5.1,0,40,0,0,0,2.6,0,0,0,0
1669915820,0,1,-84,84,4.8,0,40,0,0,0,2.6,0,0,0,0
1669915821,0,1,-84,84,4.9,0,40,0,0,0,2.6,0,0,0,0
1669915822,0,1,-84,84,4.7,0,40,0,0,0,2.6,0,0,0,0
1669915823,0,1,-84,84,5,0,40,0,0,0,2.6,0,0,0,0
1669915824,0,1,-84,84,4.8,0,40,0,0,0,2.6,0,0,0,0
1669915825,0,1,-84,84,5,0,40,0,0,0,2.6,0,0,0,0
1669915826,0,1,-84,84,5.1,0,40,0,0,0,2.6,0,0,0,0
1669915827,0,1,-84,84,5.1,0,40,0,0,0,2.6,0,0,0,0
1669915828,0,1,-84,84,5.2,0,40,0,0,0,2.6,0,0,0,0
1669915829,0,1,-84,84,5.1,0,40,0,0,0,2.6,0,0,0,0
1669915830,0,1,-84,84,5,0,40,0,0,0,2.6,0,0,0,0
1669915831,0,1,-84,84,5.4,0,40,0,0,0,2.6,0,0,0,0
1669915832,0,1,-84,84,5.1,14,40,1,0.0028,0,2.6,21,0,0.069,0
1669915833,0,1,-84,84,5.3,0,40,0,0,0,2.6,23,0,0.017,0
1669915834,0,1,-84,84,4.9,0,40,0,0,0,2.6,0,0,0,0
1669915835,0,1,-84,84,5,0,40,0,0,0,2.6,0,0,0,0
1669915836,0,1,-84,84,5.3,0,40,0,0,0,2.6,0,0,0,0
1669915837,0,1,-84,84,5,0,40,0,0,0,2.6,0,0,0,0
1669915838,0,1,-84,84,5,0,40,0,0,0,2.6,0,0,0,0
1669915839,0,1,-84,84,4.8,0,40,0,0,0,2.6,0,0,0,0
1669915840,0,1,-84,84,5.2,0,40,0,0,0,2.6,0,0,0,0
1669915841,0,1,-84,84,5,0,40,0,0,0,2.6,0,0,0,0
1669915842,0,1,-84,84,4.9,0,40,0,0,0,2.6,0,0,0,0
1669915843,0,1,-84,84,5,0,40,0,0,0,2.6,0,0,0,0
1669915844,0,1,-84,84,4.8,0,40,0,0,0,2.6,0,0,0,0
1669915845,0,1,-84,84,5.2,0,40,0,0,0,2.6,0,0,0,0
1669915846,0,1,-84,84,5.2,14,40,1,0.0028,0,2.6,20,0,0.085,0
1669915847,0,1,-84,84,5,0,40,0,0,0,2.6,0,0,0,0
1669915848,0,1,-84,84,4.8,0,40,0,0,0,2.6,0,0,0,0
1669915849,0,1,-84,84,5,0,40,0,0,0,2.6,0,0,0,0
1669915850,0,1,-84,84,4.9,0,40,0,0,0,2.6,0,0,0,0
1669915851,0,1,-84,84,5.1,0,40,0,0,0,2.6,0,0,0,0
1669915852,0,1,-84,84,5,0,40,0,0,0,2.6,0,0,0,0
1669915853,0,1,-84,84,4.8,0,40,0,0,0,2.6,0,0,0,0
1669915854,0,1,-84,84,5.1,0,40,0,0,0,2.6,0,0,0,0
1669915855,0,1,-84,84,5.1,0,40,0,0,0,2.6,0,0,0,0
1669915856,0,1,-84,84,5.4,0,40,0,0,0,2.6,0,0,0,0
1669915857,0,1,-84,84,4.9,0,40,0,0,0,2.6,0,0,0,0
1669915858,0,1,-84,84,5,0,40,0,0,0,2.6,0,0,0,0
1669915859,0,1,-84,84,5,0,40,0,0,0,2.6,22,0,0.015,0
1669915860,0,1,-84,84,5.1,14,40,1,0.003,0,2.6,21,0,0.074,0
1669915861,0,1,-84,84,5.1,0,40,0,0,0,2.6,0,0,0,0
1669915862,0,1,-84,84,5.1,0,40,0,0,0,2.6,0,0,0,0
1669915863,0,1,-84,84,5.1,0,40,0,0,0,2.6,0,0,0,0
1669915864,0,1,-84,84,5,0,40,0,0,0,2.6,0,0,0,0
1669915865,0,1,-84,84,5.4,0,40,0,0,0,2.6,0,0,0,0
1669915866,0,1,-84,84,5.5,0,40,0,0,0,2.6,0,0,0,0
1669915867,0,1,-84,84,5.1,0,40,0,0,0,2.6,0,0,0,0
1669915868,0,1,-84,84,5,0,40,0,0,0,2.6,0,0,0,0
1669915869,0,1,-84,84,5.2,0,40,0,0,0,2.6,0,0,0,0
1669915870,0,1,-84,84,4.9,0,40,0,0,0,2.6,0,0,0,0
1669915871,0,1,-84,84,5.5,0,40,0,0,0,2.6,0,0,0,0
1669915872,0,1,-84,84,5.4,14,40,1,0.0091,0,2.6,20,3,0.173,0
1669915873,0,1,-84,84,5.1,14,40,1,0.081,0,2.6,3,5.6,0.875,0
1669915874,0,1,-84,84,6.4,13,40,1,0.05,0,2.6,8,0,0.748,0
1669915875,0,1,-84,84,5,0,40,0,0,0,2.6,17,0,0.12,0
1669915876,0,1,-84,84,5.2,0,40,0,0,0,2.6,0,0,0,0
1669915877,0,1,-84,84,5.2,0,40,0,0,0,2.6,0,0,0,0
1669915878,0,1,-84,84,5.2,0,40,0,0,0,2.6,0,0,0,0
1669915879,0,1,-84,84,5.2,0,40,0,0,0,2.6,0,0,0,0
1669915880,0,1,-84,84,5,0,40,0,0,0,2.6,0,0,0,0
1669915881,0,1,-84,84,4.8,0,40,0,0,0,2.6,0,0,0,0
1669915882,0,1,-84,84,5.3,0,40,0,0,0,2.6,0,0,0,0
1669915883,0,1,-84,84,5.1,0,40,0,0,0,2.6,18,963,0,0
1669915884,0,1,-84,84,4.7,13,40,1,0.0025,0,2.6,21,0,0.151,0
1669915885,0,1,-84,84,5.2,0,40,0,0,0,2.6,0,0,0,0
1669915886,0,1,-84,84,4.9,0,40,0,0,0,2.6,0,0,0,0
1669915887,0,1,-84,84,4.6,0,40,0,0,0,2.6,0,0,0,0
1669915888,0,1,-84,84,5.2,0,40,0,0,0,2.6,0,0,0,0
1669915889,0,1,-84,84,4.8,0,40,0,0,0,2.6,0,0,0,0
1669915890,0,1,-84,84,5,0,40,0,0,0,2.6,0,0,0,0
1669915891,0,1,-84,84,5.1,0,40,0,0,0,2.6,0,0,0,0
1669915892,0,1,-84,84,4.8,0,40,0,0,0,2.6,0,0,0,0
1669915893,0,1,-84,84,5,13,40,1,0.0025,0,2.6,16,3,0.051,0
1669915894,0,1,-84,84,6.7,15,40,1,0.046,0,2.6,21,2.1,1.5,0
1669915895,0,1,-84,84,5.4,7,40,2.3,0.02,50,2.6,15,0,0.888,50
1669915896,0,1,-84,84,5,0,40,0,0,0,2.6,0,0,0,0
1669915897,0,1,-84,84,5.3,0,40,0,0,0,2.6,0,0,0,0
1669915898,0,1,-84,84,4.9,0,40,0,0,0,2.6,0,0,0,0
1669915899,0,1,-84,84,5.3,0,40,0,0,0,2.6,0,0,0,0
1669915900,0,1,-84,84,4.5,0,40,0,0,0,2.6,0,0,0,0
1669915901,0,1,-84,84,5.2,0,40,0,0,0,2.6,0,0,0,0
1669915902,0,1,-84,84,5.1,0,40,0,0,0,2.6,0,0,0,0
1669915903,0,1,-84,84,5.2,0,40,0,0,0,2.6,7,963,0,0
1669915904,0,1,-84,84,5.4,12,40,1,0.059,0,2.6,16,3.1,1.7,0
1669915905,0,1,-84,84,5.4,11,40,1,0.064,0,2.6,19,9.9,3.3,0
1669915906,0,1,-84,84,6.2,11,40,1,0.06,0,2.6,21,18,5.3,0
1669915907,0,1,-84,84,3.5,11,40,1,0.107,0,2.6,15,20,7.1,0
1669915908,0,1,-84,84,1.2,8,40,1,0.153,0,2.6,13,38,9.2,0
1669915909,0,1,-84,84,4.3,10,40,1,0.164,0,2.6,12,82,9,0
1669915910,0,1,-84,84,2.4,11,40,1,0.16,0,2.6,13,125,9.5,0
1669915911,0,1,-84,84,8,11,40,1,0.158,0,2.6,13,204,9.3,0
1669915912,0,1,-84,84,5.7,11,40,1,0.155,0,2.6,13,297,9.6,0
1669915913,0,1,-84,84,5,10,40,1,0.171,0,2.6,11,385,8.6,0
1669915914,0,1,-84,84,8.5,10,40,1,0.154,0,2.6,11,383,8.1,0
1669915915,0,1,-84,84,4,12,40,1,0.329,0,2.6,12,346,8.7,0
1669915916,0,1,-84,84,2.8,13,40,1,0.504,0,2.6,11,315,8.2,0
1669915917,0,1,-84,84,3.5,13,40,1,0.56,0,2.6,12,385,9,0
1669915918,0,1,-84,84,2.1,12,40,1,0.31,0,2.6,9,371,6.6,0
1669915919,0,1,-84,84,5.9,13,40,1,0.54,0,2.6,12,294,8.8,0
1669915920,0,1,-84,84,5.7,12,40,1,0.522,4,2.6,12,275,9.2,4
1669915921,0,1,-83,83,1.9,12,40,1,0.332,0,2.6,13,256,9.2,0
1669915922,0,1,-81,81,3.4,12,40,1,0.403,0,2.6,11,188,7.9,0
1669915923,0,1,-81,81,6.1,11,40,1,0.139,0,2.6,10,203,7.2,0
1669915924,0,1,-81,81,6.2,10,40,1,0.142,0,2.6,10,220,7.4,0
1669915925,0,1,-81,81,10,10,40,1,0.141,0,2.6,9,230,6.5,0
1669915926,0,1,-81,81,8.7,10,40,1,0.119,0,2.6,9,232,6.4,0
1669915927,0,1,-81,81,5.3,11,40,1,0.179,0,2.6,9,225,6.8,0
1669915928,0,1,-81,81,7.5,13,40,1,0.359,0,2.6,9,162,6.4,0
1669915929,0,1,-81,81,8,12,40,1,0.317,0,2.6,8,161,6.5,0
1669915930,0,1,-81,81,9.8,11,40,1,0.127,0,2.6,8,177,5.9,0
1669915931,0,1,-81,81,8.3,10,40,1,0.113,0,2.6,7,188,5.1,0
1669915932,0,1,-81,81,7.8,11,40,1,0.104,0,2.6,6,195,4.6,0
1669915933,0,1,-81,81,3.5,10,40,1,0.093,0,2.6,6,197,4.4,0
1669915934,0,1,-81,81,8.2,5,40,2.2,0.068,39,2.6,4,178,3.7,39
1669915935,0,1,-81,81,6.1,9,40,1,0.107,0,2.6,5,199,3.8,0
1669915936,0,1,-81,81,6.9,10,40,1,0.085,0,2.6,3,207,2.8,0
1669915937,0,1,-81,81,8.3,10,40,1,0.092,0,2.6,5,219,4,0
1669915938,0,1,-81,81,6.1,11,40,1,0.107,0,2.6,5,246,3.7,0
1669915939,0,1,-81,81,7.4,11,40,1,0.055,0,2.6,2,268,2.2,0
1669915940,0,1,-81,81,9.2,10,40,1,0.104,0,2.6,5,316,3.6,0
1669915941,0,1,-81,81,6.8,11,40,2.2,0.069,32,2.6,3,347,2.7,32
1669915942,0,1,-81,81,7.2,11,40,1,0.082,0,2.6,3,379,2.2,0
1669915943,0,1,-81,81,7.9,8,40,1,0.068,0,2.6,2,385,2,0
1669915944,0,1,-81,81,5.2,11,40,1,0.047,0,2.6,1,384,1.7,0
1669915945,0,1,-81,81,6.2,10,40,1,0.068,0,2.6,3,382,2.1,0
1669915946,0,1,-81,81,7.1,7,40,1.8,0.061,20,2.6,2,368,1.7,20
1669915947,0,1,-81,81,9.8,10,40,1,0.109,0,2.6,1,372,1.7,0
1669915948,0,1,-81,81,7.2,6,40,2.1,0.14,24,2.6,2,356,1.7,24
1669915949,0,1,-81,81,5.2,12,40,1,0.114,0,2.6,3,341,1.7,0
1669915950,0,1,-81,81,9.5,10,40,1,0.152,0,2.6,3,328,1.4,0
1669915951,0,1,-81,81,7.2,14,40,1,0.199,0,2.6,2,311,1.9,0
1669915952,0,1,-81,81,5.3,13,40,1,0.114,0,2.6,1,302,1.2,0
1669915953,0,1,-81,81,3,11,40,1.5,0.121,9,2.6,1,290,1.1,9
1669915954,0,1,-81,81,7.9,4,40,2.7,0.118,44,2.6,2,284,1.4,44
1669915955,0,1,-81,81,5.7,13,40,2.3,0.185,21,2.6,1,284,1.2,21
1669915956,0,1,-77,77,6.9,13,40,1,0.125,0,2.6,1,336,0.977,0
1669915957,0,1,-77,77,5.4,14,40,1,0.104,0,2.6,2,334,1.1,0
1669915958,0,1,-77,77,4.8,13,40,1,0.09,0,2.6,4,333,0.923,0
1669915959,0,1,-77,77,6,11,40,1,0.121,0,2.6,2,329,0.971,0
1669915960,0,1,-77,77,4.3,12,40,1,0.113,0,2.6,2,322,1,0
1669915961,0,1,-77,77,4.5,8,40,1,0.129,0,2.6,4,319,0.92,0
1669915962,0,1,-77,77,6.4,11,40,1,0.108,0,2.6,2,314,0.931,0
1669915963,0,1,-77,77,6.4,14,40,1,0.097,0,2.6,4,313,0.863,0
1669915964,0,1,-77,77,6.2,11,40,1,0.084,0,2.6,2,310,0.84,0
1669915965,0,1,-77,77,6.3,12,40,1,0.057,0,2.6,2,304,0.799,0
1669915966,0,1,-77,77,3.4,11,40,1,0.063,0,2.6,2,297,0.724,0
1669915967,0,1,-77,77,4.4,14,40,1,0.075,0,2.6,6,294,0.822,0
1669915968,0,1,-77,77,6.1,11,40,2.8,0.042,39,2.6,1,287,0.772,39
1669915969,0,1,-77,77,5.1,8,40,2.4,0.084,19,2.6,1,298,0.735,19
1669915970,0,1,-77,77,7.2,16,40,1,0.035,0,2.6,10,284,0.7,0
1669915971,0,1,-77,77,6.6,10,40,1,0.047,0,2.6,1,270,0.736,0
1669915972,0,1,-77,77,6.4,7,40,1,0.041,0,2.6,5,261,0.689,0
1669915973,0,1,-77,77,5,12,40,1,0.025,0,2.6,10,247,0.561,0
1669915974,0,1,-77,77,3.5,9,40,1,0.074,0,2.6,4,237,0.675,0
1669915975,0,1,-77,77,3.7,14,40,1,0.023,0,2.6,2,224,0.579,0
1669915976,0,1,-77,77,6,12,40,1,0.025,0,2.6,3,209,0.628,0
1669915977,0,1,-77,77,5.2,11,40,2.9,0.04,43,2.6,2,201,0.626,43
1669915978,0,1,-77,77,4.8,14,40,2.5,0.0059,50,2.6,3,184,0.583,50
1669915979,0,1,-77,77,4.7,14,40,1,0.0058,0,2.6,3,168,0.604,0
1669915980,0,1,-77,77,4.9,10,40,1,0.014,0,2.6,2,151,0.583,0
1669915981,0,1,-77,77,5.1,10,40,1,0.02,0,2.6,3,131,0.802,0
1669915982,0,1,-77,77,5.2,9,40,1,0.022,0,2.6,1,122,0.535,0
1669915983,0,1,-77,77,3.7,14,40,1,0.024,0,2.6,3,107,0.573,0
1669915984,0,1,-77,77,4.6,14,40,1,0.0029,0,2.6,2,93,0.556,0
1669915985,0,1,-77,77,4.2,14,40,1,0.016,0,2.6,3,81,0.548,0
1669915986,0,1,-77,77,4.6,14,40,1,0.0096,0,2.6,2,67,0.524,0
1669915987,0,1,-77,77,5,10,40,1,0.013,0,3.6,3,55,0.639,0
1669915988,0,1,-77,77,4.9,14,40,1,0.031,0,2.6,2,44,0.565,0
1669915989,0,1,-77,77,4.7,0,40,0,0,0,2.6,4,28,0.486,0
1669915990,0,1,-77,77,3.6,14,40,1,0.022,0,2.6,2,13,0.599,0
1669915991,0,1,-77,77,5.3,9,40,1,0.058,0,2.6,4,2.5,0.686,0
1669915992,0,1,-77,77,4.9,0,40,0,0,0,2.6,4,0,0.163,0
1669915993,0,1,-77,77,5,0,40,0,0,0,2.6,0,0,0,0
1669915994,0,1,-77,77,5.1,0,40,0,0,0,2.6,0,0,0,0
1669915995,0,1,-77,77,5.3,0,40,0,0,0,2.6,0,0,0,0
1669915996,0,1,-77,77,5.1,0,40,0,0,0,2.6,0,0,0,0
1669915997,0,1,-77,77,5.4,0,40,0,0,0,2.6,0,0,0,0
1669915998,0,1,-77,77,4.9,0,40,0,0,0,2.6,0,0,0,0
1669915999,0,1,-77,77,5.1,0,40,0,0,0,2.6,0,0,0,0
1669916000,0,1,-77,77,5.2,0,40,0,0,0,2.6,0,0,0,0
1669916001,0,1,-77,77,5,0,40,0,0,0,2.6,0,0,0,0
1669916002,0,1,-77,77,5.2,0,40,0,0,0,2.6,0,0,0,0
1669916003,0,1,-77,77,4.7,0,40,0,0,0,2.6,0,0,0,0
1669916004,0,1,-77,77,5.2,0,40,0,0,0,2.6,0,0,0,0
1669916005,0,1,-77,77,5.1,0,40,0,0,0,2.6,0,0,0,0
1669916006,0,1,-77,77,4.9,0,40,0,0,0,2.6,0,0,0,0
1669916007,0,1,-77,77,5.3,0,40,0,0,0,2.6,0,0,0,0
1669916008,0,1,-77,77,4.8,0,40,0,0,0,2.6,0,0,0,0
1669916009,0,1,-77,77,5,0,40,0,0,0,2.6,0,0,0.014,0
1669916010,0,1,-77,77,5.3,12,40,1,0.041,0,2.6,15,703,0.68,0
1669916011,0,1,-77,77,5.4,14,40,1,0.02,0,2.6,13,0,0.447,0
1669916012,0,1,-77,77,5,0,40,0,0,0,2.6,0,0,0,0
1669916013,0,1,-77,77,4.8,0,40,0,0,0,2.6,0,0,0,0
1669916014,0,1,-77,77,4.9,0,40,0,0,0,2.6,0,0,0,0
1669916015,0,1,-77,77,5,0,40,0,0,0,2.6,0,0,0,0
1669916016,0,1,-77,77,4.8,0,40,0,0,0,2.6,0,0,0,0
1669916017,0,1,-77,77,5,0,40,0,0,0,2.6,0,0,0,0
1669916018,0,1,-77,77,5.1,0,40,0,0,0,2.6,0,0,0,0
1669916019,0,1,-77,77,5,0,40,0,0,0,2.6,0,0,0,0
1669916020,0,1,-77,77,4.9,0,40,0,0,0,2.6,0,0,0,0
1669916021,0,1,-77,77,4.9,0,40,0,0,0,2.6,0,0,0,0
1669916022,0,1,-77,77,5,0,40,0,0,0,2.6,0,0,0,0
1669916023,0,1,-77,77,5.2,0,40,0,0,0,2.6,0,0,0,0
1669916024,0,1,-77,77,5.1,0,40,0,0,0,2.6,0,0,0,0
1669916025,0,1,-77,77,5,13,40,1,0.0026,0,2.6,17,3,0.053,0
1669916026,0,1,-77,77,5,13,40,1,0.014,0,2.6,21,0,0.56,0
1669916027,0,1,-77,77,5.2,0,40,0,0,0,2.6,0,0,0,0
1669916028,0,1,-77,77,4.8,0,40,0,0,0,2.6,0,0,0,0
1669916029,0,1,-77,77,5.2,0,40,0,0,0,2.6,0,0,0,0
1669916030,0,1,-77,77,5.2,0,40,0,0,0,2.6,0,0,0,0
1669916031,0,1,-77,77,4.9,0,40,0,0,0,2.6,0,0,0,0
1669916032,0,1,-77,77,5.4,0,40,0,0,0,2.6,0,0,0,0
1669916033,0,1,-77,77,5.1,0,40,0,0,0,2.6,0,0,0,0
1669916034,0,1,-77,77,5.1,0,40,0,0,0,2.6,0,0,0,0
1669916035,0,1,-77,77,5.3,0,40,0,0,0,2.6,0,0,0,0
1669916036,0,1,-77,77,5.1,0,40,0,0,0,2.6,0,0,0,0
1669916037,0,1,-77,77,5,0,40,0,0,0,2.6,0,0,0,0
1669916038,0,1,-77,77,4.8,13,40,1,0.0026,0,2.6,13,0,0.036,0
1669916039,0,1,-77,77,5.3,14,40,1,0.025,0,2.6,20,2.5,1,0
1669916040,0,1,-77,77,5.6,12,40,1,0.028,0,2.6,20,3,0.913,0
1669916041,0,1,-77,77,5,7,40,1,0.0041,0,2.6,20,0,0.297,0
1669916042,0,1,-77,77,5,0,40,0,0,0,2.6,0,0,0,0
1669916043,0,1,-77,77,5,0,40,0,0,0,2.6,0,0,0,0
1669916044,0,1,-77,77,5.3,0,40,0,0,0,2.6,0,0,0,0
1669916045,0,1,-77,77,5,0,40,0,0,0,2.6,0,0,0,0
1669916046,0,1,-77,77,4.8,0,40,0,0,0,2.6,0,0,0,0
1669916047,0,1,-77,77,4.9,0,40,0,0,0,2.6,0,0,0,0
1669916048,0,1,-77,77,4.9,0,40,0,0,0,2.6,0,0,0,0
1669916049,0,1,-77,77,4.9,0,40,0,0,0,2.6,0,0,0,0
1669916050,0,1,-77,77,4.8,0,40,0,0,0,2.6,0,0,0,0
1669916051,0,1,-77,77,5.2,0,40,0,0,0,2.6,10,979,0,0
1669916052,0,1,-77,77,7.1,12,40,1,0.032,0,2.6,10,4.1,1.3,0
1669916053,0,1,-77,77,4.1,11,40,1,0.077,0,2.6,19,3.7,2.7,0
1669916054,0,1,-77,77,6.2,13,40,1,0.08,0,2.6,21,0,2.9,0
1669916055,0,1,-77,77,3.4,10,40,1,0.037,0,2.6,13,5.8,3,0
1669916056,0,1,-77,77,7,12,40,1,0.064,0,2.6,10,5.9,2,0
1669916057,0,1,-77,77,4.8,10,40,1,0.101,0,2.6,6,17,4.8,0
1669916058,0,1,-77,77,7.2,11,40,1,0.106,0,2.6,6,15,4.4,0
1669916059,0,1,-77,77,7.5,10,40,1,0.124,0,2.6,8,18,6.1,0
1669916060,0,1,-77,77,4.6,11,40,1,0.127,0,2.6,7,27,5.4,0
1669916061,0,1,-77,77,9.3,11,40,1,0.129,0,2.6,7,33,5.3,0
1669916062,0,1,-77,77,8.1,11,40,1,0.121,0,2.6,7,63,5.3,0
1669916063,0,1,-77,77,6.9,10,40,1,0.114,0,2.6,7,92,5.5,0
1669916064,0,1,-77,77,5.8,10,40,1,0.093,0,2.6,5,143,4.3,0
1669916065,0,1,-77,77,6.4,10,40,1,0.123,0,2.6,6,212,4.7,0
1669916066,0,1,-77,77,6,10,40,1,0.093,0,2.6,5,269,4.2,0
1669916067,0,1,-77,77,4.5,9,40,1,0.097,0,2.6,7,345,4.8,0
1669916068,0,1,-77,77,8.3,11,40,1,0.108,0,2.6,6,383,4.8,0
1669916069,0,1,-77,77,11,10,40,1,0.095,0,1.6,5,383,3.8,0
1669916070,0,1,-77,77,5.4,6,40,1.9,0.071,27,2.6,4,384,3.2,27
1669916071,0,1,-77,77,8.2,10,40,1,0.083,0,2.6,5,383,3.6,0
1669916072,0,1,-77,77,6.7,13,40,1,0.326,0,2.6,7,343,4.8,0
1669916073,0,1,-77,77,9.1,14,40,1,0.257,0,2.6,4,321,3.2,0
1669916074,0,1,-74,74,8.1,13,40,1.1,0.313,1,2.6,5,315,4,1
1669916075,0,1,-74,74,3.9,13,40,1.7,0.229,15,2.6,3,380,2.7,15
1669916076,0,1,-74,74,8.1,13,40,1,0.235,0,1.6,4,384,2.8,0
1669916077,0,1,-74,74,10,11,40,1.4,0.295,8,2.6,4,379,3.1,8
1669916078,0,1,-74,74,8.7,13,40,2.2,0.236,32,2.6,3,382,2.7,32
1669916079,0,1,-74,74,6.6,10,40,1,0.078,0,2.6,2,384,2.1,0
1669916080,0,1,-74,74,10,12,40,1,0.152,0,2.6,3,370,2.4,0
1669916081,0,1,-74,74,7.5,13,40,1,0.206,0,2.6,3,352,2.2,0
1669916082,0,1,-74,74,8.7,13,40,1,0.157,0,2.6,2,333,2.1,0
1669916083,0,1,-74,74,7.9,12,40,1,0.119,0,2.6,1,314,1.7,0
1669916084,0,1,-74,74,6.5,14,40,1,0.217,0,2.6,4,290,2.7,0
1669916085,0,1,-74,74,5.7,14,40,1,0.196,0,2.6,2,271,2.1,0
1669916086,0,1,-74,74,5.9,13,40,1,0.182,0,2.6,2,271,1.7,0
1669916087,0,1,-74,74,6.5,13,40,1,0.163,0,2.6,1,272,1.3,0
1669916088,0,1,-74,74,6.3,14,40,1,0.136,0,2.6,2,272,1.6,0
1669916089,0,1,-74,74,5.4,12,40,1,0.119,0,2.6,3,274,1.4,0
1669916090,0,1,-74,74,8.3,5,40,2.5,0.123,33,2.6,1,263,1.1,33
1669916091,0,1,-74,74,5.5,13,40,1,0.173,0,2.6,2,272,1.5,0
1669916092,0,1,-74,74,7.5,13,40,1,0.14,0,2.6,1,270,1.2,0
1669916093,0,1,-74,74,5.7,11,40,1,0.09,0,2.6,1,260,1.2,0
1669916094,0,1,-74,74,6.1,5,40,2.3,0.035,34,2.6,2,240,1.3,34
1669916095,0,1,-74,74,7.8,10,40,1.8,0.088,15,2.6,0,238,1,15
1669916096,0,1,-74,74,5.7,13,40,1,0.121,0,2.6,1,225,0.99,0
1669916097,0,1,-74,74,10,12,40,2.1,0.109,21,2.6,8,212,0.978,21
1669916098,0,1,-74,74,4.3,11,40,1.4,0.109,2,2.6,1,201,1,2
1669916099,0,1,-74,74,8.1,11,40,1,0.136,0,2.6,2,186,1.1,0
1669916100,0,1,-74,74,5.3,14,40,1,0.132,0,2.6,1,186,1,0
1669916101,0,1,-74,74,3,10,40,1,0.151,0,2.6,1,181,0.853,0
1669916102,0,1,-74,74,6.5,9,40,1,0.146,0,2.6,2,167,1.3,0
1669916103,0,1,-74,74,6.3,11,40,1,0.133,0,2.6,1,191,0.824,0
1669916104,0,1,-74,74,7.5,11,40,2.9,0.072,37,2.6,8,185,0.832,37
1669916105,0,1,-74,74,7.7,10,40,2.9,0.061,37,2.6,1,176,0.832,37
1669916106,0,1,-70,70,4.5,10,40,1,0.066,0,2.6,5,169,0.751,0
1669916107,0,1,-67,67,5.2,9,40,2.3,0.046,36,2.6,2,155,1.1,36
1669916108,0,1,-67,67,7,13,40,1,0.094,0,2.6,2,143,0.745,0
1669916109,0,1,-67,67,5.5,9,40,1,0.074,0,2.6,3,137,0.708,0
1669916110,0,1,-67,67,4.6,16,40,1,0.071,0,2.6,2,124,0.829,0
1669916111,0,1,-67,67,4.9,12,40,1,0.021,0,2.6,2,122,0.656,0
1669916112,0,1,-67,67,6.1,14,40,2.8,0.034,37,2.6,6,111,0.773,37
1669916113,0,1,-67,67,7.9,11,40,2.1,0.035,25,2.6,1,96,0.705,25
1669916114,0,1,-67,67,5.2,14,40,1,0.03,0,2.6,5,94,0.684,0
1669916115,0,1,-67,67,6.7,9,40,1,0.034,0,2.6,2,92,0.618,0
1669916116,0,1,-67,67,5.4,14,40,1,0.024,0,2.6,2,76,0.579,0
1669916117,0,1,-67,67,7.1,12,40,1,0.052,0,2.6,3,71,0.686,0
1669916118,0,1,-67,67,4.9,11,40,1,0.018,0,2.6,1,58,0.637,0
1669916119,0,1,-67,67,3.3,14,40,1,0.018,0,2.6,3,44,0.528,0
1669916120,0,1,-67,67,5,14,40,1,0.012,0,2.6,2,27,0.581,0
1669916121,0,1,-67,67,6.2,14,40,1,0.018,0,2.6,4,15,0.542,0
1669916122,0,1,-67,67,5.2,5,40,1.7,0.033,11,2.6,3,2.2,0.639,11
1669916123,0,1,-67,67,5.2,0,40,0,0,0,2.6,10,0,0.164,0
1669916124,0,1,-67,67,5,0,40,0,0,0,2.6,0,0,0,0
1669916125,0,1,-67,67,5,0,40,0,0,0,2.6,0,0,0,0
1669916126,0,1,-67,67,5.1,0,40,0,0,0,2.6,0,0,0,0
1669916127,0,1,-67,67,4.8,0,40,0,0,0,2.6,0,0,0,0
1669916128,0,1,-67,67,5,0,40,0,0,0,2.6,0,0,0,0
1669916129,0,1,-67,67,5.1,0,40,0,0,0,2.6,0,0,0,0
1669916130,0,1,-67,67,5,0,40,0,0,0,2.6,0,0,0,0
1669916131,0,1,-67,67,5,0,40,0,0,0,2.6,0,0,0,0
1669916132,0,1,-67,67,5.2,0,40,0,0,0,2.6,0,0,0.045,0
1669916133,0,1,-67,67,4.7,0,40,0,0,0,2.6,0,0,0,0
1669916134,0,1,-67,67,4.8,0,40,0,0,0,2.6,0,0,0,0
1669916135,0,1,-67,67,5.5,0,40,0,0,0,2.6,0,0,0,0
1669916136,0,1,-67,67,5.3,0,40,0,0,0,2.6,0,0,0,0
1669916137,0,1,-67,67,5,0,40,0,0,0,2.6,0,0,0,0
1669916138,0,1,-67,67,5.1,0,40,0,0,0,2.6,0,0,0,0
1669916139,0,1,-67,67,5,0,40,0,0,0,2.6,0,0,0,0
1669916140,0,1,-67,67,5.1,0,40,0,0,0,2.6,0,0,0,0
1669916141,0,1,-67,67,5.1,0,40,0,0,0,2.6,0,0,0,0
1669916142,0,1,-67,67,4.9,0,40,0,0,0,2.6,0,0,0,0
1669916143,0,1,-67,67,5.1,0,40,0,0,0,2.6,0,0,0,0
1669916144,0,1,-67,67,4.9,0,40,0,0,0,2.6,0,0,0,0
1669916145,0,1,-67,67,5,0,40,0,0,0,2.6,0,0,0,0
1669916146,0,1,-67,67,5,0,40,0,0,0,2.6,0,0,0,0
1669916147,0,1,-67,67,5,0,40,0,0,0,2.6,0,0,0,0
1669916148,0,1,-67,67,5,0,40,0,0,0,2.6,0,0,0,0
1669916149,0,1,-67,67,5,0,40,0,0,0,2.6,0,0,0,0
1669916150,0,1,-67,67,5.5,0,40,0,0,0,2.6,0,0,0,0
1669916151,0,1,-67,67,5.2,0,40,0,0,0,2.6,0,0,0,0
1669916152,0,1,-67,67,4.9,0,40,0,0,0,2.6,29,125,0.0094,0
1669916153,0,1,-67,67,4.8,0,40,0,0,0,2.6,8,0,0.058,0
1669916154,0,1,-67,67,5,0,40,0,0,0,2.6,0,0,0,0
1669916155,0,1,-67,67,5.4,0,40,0,0,0,2.6,0,0,0,0
1669916156,0,1,-67,67,5,0,40,0,0,0,2.6,0,0,0,0
1669916157,0,1,-67,67,5.3,0,40,0,0,0,2.6,0,0,0,0
1669916158,0,1,-67,67,5.1,0,40,0,0,0,2.6,0,0,0,0
1669916159,0,1,-67,67,4.7,0,40,0,0,0,2.6,0,0,0,0
1669916160,0,1,-67,67,5.3,0,40,0,0,0,2.6,0,0,0,0
1669916161,0,1,-67,67,5.3,0,40,0,0,0,2.6,0,0,0,0
1669916162,0,1,-67,67,4.8,0,40,0,0,0,2.6,0,0,0,0
1669916163,0,1,-67,67,4.9,0,40,0,0,0,2.6,0,0,0,0
1669916164,0,1,-67,67,5,0,40,0,0,0,2.6,0,0,0,0
1669916165,0,1,-67,67,5,0,40,0,0,0,2.6,0,0,0,0
1669916166,0,1,-67,67,4.9,0,40,0,0,0,2.6,0,0,0,0
1669916167,0,1,-67,67,5,0,40,0,0,0,2.6,0,0,0,0
1669916168,0,1,-67,67,4.8,0,40,0,0,0,2.6,0,0,0,0
1669916169,0,1,-67,67,5.1,0,40,0,0,0,2.6,0,0,0,0
1669916170,0,1,-67,67,4.9,0,40,0,0,0,2.6,0,0,0,0
1669916171,0,1,-67,67,5,0,40,0,0,0,2.6,0,0,0,0
1669916172,0,1,-67,67,4.8,0,40,0,0,0,2.6,0,0,0,0
1669916173,0,1,-67,67,5.3,0,40,0,0,0,2.6,0,0,0,0
1669916174,0,1,-67,67,5.3,0,40,0,0,0,2.6,0,0,0,0
1669916175,0,1,-67,67,4.9,0,40,0,0,0,2.6,0,0,0,0
1669916176,0,1,-67,67,5.1,0,40,0,0,0,2.6,0,0,0,0
1669916177,0,1,-67,67,5,0,40,0,0,0,2.6,0,0,0,0
1669916178,0,1,-67,67,4.8,0,40,0,0,0,2.6,0,0,0,0
1669916179,0,1,-67,67,5.3,0,40,0,0,0,2.6,0,0,0,0
1669916180,0,1,-67,67,4.8,0,40,0,0,0,2.6,0,0,0,0
1669916181,0,1,-67,67,4.9,0,40,0,0,0,2.6,0,0,0,0
1669916182,0,1,-67,67,5.1,0,40,0,0,0,2.6,0,0,0,0
1669916183,0,1,-67,67,4.8,0,40,0,0,0,2.6,0,0,0,0
1669916184,0,1,-67,67,5.2,0,40,0,0,0,2.6,0,0,0,0
1669916185,0,1,-67,67,5.1,0,40,0,0,0,2.6,0,0,0,0
1669916186,0,1,-67,67,5.2,0,40,0,0,0,2.6,0,0,0,0
1669916187,0,1,-67,67,5,0,40,0,0,0,2.6,0,0,0,0
1669916188,0,1,-67,67,5.1,0,40,0,0,0,2.6,0,0,0,0
1669916189,0,1,-67,67,5,0,40,0,0,0,2.6,0,0,0,0
1669916190,0,1,-67,67,5,0,40,0,0,0,2.6,0,0,0,0
1669916191,0,1,-67,67,5,0,40,0,0,0,2.6,0,0,0,0
1669916192,0,1,-67,67,5,0,40,0,0,0,2.6,0,0,0,0
1669916193,0,1,-67,67,5,0,40,0,0,0,2.6,7,0,0.201,0
1669916194,0,1,-67,67,5.1,0,40,0,0,0,2.6,0,0,0,0
1669916195,0,1,-67,67,5.1,0,40,0,0,0,2.6,0,0,0,0
1669916196,0,1,-67,67,5.4,0,40,0,0,0,2.6,0,0,0,0
1669916197,0,1,-67,67,5,0,40,0,0,0,2.6,0,0,0,0
1669916198,0,1,-67,67,4.9,0,40,0,0,0,2.6,0,0,0,0
1669916199,0,1,-67,67,4.9,0,40,0,0,0,2.6,0,0,0,0
1669916200,0,1,-67,67,5.3,0,40,0,0,0,2.6,0,0,0,0
1669916201,0,1,-67,67,5,0,40,0,0,0,2.6,0,0,0,0
1669916202,0,1,-67,67,4.8,0,40,0,0,0,2.6,0,0,0,0
1669916203,0,1,-67,67,4.9,0,40,0,0,0,2.6,0,0,0,0
1669916204,0,1,-67,67,5.1,0,40,0,0,0,2.6,0,0,0,0
1669916205,0,1,-67,67,5,0,40,0,0,0,2.6,0,0,0,0
1669916206,0,1,-67,67,5,0,40,0,0,0,2.6,0,0,0,0
1669916207,0,1,-67,67,5.1,0,40,0,0,0,2.6,0,0,0,0
1669916208,0,1,-67,67,5.1,0,40,0,0,0,2.6,0,0,0,0
1669916209,0,1,-67,67,4.8,0,40,0,0,0,2.6,0,0,0,0
1669916210,0,1,-67,67,4.9,0,40,0,0,0,2.6,0,0,0,0
1669916211,0,1,-67,67,4.7,0,40,0,0,0,2.6,0,0,0,0
1669916212,0,1,-67,67,5,0,40,0,0,0,2.6,0,0,0,0
1669916213,0,1,-67,67,5.1,0,40,0,0,0,2.6,0,0,0,0
1669916214,0,1,-67,67,4.8,0,40,0,0,0,2.6,0,0,0,0
1669916215,0,1,-67,67,4.8,0,40,0,0,0,2.6,0,0,0,0
1669916216,0,1,-67,67,4.8,0,40,0,0,0,2.6,0,0,0,0
1669916217,0,1,-67,67,5.1,0,40,0,0,0,2.6,0,0,0,0
1669916218,0,1,-67,67,5.3,0,40,0,0,0,2.6,0,0,0,0
1669916219,0,1,-67,67,4.7,0,40,0,0,0,2.6,0,0,0,0
1669916220,0,1,-67,67,4.6,0,40,0,0,0,2.6,0,0,0,0
1669916221,0,1,-67,67,4.9,0,40,0,0,0,2.6,0,0,0,0
1669916222,0,1,-67,67,5.1,0,40,0,0,0,2.6,0,0,0,0
1669916223,0,1,-67,67,4.8,0,40,0,0,0,2.6,0,0,0,0
1669916224,0,1,-67,67,5.1,0,40,0,0,0,2.6,0,0,0,0
1669916225,0,1,-67,67,5,0,40,0,0,0,2.6,0,0,0,0
1669916226,0,1,-67,67,5.3,0,40,0,0,0,2.6,0,0,0,0
1669916227,0,1,-67,67,5.1,0,40,0,0,0,2.6,0,0,0,0
1669916228,0,1,-67,67,5.3,0,40,0,0,0,2.6,0,0,0,0
1669916229,0,1,-67,67,5,0,40,0,0,0,2.6,0,0,0,0
1669916230,0,1,-67,67,5.2,0,40,0,0,0,2.6,0,0,0,0
1669916231,0,1,-67,67,5,0,40,0,0,0,2.6,0,0,0,0
1669916232,0,1,-67,67,5.1,0,40,0,0,0,2.6,0,0,0,0
1669916233,0,1,-67,67,5,0,40,0,0,0,2.6,0,0,0,0
1669916234,0,1,-67,67,4.9,0,40,0,0,0,2.6,0,0,0,0
1669916235,0,1,-67,67,5.4,0,40,0,0,0,2.6,0,0,0,0
1669916236,0,1,-67,67,5.2,0,40,0,0,0,2.6,0,0,0,0
1669916237,0,1,-67,67,5.2,0,40,0,0,0,2.6,0,0,0,0
1669916238,0,1,-67,67,5,0,40,0,0,0,2.6,0,0,0,0
1669916239,0,1,-67,67,5.3,0,40,0,0,0,2.6,0,0,0,0
1669916240,0,1,-67,67,5,0,40,0,0,0,2.6,0,0,0,0
1669916241,0,1,-67,67,5,0,40,0,0,0,2.6,0,0,0,0
1669916242,0,1,-67,67,5.2,0,40,0,0,0,2.6,0,0,0,0
1669916243,0,1,-67,67,4.9,0,40,0,0,0,2.6,0,0,0,0
1669916244,0,1,-67,67,5,0,40,0,0,0,2.6,0,0,0,0
1669916245,0,1,-67,67,5,0,40,0,0,0,2.6,0,0,0,0
1669916246,0,1,-67,67,5.1,0,40,0,0,0,2.6,0,0,0,0
1669916247,0,1,-67,67,5,0,40,0,0,0,2.6,0,0,0,0
1669916248,0,1,-67,67,5,0,40,0,0,0,2.6,0,0,0,0
1669916249,0,1,-67,67,4.8,0,40,0,0,0,2.6,0,0,0,0
1669916250,0,1,-67,67,5.2,0,40,0,0,0,2.6,0,0,0,0
1669916251,0,1,-67,67,4.7,0,40,0,0,0,2.6,0,0,0,0
1669916252,0,1,-67,67,5.1,0,40,0,0,0,2.6,0,0,0,0
1669916253,0,1,-67,67,5.3,0,40,0,0,0,2.6,0,0,0,0
1669916254,0,1,-67,67,4.8,0,40,0,0,0,2.6,0,0,0,0
1669916255,0,1,-67,67,5.1,0,40,0,0,0,2.6,0,0,0,0
1669916256,0,1,-67,67,5,0,40,0,0,0,2.6,0,0,0,0
1669916257,0,1,-67,67,5.1,0,40,0,0,0,2.6,0,0,0,0
1669916258,0,1,-67,67,4.9,0,40,0,0,0,2.6,0,0,0,0
1669916259,0,1,-67,67,4.9,0,40,0,0,0,2.6,0,0,0,0
1669916260,0,1,-67,67,5.1,0,40,0,0,0,2.6,0,0,0,0
1669916261,0,1,-67,67,5.2,0,40,0,0,0,2.6,0,0,0,0
1669916262,0,1,-67,67,4.7,0,40,0,0,0,2.6,0,0,0,0
1669916263,0,1,-67,67,4.8,0,40,0,0,0,2.6,0,0,0,0
1669916264,0,1,-67,67,5.2,0,40,0,0,0,2.6,0,0,0,0
1669916265,0,1,-67,67,5,0,40,0,0,0,2.6,0,0,0,0
1669916266,0,1,-67,67,5.3,0,40,0,0,0,2.6,0,0,0,0
1669916267,0,1,-67,67,5.1,0,40,0,0,0,2.6,0,0,0,0
1669916268,0,1,-67,67,5,0,40,0,0,0,2.6,0,0,0,0
1669916269,0,1,-67,67,5.5,0,40,0,0,0,2.6,0,0,0,0
1669916270,0,1,-67,67,5,0,40,0,0,0,2.6,0,0,0,0
1669916271,0,1,-67,67,5.3,0,40,0,0,0,2.6,0,0,0,0
1669916272,0,1,-67,67,5.1,0,40,0,0,0,2.6,0,0,0,0
1669916273,0,1,-67,67,5.2,0,40,0,0,0,2.6,0,0,0,0
1669916274,0,1,-67,67,5.2,0,40,0,0,0,2.6,0,0,0,0
1669916275,0,1,-67,67,4.9,14,40,1,0.0028,0,2.6,19,0,0.154,0
1669916276,0,1,-67,67,5,0,40,0,0,0,2.6,0,0,0,0
1669916277,0,1,-67,67,5.1,0,40,0,0,0,2.6,0,0,0,0
1669916278,0,1,-67,67,5.3,0,40,0,0,0,2.6,0,0,0,0
1669916279,0,1,-67,67,5.3,0,40,0,0,0,2.6,0,0,0,0
1669916280,0,1,-67,67,4.9,0,40,0,0,0,2.6,0,0,0,0
1669916281,0,1,-67,67,5.1,0,40,0,0,0,2.6,0,0,0,0
1669916282,0,1,-67,67,4.8,0,40,0,0,0,2.6,0,0,0,0
1669916283,0,1,-67,67,5.3,0,40,0,0,0,2.6,0,0,0,0
1669916284,0,1,-67,67,5,0,40,0,0,0,2.6,18,0,0.051,0
1669916285,0,1,-67,67,4.6,14,40,1,0.0031,0,2.6,18,0,0.117,0
1669916286,0,1,-67,67,5.1,0,40,0,0,0,2.6,0,0,0,0
1669916287,0,1,-67,67,5.1,0,40,0,0,0,2.6,0,0,0,0
1669916288,0,1,-67,67,5.2,0,40,0,0,0,2.6,0,0,0,0
1669916289,0,1,-67,67,4.8,0,40,0,0,0,2.6,0,0,0,0
1669916290,0,1,-67,67,5,0,40,0,0,0,2.6,0,0,0,0
1669916291,0,1,-67,67,4.9,0,40,0,0,0,2.6,0,0,0,0
1669916292,0,1,-67,67,5.1,0,40,0,0,0,2.6,0,0,0,0
1669916293,0,1,-67,67,4.9,0,40,0,0,0,2.6,0,0,0,0
1669916294,0,1,-67,67,4.2,14,40,1,0.0029,0,2.6,21,0,0.159,0
1669916295,0,1,-67,67,5.1,0,40,0,0,0,2.6,0,0,0,0
1669916296,0,1,-67,67,4.9,0,40,0,0,0,2.6,0,0,0,0
1669916297,0,1,-67,67,5.2,0,40,0,0,0,2.6,0,0,0,0
1669916298,0,1,-67,67,5.4,0,40,0,0,0,2.6,0,0,0,0
1669916299,0,1,-67,67,4.6,0,40,0,0,0,2.6,0,0,0,0
1669916300,0,1,-67,67,4.9,0,40,0,0,0,2.6,0,0,0,0
1669916301,0,1,-67,67,4.9,0,40,0,0,0,2.6,0,0,0,0
1669916302,0,1,-67,67,4.9,0,40,0,0,0,2.6,0,0,0,0
1669916303,0,1,-67,67,4.9,14,40,1,0.0029,0,2.6,21,0,0.159,0
1669916304,0,1,-67,67,4.9,0,40,0,0,0,2.6,0,0,0,0
1669916305,0,1,-67,67,4.9,0,40,0,0,0,2.6,0,0,0,0
1669916306,0,1,-67,67,4.9,0,40,0,0,0,2.6,0,0,0,0
1669916307,0,1,-67,67,5.2,0,40,0,0,0,2.6,0,0,0,0
1669916308,0,1,-67,67,4.9,0,40,0,0,0,2.6,0,0,0,0
1669916309,0,1,-67,67,5,0,40,0,0,0,2.6,0,0,0,0
1669916310,0,1,-67,67,5.2,0,40,0,0,0,2.6,0,0,0,0
1669916311,0,1,-67,67,5,0,40,0,0,0,2.6,0,0,0,0
1669916312,0,1,-67,67,5.6,14,40,1,0.0029,0,2.6,21,0,0.07,0
1669916313,0,1,-67,67,4.9,0,40,0,0,0,2.6,23,0,0.088,0
1669916314,0,1,-67,67,5.2,0,40,0,0,0,2.6,0,0,0,0
1669916315,0,1,-67,67,5,0,40,0,0,0,2.6,0,0,0,0
1669916316,0,1,-67,67,5,0,40,0,0,0,2.6,0,0,0,0
1669916317,0,1,-67,67,5.1,0,40,0,0,0,2.6,0,0,0,0
1669916318,0,1,-67,67,4.8,0,40,0,0,0,2.6,0,0,0,0
1669916319,0,1,-67,67,5.1,0,40,0,0,0,2.6,0,0,0,0
1669916320,0,1,-67,67,5,0,40,0,0,0,2.6,0,0,0,0
1669916321,0,1,-67,67,5.2,14,40,1,0.0028,0,2.6,19,3,0.051,0
1669916322,0,1,-67,67,4.8,0,40,0,0,0,2.6,22,0,0.107,0
1669916323,0,1,-67,67,5.4,0,40,0,0,0,2.6,0,0,0,0
1669916324,0,1,-67,67,4.8,0,40,0,0,0,2.6,0,0,0,0
1669916325,0,1,-67,67,5.2,0,40,0,0,0,2.6,0,0,0,0
1669916326,0,1,-67,67,5.1,0,40,0,0,0,2.6,0,0,0,0
1669916327,0,1,-67,67,5,0,40,0,0,0,2.6,0,0,0,0
1669916328,0,1,-67,67,5.2,0,40,0,0,0,2.6,0,0,0,0
1669916329,0,1,-67,67,4.9,0,40,0,0,0,2.6,0,0,0,0
1669916330,0,1,-67,67,4.8,14,40,1,0.0033,0,2.6,21,0,0.081,0
1669916331,0,1,-67,67,5.2,0,40,0,0,0,2.6,23,0,0.114,0
1669916332,0,1,-67,67,5,0,40,0,0,0,2.6,0,0,0,0
1669916333,0,1,-67,67,5,0,40,0,0,0,2.6,0,0,0,0
1669916334,0,1,-67,67,4.9,0,40,0,0,0,2.6,0,0,0,0
1669916335,0,1,-67,67,4.9,0,40,0,0,0,2.6,0,0,0,0
1669916336,0,1,-67,67,4.9,0,40,0,0,0,2.6,0,0,0,0
1669916337,0,1,-67,67,5,0,40,0,0,0,2.6,0,0,0,0
1669916338,0,1,-67,67,4.7,0,40,0,0,0,2.6,0,0,0,0
1669916339,0,1,-67,67,4.9,14,40,1,0.0028,0,2.6,21,0,0.154,0
1669916340,0,1,-67,67,4.7,0,40,0,0,0,2.6,0,0,0,0
1669916341,0,1,-67,67,5.2,0,40,0,0,0,2.6,0,0,0,0
1669916342,0,1,-67,67,5.2,0,40,0,0,0,2.6,0,0,0,0
1669916343,0,1,-67,67,4.9,0,40,0,0,0,2.6,0,0,0,0
1669916344,0,1,-67,67,5.1,0,40,0,0,0,2.6,0,0,0,0
1669916345,0,1,-67,67,5.4,0,40,0,0,0,2.6,0,0,0,0
1669916346,0,1,-67,67,4.8,0,40,0,0,0,2.6,0,0,0,0
1669916347,0,1,-67,67,5.4,0,40,0,0,0,2.6,19,0,0.05,0
1669916348,0,1,-67,67,5.4,14,40,1,0.0028,0,2.6,22,0,0.106,0
1669916349,0,1,-67,67,5,0,40,0,0,0,2.6,0,0,0,0
1669916350,0,1,-67,67,5.3,0,40,0,0,0,2.6,0,0,0,0
1669916351,0,1,-67,67,5,0,40,0,0,0,2.6,0,0,0,0
1669916352,0,1,-67,67,4.8,0,40,0,0,0,2.6,0,0,0,0
1669916353,0,1,-67,67,5,0,40,0,0,0,2.6,0,0,0,0
1669916354,0,1,-67,67,5.3,0,40,0,0,0,2.6,0,0,0,0
1669916355,0,1,-67,67,5.3,0,40,0,0,0,2.6,0,0,0,0
1669916356,0,1,-67,67,6.1,13,40,1,0.034,0,2.6,6,705,0.592,0
1669916357,0,1,-67,67,7.1,10,40,2.8,0.053,45,2.6,2,0,0.881,45
1669916358,0,1,-67,67,5.6,8,40,3,0.026,50,2.6,10,0,0.823,50
1669916359,0,1,-67,67,4.6,11,40,1,0.059,0,2.6,16,1.4,0.703,0
1669916360,0,1,-67,67,7.1,13,40,1,0.07,0,2.6,2,2.2,1.2,0
1669916361,0,1,-67,67,5.2,13,40,1,0.017,0,2.6,7,0,0.484,0
1669916362,0,1,-67,67,5.1,0,40,0,0,0,2.6,0,0,0,0
1669916363,0,1,-67,67,5,0,40,0,0,0,2.6,0,0,0,0
1669916364,0,1,-67,67,5.3,11,40,1,0.012,0,2.6,3,1.6,0.332,0
1669916365,0,1,-67,67,5.7,10,40,3.5,0.0097,61,2.6,1,3.6,0.401,61
1669916366,0,1,-67,67,6.9,13,40,1,0.051,0,2.6,8,1.5,1.1,0
1669916367,0,1,-67,67,5.2,12,40,1,0.012,0,2.6,19,5.5,0.542,0
1669916368,0,1,-67,67,4.7,0,40,0,0,0,2.6,0,7,0,0
1669916369,0,1,-67,67,6.9,5,40,1,0.071,0,2.6,1,993,0.975,0
1669916370,0,1,-67,67,6,9,40,1,0.026,0,2.6,6,0,0.472,0
1669916371,0,1,-67,67,4.5,0,40,0,0,0,2.6,0,0,0,0
1669916372,0,1,-67,67,5,0,40,0,0,0,2.6,0,0,0,0
1669916373,0,1,-67,67,5.3,12,40,1,0.012,0,2.6,5,0,0.659,0
1669916374,0,1,-67,67,5.1,13,40,1,0.0052,0,2.6,20,0,0.134,0
1669916375,0,1,-67,67,4.9,0,40,0,0,0,2.6,0,0,0,0
1669916376,0,1,-67,67,5.2,11,40,1,0.018,0,2.6,19,0,0.541,0
1669916377,0,1,-67,67,5.5,11,40,1,0.015,0,1.6,21,0,0.493,0
1669916378,0,1,-67,67,5.9,13,40,1,0.0034,0,2.6,6,0,0.21,0
1669916379,0,1,-67,67,8.1,11,40,1,0.033,0,2.6,1,2.5,0.672,0
1669916380,0,1,-67,67,6.6,7,40,1.3,0.055,7,2.6,4,2.4,1.6,7
1669916381,0,1,-67,67,6.2,11,40,1,0.073,0,2.6,4,6.2,1.6,0
1669916382,0,1,-67,67,9.7,11,40,1,0.075,0,2.6,1,6.4,1.4,0
1669916383,0,1,-67,67,5.1,10,40,1,0.084,0,2.6,2,7.8,1.6,0
1669916384,0,1,-67,67,5.8,5,40,2.2,0.048,29,2.6,3,13,1.4,29
1669916385,0,1,-67,67,8.7,10,40,1.4,0.102,8,2.6,1,7.3,1.5,8
1669916386,0,1,-67,67,5.7,10,40,1.9,0.037,21,2.6,10,5.9,1.7,21
1669916387,0,1,-67,67,8.5,10,40,1,0.083,0,2.6,7,11,1.4,0
1669916388,0,1,-67,67,6.4,11,40,2.1,0.04,23,2.6,0,11,1.1,23
1669916389,0,1,-62,62,6.9,10,40,1,0.05,0,2.6,2,11,1.3,0
1669916390,0,1,-61,61,7.5,9,40,1,0.062,0,2.6,1,10,1.6,0
1669916391,0,1,-61,61,6.1,11,40,1,0.041,0,2.6,1,15,1.3,0
1669916392,0,1,-61,61,8.7,10,40,1,0.067,0,2.6,3,30,2,0
1669916393,0,1,-61,61,3,9,40,1.3,0.137,5,2.6,4,29,2.4,5
1669916394,0,1,-61,61,6.5,10,40,1,0.168,0,2.6,2,28,1.6,0
1669916395,0,1,-61,61,5.7,10,40,1,0.055,0,2.6,1,35,1.4,0
1669916396,0,1,-61,61,7.8,10,40,1,0.041,0,2.6,0,39,1.2,0
1669916397,0,1,-61,61,7.8,12,40,1,0.162,0,2.6,2,28,1.9,0
1669916398,0,1,-61,61,9.1,10,40,2.6,0.063,42,2.6,1,27,1.3,42
1669916399,0,1,-61,61,4.2,9,40,1,0.053,0,2.6,1,33,1.2,0
1669916400,0,1,-61,61,4.5,11,40,1,0.045,0,2.6,1,32,1.4,0
1669916401,0,1,-61,61,5.5,11,40,1,0.066,0,2.6,1,30,1.5,0
1669916402,0,1,-61,61,4.5,5,40,2.7,0.097,37,2.6,1,7.3,1.3,37
1669916403,0,1,-61,61,5.5,10,40,1,0.096,0,2.6,3,12,1.7,0
1669916404,0,1,-61,61,6.6,12,40,1,0.105,0,2.6,1,12,1.4,0
1669916405,0,1,-61,61,6.4,9,40,1,0.033,0,2.6,1,13,1.1,0
1669916406,0,1,-61,61,8.9,11,40,1,0.094,0,2.6,2,12,1.3,0
1669916407,0,1,-61,61,6.8,9,40,1,0.111,0,2.6,10,7.8,1,0
1669916408,0,1,-61,61,5.7,12,40,1,0.072,0,2.6,1,8.3,1.1,0
1669916409,0,1,-61,61,6.5,5,40,2.4,0.018,35,2.6,5,0,0.785,35
1669916410,0,1,-61,61,5.4,13,40,1,0.0056,0,2.6,2,0,0.215,0
1669916411,0,1,-61,61,5.2,13,40,1,0.0031,0,2.6,1,385,0.127,0
1669916412,0,1,-61,61,4.9,8,40,1,0.034,0,2.6,1,0,0.544,0
1669916413,0,1,-61,61,5.1,11,40,1,0.0019,0,2.6,20,3,0.112,0
1669916414,0,1,-61,61,5,13,40,1,0.0026,0,2.6,21,0,0.173,0
1669916415,0,1,-61,61,5.4,11,40,1,0.0085,0,2.6,20,3,0.241,0
1669916416,0,1,-61,61,4.3,13,40,1,0.0069,0,2.1,16,0,0.24,0
1669916417,0,1,-61,61,4.7,13,40,1,0.0026,0,2.1,5,0,0.104,0
1669916418,0,1,-61,61,5.4,11,40,1,0.0019,0,2.1,21,1.5,0.087,0
1669916419,0,1,-61,61,5,12,40,1,0.0099,0,2.1,2,1.4,0.388,0
1669916420,0,1,-61,61,3.5,10,40,1,0.029,0,2.1,12,1.7,0.663,0
1669916421,0,1,-61,61,6.3,7,40,1,0.033,0,2.1,1,2.8,0.48,0
1669916422,0,1,-61,61,5.3,11,40,1,0.021,0,2.1,0,3,0.443,0
1669916423,0,1,-61,61,4.1,9,40,1,0.0073,0,2.1,8,0,0.523,0
1669916424,0,1,-61,61,5.2,13,40,1,0.0063,0,2.1,21,0,0.105,0
1669916425,0,1,-61,61,5.5,13,40,1,0.003,0,2.1,0,1.4,0.231,0
1669916426,0,1,-61,61,6.2,10,40,1,0.016,0,2.1,26,0,0.495,0
1669916427,0,1,-61,61,6.2,11,40,1,0.0074,0,2.1,3,1.1,0.41,0
1669916428,0,1,-61,61,5.5,13,40,1,0.0026,0,2.1,4,0,0.197,0
1669916429,0,1,-61,61,5,0,40,0,0,0,2.1,22,0,0.075,0
1669916430,0,1,-61,61,4.9,0,40,0,0,0,2.1,10,979,0,0
1669916431,0,1,-61,61,5.3,0,40,0,0,0,2.1,10,453,0,0
1669916432,0,1,-61,61,5,0,40,0,0,0,2.1,10,2,0,0
1669916433,0,1,-61,61,5.1,13,40,1,0.0026,0,2.1,17,0,0.189,0
1669916434,0,1,-61,61,5,0,40,0,0,0,2.1,1,0,0.061,0
1669916435,0,1,-61,61,5,0,40,0,0,0,2.1,0,0,0.021,0
1669916436,0,1,-61,61,5,0,40,0,0,0,2.1,0,0,0,0
1669916437,0,1,-61,61,6.1,0,40,1,0.0022,0,2.1,0,0,0.193,0
1669916438,0,1,-61,61,4.9,0,40,0,0,0,2.1,0,0,0.014,0
1669916439,0,1,-61,61,4.8,0,40,0,0,0,2.1,12,0,0.077,0
1669916440,0,1,-61,61,5.2,0,40,0,0,0,2.1,0,0,0,0
1669916441,0,1,-61,61,5.2,0,40,0,0,0,2.1,5,0,0.093,0
1669916442,0,1,-61,61,5.5,0,40,0,0,0,2.1,0,0,0,0
1669916443,0,1,-61,61,5,0,40,0,0,0,2.1,0,0,0,0
1669916444,0,1,-61,61,4.8,0,40,0,0,0,2.1,0,0,0,0
1669916445,0,1,-61,61,5,0,40,0,0,0,2.1,0,0,0,0
1669916446,0,1,-61,61,5.4,11,40,1,0.002,0,2.1,20,0,0.088,0
1669916447,0,1,-61,61,4.9,0,40,0,0,0,2.1,0,0,0,0
1669916448,0,1,-61,61,5,11,40,1,0.002,0,2.1,21,0,0.088,0
1669916449,0,1,-61,61,5,11,40,1,0.0019,0,2.1,20,0,0.084,0
1669916450,0,1,-61,61,5,0,40,0,0,0,2.1,9,979,0,0
1669916451,0,1,-61,61,5.1,0,40,0,0,0,2.1,0,979,0,0
1669916452,0,1,-61,61,4.8,0,40,0,0,0,2.1,9,2,0,0
1669916453,0,1,-61,61,4.9,0,40,0,0,0,2.1,16,0,0.11,0
1669916454,0,1,-61,61,4.7,0,40,0,0,0,2.1,0,0,0,0
1669916455,0,1,-61,61,5.6,0,40,0,0,0,2.1,0,0,0,0
1669916456,0,1,-61,61,5.3,0,40,0,0,0,2.1,0,0,0,0
1669916457,0,1,-61,61,4.9,0,40,0,0,0,2.1,10,979,0,0
1669916458,0,1,-61,61,4.8,0,40,0,0,0,2.1,10,453,0,0
1669916459,0,1,-61,61,5.2,0,40,0,0,0,2.1,0,453,0,0
1669916460,0,1,-61,61,4.8,0,40,0,0,0,2.1,10,0,0,0
1669916461,0,1,-61,61,4.8,0,40,0,0,0,2.1,0,0,0,0
1669916462,0,1,-61,61,5.3,0,40,0,0,0,2.1,0,0,0,0
1669916463,0,1,-61,61,4.8,0,40,0,0,0,2.1,0,0,0,0
1669916464,0,1,-61,61,5,0,40,0,0,0,2.1,0,0,0,0
1669916465,0,1,-61,61,5.2,0,40,0,0,0,2.1,0,0,0,0
1669916466,0,1,-61,61,4.7,0,40,0,0,0,2.1,10,979,0,0
1669916467,0,1,-61,61,5,0,40,0,0,0,2.1,10,453,0,0
1669916468,0,1,-61,61,4.9,0,40,0,0,0,2.1,10,453,0,0
1669916469,0,1,-61,61,5,0,40,0,0,0,2.1,3,0,0.0051,0
1669916470,0,1,-61,61,5.2,0,40,0,0,0,2.1,0,0,0,0
1669916471,0,1,-61,61,5,0,40,0,0,0,2.1,0,0,0,0
1669916472,0,1,-61,61,4.9,0,40,0,0,0,2.1,0,0,0,0
1669916473,0,1,-61,61,4.8,0,40,0,0,0,2.1,0,0,0,0
1669916474,0,1,-61,61,5.1,0,40,0,0,0,2.1,0,0,0,0
1669916475,0,1,-61,61,4.8,0,40,0,0,0,2.1,0,0,0,0
1669916476,0,1,-61,61,5.4,0,40,0,0,0,2.1,0,0,0,0
1669916477,0,1,-61,61,5.1,0,40,0,0,0,2.1,0,0,0,0
1669916478,0,1,-61,61,5,0,40,0,0,0,2.1,0,0,0,0
1669916479,0,1,-61,61,5.1,0,40,0,0,0,2.1,0,0,0,0
1669916480,0,1,-61,61,4.9,0,40,0,0,0,2.1,0,0,0,0
1669916481,0,1,-61,61,5,0,40,0,0,0,2.1,0,0,0,0
1669916482,0,1,-61,61,5.4,0,40,0,0,0,2.1,0,0,0,0
1669916483,0,1,-61,61,5.1,0,40,0,0,0,2.1,0,0,0,0
1669916484,0,1,-61,61,5,11,40,1,0.0019,0,2.1,21,0,0.071,0
1669916485,0,1,-61,61,5.1,0,40,0,0,0,2.1,0,1.5,0.088,0
1669916486,0,1,-61,61,4.7,11,40,1,0.0019,0,2.1,21,0,0.16,0
1669916487,0,1,-61,61,4.9,11,40,1,0.0019,0,2.1,21,0,0.158,0
1669916488,0,1,-61,61,5.2,0,40,0,0,0,2.1,22,0,0.016,0
1669916489,0,1,-61,61,4.8,11,40,1,0.0019,0,2.1,21,0,0.144,0
1669916490,0,1,-61,61,5,11,40,1,0.0019,0,2.1,20,0,0.156,0
1669916491,0,1,-61,61,4.9,11,40,1,0.0019,0,2.1,20,0,0.068,0
1669916492,0,1,-61,61,4.8,0,40,0,0,0,2.1,20,0,0.144,0
1669916493,0,1,-61,61,4.7,11,40,1,0.0019,0,2.1,21,979,0.124,0
1669916494,0,1,-61,61,5,11,40,1,0.0019,0,2.1,21,0,0.144,0
1669916495,0,1,-61,61,5.1,11,40,1,0.0019,0,2.1,21,0,0.16,0
1669916496,0,1,-61,61,5.3,11,40,1,0.0019,0,2.1,20,0,0.156,0
1669916497,0,1,-61,61,5.1,11,40,1,0.0019,0,2.1,21,0,0.16,0
1669916498,0,1,-61,61,5.1,11,40,1,0.0019,0,2.1,21,0,0.159,0
1669916499,0,1,-61,61,4.9,11,40,1,0.002,0,2.1,21,0,0.163,0
1669916500,0,1,-61,61,5.2,11,40,1,0.0019,0,2.1,20,0,0.157,0
1669916501,0,1,-61,61,5.4,11,40,1,0.0019,0,2.1,21,0,0.159,0
1669916502,0,1,-61,61,5.2,11,40,1,0.0019,0,2.1,21,995,0.158,0
1669916503,0,1,-61,61,4.9,11,40,1,0.002,0,2.1,20,0,0.214,0
1669916504,0,1,-61,61,5,11,40,1,0.0039,0,2.1,21,3,0.161,0
1669916505,0,1,-61,61,5.2,11,40,1,0.0019,0,2.1,21,0,0.176,0
1669916506,0,1,-61,61,5.3,11,40,1,0.0019,0,2.1,21,0,0.245,0
1669916507,0,1,-61,61,4.8,11,40,1,0.0019,0,2.1,21,0,0.159,0
1669916508,0,1,-61,61,5.1,11,40,1,0.0019,0,2.1,20,995,0.153,0
1669916509,0,1,-61,61,5.2,11,40,1,0.0019,0,2.1,20,0,0.208,0
1669916510,0,1,-61,61,5,11,40,1,0.0038,0,2.1,21,0,0.172,0
1669916511,0,1,-61,61,5.2,11,40,1,0.0019,0,2.1,21,0,0.247,0
1669916512,0,1,-61,61,5.3,11,40,1,0.0019,0,2.1,21,0,0.21,0
1669916513,0,1,-61,61,5.3,11,40,1,0.0039,0,2.1,19,3,0.16,0
1669916514,0,1,-61,61,5.3,11,40,1,0.0019,0,2.1,21,0,0.263,0
1669916515,0,1,-61,61,5.4,11,40,1,0.0019,0,2.1,21,995,0.173,0
1669916516,0,1,-61,61,5.3,11,40,1,0.0039,0,2.1,20,3,0.196,0
1669916517,0,1,-61,61,5.5,11,40,1,0.0019,0,2.1,21,0,0.265,0
1669916518,0,1,-61,61,5.4,11,40,1,0.0019,0,2.1,21,1.5,0.158,0
1669916519,0,1,-61,61,4.9,11,40,1,0.0019,0,2.1,20,0,0.212,0
1669916520,0,1,-61,61,5.4,11,40,1,0.0039,0,2.1,21,0,0.18,0
1669916521,0,1,-61,61,5.3,11,40,1,0.002,0,2.1,21,0,0.25,0
1669916522,0,1,-61,61,5.3,11,40,1,0.0019,0,2.1,20,0,0.211,0
1669916523,0,1,-61,61,5.1,11,40,1,0.0039,0,2.1,21,2.5,0.158,0
1669916524,0,1,-61,61,5.1,10,40,1,0.0095,0,2.1,20,3,0.32,0
1669916525,0,1,-61,61,4.8,7,40,1,0.01,0,2.6,19,0,0.345,0
1669916526,0,1,-61,61,4.8,13,40,1,0.0026,0,2.6,15,963,0.057,0
1669916527,0,1,-61,61,5.3,0,40,0,0,0,2.6,0,2.3,0,0
1669916528,0,1,-61,61,5.1,11,40,1,0.0074,0,2.6,9,0,0.303,0
1669916529,0,1,-61,61,5.3,0,40,0,0,0,2.6,19,0,0.051,0
1669916530,0,1,-61,61,4.9,11,40,1,0.002,0,2.6,22,0,0.112,0
1669916531,0,1,-61,61,6,13,40,1,0.0068,0,2.6,20,0,0.233,0
1669916532,0,1,-61,61,5.1,13,40,1,0.0029,0,2.6,16,0,0.128,0
1669916533,0,1,-61,61,4.7,13,40,1,0.0026,0,2.6,0,3,0.073,0
1669916534,0,1,-61,61,5.3,13,40,1,0.0026,0,2.6,14,0,0.229,0
1669916535,0,1,-61,61,5,11,40,1,0.01,0,2.6,2,0,0.306,0
1669916536,0,1,-61,61,5.6,11,40,1,0.004,0,2.6,11,0,0.203,0
1669916537,0,1,-61,61,5.1,0,40,0,0,0,2.6,1,0,0.076,0
1669916538,0,1,-61,61,5.5,11,40,1,0.0019,0,2.6,5,1.4,0.198,0
1669916539,0,1,-61,61,4.8,0,40,0,0,0,2.6,0,1.4,0,0
1669916540,0,1,-61,61,5.2,0,40,0,0,0,2.6,20,0,0.126,0
1669916541,0,1,-61,61,4.6,0,40,0,0,0,2.6,0,0,0,0
1669916542,0,1,-61,61,4.8,0,40,0,0,0,2.6,0,0,0,0
1669916543,0,1,-61,61,4.8,0,40,0,0,0,2.6,28,0,0.09,0
1669916544,0,1,-61,61,5.2,0,40,0,0,0,2.6,0,0,0,0
1669916545,0,1,-61,61,5.1,0,40,0,0,0,2.6,0,0,0,0
1669916546,0,1,-61,61,5.2,0,40,0,0,0,2.6,0,0,0,0
1669916547,0,1,-61,61,5.1,0,40,0,0,0,2.6,0,0,0,0
1669916548,0,1,-61,61,5.1,0,40,0,0,0,2.6,0,0,0,0
1669916549,0,1,-61,61,5.2,0,40,0,0,0,2.6,21,0,0.083,0
1669916550,0,1,-61,61,4.8,0,40,0,0,0,2.6,0,0,0,0
1669916551,0,1,-61,61,5.2,0,40,0,0,0,2.6,0,0,0,0
1669916552,0,1,-61,61,5,0,40,0,0,0,2.6,0,0,0,0
1669916553,0,1,-61,61,5.3,0,40,0,0,0,2.6,0,0,0,0
1669916554,0,1,-61,61,5.1,0,40,0,0,0,2.6,0,0,0,0
1669916555,0,1,-61,61,5,0,40,0,0,0,2.6,0,0,0,0
1669916556,0,1,-61,61,5.1,0,40,0,0,0,2.6,0,0,0,0
1669916557,0,1,-61,61,4.8,0,40,0,0,0,2.6,0,0,0,0
1669916558,0,1,-61,61,4.9,0,40,0,0,0,2.6,0,0,0,0
1669916559,0,1,-61,61,4.8,0,40,0,0,0,2.6,0,0,0,0
1669916560,0,1,-61,61,5,0,40,0,0,0,2.6,0,0,0,0
1669916561,0,1,-61,61,4.7,12,40,1,0.013,0,2.6,4,0,0.472,0
1669916562,0,1,-61,61,4.9,13,40,1,0.0082,0,2.6,21,1.5,0.21,0
1669916563,0,1,-61,61,5.2,0,40,1,0.000216,0,1.6,0,0,0.169,0
1669916564,0,1,-61,61,5.5,11,40,1,0.0021,0,2.6,2,3,0.068,0
1669916565,0,1,-61,61,5.7,12,40,1,0.026,0,2.6,4,0,0.967,0
1669916566,0,1,-61,61,5.5,12,40,1,0.0073,0,2.6,20,0,0.286,0
1669916567,0,1,-61,61,4.7,12,40,1,0.012,0,2.6,5,3,0.483,0
1669916568,0,1,-61,61,5.4,12,40,1,0.024,0,2.6,15,995,0.543,0
1669916569,0,1,-61,61,4.9,11,40,1,0.0039,0,2.6,20,3,0.196,0
1669916570,0,1,-61,61,5,11,40,1,0.0019,0,2.6,21,0,0.26,0
1669916571,0,1,-61,61,5.2,11,40,1,0.002,0,2.6,20,1.5,0.158,0
1669916572,0,1,-61,61,5.1,11,40,1,0.0038,0,2.6,20,3,0.207,0
1669916573,0,1,-61,61,5.4,11,40,1,0.011,0,2.6,10,1.5,0.328,0
1669916574,0,1,-61,61,4.2,12,40,1,0.0086,0,2.6,1,1,0.299,0
1669916575,0,1,-61,61,5.2,10,40,1,0.02,0,2.6,3,1.1,0.619,0
1669916576,0,1,-61,61,7.1,9,40,1,0.026,0,3.6,1,2.9,0.543,0
1669916577,0,1,-61,61,7.2,9,40,1,0.037,0,2.6,1,997,0.692,0
1669916578,0,1,-61,61,6.2,9,40,1,0.019,0,2.6,3,1.5,0.794,0
1669916579,0,1,-61,61,5.1,11,40,1,0.028,0,2.6,1,0,0.588,0
1669916580,0,1,-61,61,5.8,9,40,1,0.082,0,1.6,10,3.5,0.961,0
1669916581,0,1,-61,61,5.6,11,40,2.2,0.037,29,2.6,2,0,0.877,29
1669916582,0,1,-61,61,6.3,15,40,2.2,0.011,20,2.6,4,0,0.398,20
1669916583,0,1,-61,61,5.2,11,40,1,0.0019,0,2.6,3,3,0.099,0
1669916584,0,1,-61,61,5.5,11,40,1,0.0065,0,2.6,17,0,0.241,0
1669916585,0,1,-61,61,5.1,13,40,1,0.0026,0,2.6,21,1.5,0.071,0
1669916586,0,1,-61,61,4.8,11,40,1,0.0019,0,2.6,20,1.5,0.086,0
1669916587,0,1,-61,61,4.7,11,40,1,0.0019,0,2.6,19,979,0.087,0
1669916588,0,1,-61,61,5.3,5,40,1,0.0064,0,2.6,4,1.3,0.432,0
1669916589,0,1,-61,61,5.7,6,40,1,0.0031,0,2.6,11,0,0.241,0
1669916590,0,1,-61,61,5.3,9,40,3.2,0.014,61,2.6,5,0,0.255,61
1669916591,0,1,-61,61,5.4,0,40,0,0,0,2.6,22,0,0.194,0
1669916592,0,1,-61,61,5,13,40,1,0.0057,0,2.6,19,0,0.096,0
1669916593,0,1,-61,61,4.8,11,40,1,0.002,0,2.6,1,0,0.185,0
1669916594,0,1,-61,61,5.4,0,40,0,0,0,2.6,0,1.4,0.019,0
1669916595,0,1,-61,61,5.9,11,40,1,0.043,0,2.6,5,1.6,0.547,0
1669916596,0,1,-61,61,6.1,16,40,1,0.016,0,2.6,7,0,0.511,0
1669916597,0,1,-61,61,5.7,11,40,1,0.002,0,2.6,4,2.9,0.127,0
1669916598,0,1,-61,61,4.8,13,40,1,0.0054,0,2.6,2,0,0.325,0
1669916599,0,1,-61,61,5.1,0,40,0,0,0,2.6,14,0,0.014,0
1669916600,0,1,-61,61,5.4,11,40,1,0.0019,0,2.6,12,2.5,0.065,0
1669916601,0,1,-61,61,5.4,14,40,1,0.012,0,2.6,4,1.4,0.484,0
1669916602,0,1,-61,61,4.9,0,40,0,0,0,2.6,0,2.9,0,0
1669916603,0,1,-61,61,5.3,11,40,1,0.0019,0,2.6,10,0,0.239,0
1669916604,0,1,-61,61,5,11,40,1,0.0019,0,2.6,20,0,0.086,0
1669916605,0,1,-61,61,4.8,11,40,1,0.0019,0,2.6,19,3,0.051,0
1669916606,0,1,-61,61,5.1,0,40,0,0,0,2.6,23,0,0.035,0
1669916607,0,1,-61,61,4.9,11,40,1,0.0019,0,2.6,21,0,0.087,0
1669916608,0,1,-61,61,5.3,13,40,1,0.0055,0,2.6,20,0,0.19,0
1669916609,0,1,-61,61,4.8,0,40,0,0,0,2.6,9,979,0,0
1669916610,0,1,-61,61,5.7,7,40,1,0.0091,0,2.6,4,2.1,0.255,0
1669916611,0,1,-61,61,5,0,40,0,0,0,2.6,3,1.5,0.095,0
1669916612,0,1,-61,61,4.4,10,40,1,0.0066,0,2.6,7,0,0.417,0
1669916613,0,1,-61,61,5.2,0,40,0,0,0,2.6,2,0,0.073,0
1669916614,0,1,-61,61,5,11,40,1,0.0019,0,2.6,21,0,0.086,0
1669916615,0,1,-61,61,5.1,11,40,1,0.0058,0,2.6,21,0,0.277,0
1669916616,0,1,-61,61,4.9,11,40,1,0.0019,0,2.6,21,0,0.159,0
1669916617,0,1,-61,61,5.2,11,40,1,0.0019,0,2.6,21,0,0.156,0
1669916618,0,1,-61,61,5.1,11,40,1,0.0019,0,2.6,20,0,0.155,0
1669916619,0,1,-61,61,5.4,11,40,1,0.0019,0,2.6,21,0,0.07,0
1669916620,0,1,-61,61,4.8,11,40,1,0.0019,0,2.6,21,0,0.16,0
1669916621,0,1,-61,61,5,11,40,1,0.0019,0,2.6,21,0,0.159,0
1669916622,0,1,-61,61,5.4,11,40,1,0.0019,0,2.6,21,0,0.248,0
1669916623,0,1,-61,61,5.3,11,40,1,0.0019,0,2.6,21,0,0.156,0
1669916624,0,1,-61,61,5,11,40,1,0.0019,0,2.6,21,0,0.158,0
1669916625,0,1,-61,61,5.6,11,40,1,0.0019,0,2.6,20,1.5,0.154,0
1669916626,0,1,-61,61,5.3,11,40,1,0.0019,0,2.6,21,0,0.208,0
1669916627,0,1,-61,61,5.1,11,40,1,0.0038,0,2.6,18,3,0.159,0
1669916628,0,1,-61,61,5.4,11,40,1,0.0019,0,2.6,21,0,0.176,0
1669916629,0,1,-61,61,5.2,11,40,1,0.0019,0,2.6,21,0,0.246,0
1669916630,0,1,-61,61,5.4,11,40,1,0.0019,0,2.6,21,1.5,0.155,0
1669916631,0,1,-61,61,5.5,11,40,1,0.0039,0,2.6,20,3,0.211,0
1669916632,0,1,-61,61,4.9,11,40,1,0.0019,0,2.6,21,0,0.261,0
1669916633,0,1,-61,61,5.5,11,40,1,0.0019,0,2.6,21,1.5,0.157,0
1669916634,0,1,-61,61,4.6,11,40,1,0.0019,0,2.6,20,0,0.211,0
1669916635,0,1,-61,61,5.9,11,40,1,0.0038,0,2.6,21,0,0.263,0
1669916636,0,1,-61,61,5.3,11,40,1,0.0019,0,2.6,21,0,0.159,0
1669916637,0,1,-61,61,4.7,11,40,1,0.0019,0,2.6,20,0,0.209,0
1669916638,0,1,-61,61,4.7,11,40,1,0.0038,0,2.6,21,0,0.175,0
1669916639,0,1,-61,61,4.8,10,40,1,0.0094,0,2.6,18,3,0.298,0
1669916640,0,1,-61,61,5.1,11,40,1,0.002,0,2.6,22,0,0.124,0
1669916641,0,1,-61,61,4.7,0,40,0,0,0,2.6,5,1.5,0.078,0
1669916642,0,1,-61,61,5.1,0,40,0,0,0,2.6,3,0,0.093,0
1669916643,0,1,-61,61,5,0,40,0,0,0,2.6,22,0,0.046,0
1669916644,0,1,-61,61,5.2,0,40,0,0,0,2.6,0,0,0.0081,0
1669916645,0,1,-61,61,5,0,40,0,0,0,2.6,0,0,0,0
1669916646,0,1,-61,61,4.7,0,40,0,0,0,2.6,0,0,0,0
1669916647,0,1,-61,61,5,0,40,0,0,0,2.6,21,0,0.045,0
1669916648,0,1,-61,61,5.2,0,40,0,0,0,2.6,0,0,0,0
1669916649,0,1,-61,61,5,0,40,0,0,0,2.6,0,0,0,0
1669916650,0,1,-61,61,4.8,0,40,0,0,0,2.6,0,0,0,0
1669916651,0,1,-61,61,4.6,0,40,0,0,0,2.6,0,0,0,0
1669916652,0,1,-61,61,5.3,0,40,0,0,0,2.6,0,0,0,0
1669916653,0,1,-61,61,4.7,0,40,0,0,0,2.6,0,0,0,0
1669916654,0,1,-61,61,4.8,0,40,0,0,0,2.6,4,0,0.078,0
1669916655,0,1,-61,61,4.8,0,40,0,0,0,2.6,0,0,0,0
1669916656,0,1,-61,61,4.8,0,40,0,0,0,2.6,0,0,0,0
1669916657,0,1,-61,61,4.9,0,40,0,0,0,2.6,0,0,0,0
1669916658,0,1,-61,61,4.8,0,40,0,0,0,2.6,0,0,0,0
1669916659,0,1,-61,61,4.9,0,40,0,0,0,2.6,0,0,0,0
1669916660,0,1,-61,61,5.1,0,40,0,0,0,2.6,0,0,0,0
1669916661,0,1,-61,61,5.1,0,40,0,0,0,2.6,0,0,0,0
1669916662,0,1,-61,61,4.8,0,40,0,0,0,2.6,0,0,0,0
1669916663,0,1,-61,61,5.1,0,40,0,0,0,2.6,0,0,0,0
1669916664,0,1,-61,61,5.2,0,40,0,0,0,2.6,0,0,0,0
1669916665,0,1,-61,61,4.9,0,40,0,0,0,2.6,0,0,0,0
1669916666,0,1,-61,61,5,0,40,0,0,0,2.6,0,0,0,0
1669916667,0,1,-61,61,4.9,0,40,0,0,0,2.6,0,0,0,0
1669916668,0,1,-61,61,5.5,0,40,0,0,0,2.6,0,0,0.019,0
1669916669,0,1,-61,61,5.1,0,40,0,0,0,2.6,19,0,0.054,0
1669916670,0,1,-61,61,5.2,0,40,0,0,0,2.6,0,0,0,0
1669916671,0,1,-61,61,5.2,0,40,0,0,0,2.6,0,0,0,0
1669916672,0,1,-61,61,4.7,0,40,0,0,0,2.6,0,0,0,0
1669916673,0,1,-61,61,5.2,0,40,0,0,0,2.6,0,0,0,0
1669916674,0,1,-61,61,5.1,0,40,0,0,0,2.6,0,0,0,0
1669916675,0,1,-61,61,5.1,0,40,0,0,0,2.6,0,0,0,0
1669916676,0,1,-61,61,5,0,40,0,0,0,2.6,0,0,0,0
1669916677,0,1,-61,61,5,0,40,0,0,0,2.6,0,0,0,0
1669916678,0,1,-61,61,5.3,0,40,0,0,0,2.6,0,0,0,0
1669916679,0,1,-61,61,5.1,0,40,0,0,0,2.6,0,0,0,0
1669916680,0,1,-61,61,5,0,40,0,0,0,2.6,0,0,0,0
1669916681,0,1,-61,61,5.2,0,40,0,0,0,2.6,0,0,0,0
1669916682,0,1,-61,61,5.3,0,40,0,0,0,2.6,0,0,0,0
1669916683,0,1,-61,61,4.8,0,40,0,0,0,2.6,0,0,0,0
1669916684,0,1,-61,61,4.8,0,40,0,0,0,2.6,0,0,0,0
1669916685,0,1,-61,61,5.5,0,40,0,0,0,2.6,0,0,0,0
1669916686,0,1,-61,61,5,0,40,0,0,0,2.6,0,0,0,0
1669916687,0,1,-61,61,5.1,0,40,0,0,0,2.6,0,0,0,0
1669916688,0,1,-61,61,4.8,0,40,0,0,0,2.6,0,0,0,0
1669916689,0,1,-61,61,4.9,0,40,0,0,0,2.6,0,0,0,0
1669916690,0,1,-61,61,4.7,0,40,0,0,0,2.6,0,0,0,0
1669916691,0,1,-61,61,5,0,40,0,0,0,2.6,0,0,0,0
1669916692,0,1,-61,61,5,0,40,0,0,0,2.6,0,0,0,0
1669916693,0,1,-61,61,4.8,0,40,0,0,0,2.6,0,0,0,0
1669916694,0,1,-61,61,4.6,0,40,0,0,0,2.6,0,0,0,0
1669916695,0,1,-61,61,4.9,0,40,0,0,0,2.6,0,0,0,0
1669916696,0,1,-61,61,5.4,0,40,0,0,0,2.6,0,0,0,0
1669916697,0,1,-61,61,4.7,5,40,1,0.0019,0,2.6,14,0,0.074,0
1669916698,0,1,-61,61,5.5,12,40,1,0.014,0,2.6,17,0,0.401,0
1669916699,0,1,-61,61,4.7,13,40,1,0.0026,0,2.6,9,0,0.193,0
1669916700,0,1,-61,61,5.4,13,40,1,0.0026,0,2.6,12,0,0.181,0
1669916701,0,1,-61,61,4.3,13,40,1,0.011,0,2.6,15,0,0.292,0
1669916702,0,1,-61,61,5.8,12,40,1,0.0072,0,2.6,21,0,0.175,0
1669916703,0,1,-61,61,5.5,11,40,1,0.0039,0,2.6,20,0,0.175,0
1669916704,0,1,-61,61,5,11,40,1,0.0038,0,2.6,20,0,0.173,0
1669916705,0,1,-61,61,5.2,11,40,1,0.0039,0,2.6,20,3,0.139,0
1669916706,0,1,-61,61,4.9,0,40,0,0,0,2.6,17,963,0.035,0
1669916707,0,1,-61,61,4.9,0,40,0,0,0,2.6,0,2.3,0,0
1669916708,0,1,-61,61,4.9,0,40,0,0,0,2.6,0,3.8,0,0
1669916709,0,1,-61,61,6,9,40,1,0.019,0,2.6,4,2.9,0.555,0
1669916710,0,1,-61,61,6.1,10,40,1,0.039,0,2.6,1,0,0.742,0
1669916711,0,1,-61,61,5.9,12,40,1,0.015,0,2.6,3,0,0.482,0
1669916712,0,1,-61,61,5.2,0,40,0,0,0,2.6,18,0,0.083,0
1669916713,0,1,-61,61,5.1,9,40,1,0.0061,0,2.6,20,1.5,0.263,0
1669916714,0,1,-61,61,4.7,13,40,1,0.0052,0,2.6,20,0,0.138,0
1669916715,0,1,-61,61,5.1,12,40,1,0.0097,0,2.6,13,1.3,0.469,0
1669916716,0,1,-61,61,5.5,8,40,1,0.0086,0,2.6,4,0,0.399,0
1669916717,0,1,-61,61,4.9,11,40,1,0.0019,0,2.6,20,0,0.157,0
1669916718,0,1,-61,61,4.8,13,40,1,0.0052,0,2.6,20,0,0.139,0
1669916719,0,1,-61,61,5.3,11,40,1,0.0019,0,2.6,21,1.5,0.087,0
1669916720,0,1,-61,61,5,11,40,1,0.0039,0,2.6,20,0,0.174,0
1669916721,0,1,-61,61,5.1,0,40,0,0,0,2.6,19,0,0.052,0
1669916722,0,1,-61,61,4.9,11,40,1,0.0019,0,2.6,19,0,0.156,0
1669916723,0,1,-61,61,5.4,11,40,1,0.002,0,2.6,21,0,0.161,0
1669916724,0,1,-61,61,5.3,9,40,1,0.0061,0,2.6,20,0,0.262,0
1669916725,0,1,-61,61,5.1,13,40,1,0.0053,0,2.6,20,0,0.141,0
1669916726,0,1,-61,61,4.6,13,40,1,0.0056,0,2.6,21,0,0.22,0
1669916727,0,1,-61,61,5.2,12,40,1,0.0071,0,2.6,20,137,0.17,0
1669916728,0,1,-61,61,5.6,8,40,1,0.0078,0,2.6,3,2.4,0.24,0
1669916729,0,1,-61,61,6.3,8,40,1,0.035,0,1.6,2,1.8,0.56,0
1669916730,0,1,-61,61,4.6,10,40,1,0.011,0,2.6,17,0,0.403,0
1669916731,0,1,-61,61,5,0,40,0,0,0,2.6,10,979,0,0
1669916732,0,1,-61,61,4.9,0,40,0,0,0,2.6,8,0,0.054,0
1669916733,0,1,-61,61,4.9,0,40,0,0,0,2.6,0,0,0,0
1669916734,0,1,-61,61,5.4,11,40,1,0.0019,0,2.6,29,427,0.134,0
1669916735,0,1,-61,61,5.2,13,40,1,0.0052,0,2.6,17,0,0.198,0
1669916736,0,1,-61,61,4.9,11,40,1,0.0019,0,2.6,19,3,0.051,0
1669916737,0,1,-61,61,4.8,11,40,1,0.0019,0,2.6,21,0,0.263,0
1669916738,0,1,-61,61,4.7,11,40,1,0.002,0,2.6,21,0,0.163,0
1669916739,0,1,-61,61,5.2,11,40,1,0.0019,0,2.6,7,0,0.226,0
1669916740,0,1,-61,61,5.9,11,40,1,0.0039,0,2.6,3,1.4,0.338,0
1669916741,0,1,-61,61,3.8,6,40,1,0.024,0,2.6,2,241,0.519,0
1669916742,0,1,-61,61,4.8,0,40,0,0,0,2.6,22,1.7,0,0
1669916743,0,1,-61,61,5.3,0,40,0,0,0,2.6,8,0,0.115,0
1669916744,0,1,-61,61,4.6,0,40,0,0,0,2.6,0,1.4,0,0
1669916745,0,1,-61,61,5.6,0,40,0,0,0,2.6,18,0,0.121,0
1669916746,0,1,-61,61,5.3,0,40,0,0,0,2.6,26,0,0.059,0
1669916747,0,1,-61,61,5.1,0,40,0,0,0,2.6,0,0,0.0049,0
1669916748,0,1,-61,61,5.3,0,40,0,0,0,2.6,0,0,0,0
1669916749,0,1,-61,61,5.1,0,40,0,0,0,2.6,0,0,0,0
1669916750,0,1,-61,61,4.9,0,40,0,0,0,2.6,0,0,0,0
1669916751,0,1,-61,61,5.3,0,40,0,0,0,2.6,2,0,0.051,0
1669916752,0,1,-61,61,5,0,40,0,0,0,2.6,0,0,0.023,0
1669916753,0,1,-61,61,5.3,0,40,0,0,0,2.6,0,0,0,0
1669916754,0,1,-61,61,5.1,0,40,0,0,0,2.6,0,0,0,0
1669916755,0,1,-61,61,4.8,0,40,0,0,0,2.6,0,0,0,0
1669916756,0,1,-61,61,5.1,0,40,0,0,0,2.6,0,0,0,0
1669916757,0,1,-61,61,5,0,40,0,0,0,2.6,0,0,0,0
1669916758,0,1,-61,61,5.3,0,40,0,0,0,2.6,0,0,0,0
1669916759,0,1,-61,61,5,0,40,0,0,0,2.6,0,0,0,0
1669916760,0,1,-61,61,5.1,0,40,0,0,0,2.6,0,0,0,0
1669916761,0,1,-61,61,4.7,0,40,0,0,0,2.6,19,0,0.107,0
1669916762,0,1,-61,61,5.2,0,40,0,0,0,2.6,0,0,0,0
1669916763,0,1,-61,61,5.1,0,40,0,0,0,2.6,0,0,0,0
1669916764,0,1,-61,61,4.9,0,40,0,0,0,2.6,0,0,0,0
1669916765,0,1,-61,61,5.4,0,40,0,0,0,2.6,0,0,0,0
1669916766,0,1,-61,61,4.6,0,40,0,0,0,2.6,0,0,0,0
1669916767,0,1,-61,61,4.8,0,40,0,0,0,2.6,0,0,0,0
1669916768,0,1,-61,61,4.8,0,40,0,0,0,2.6,0,0,0,0
1669916769,0,1,-61,61,5.1,0,40,0,0,0,2.6,0,0,0,0
1669916770,0,1,-61,61,4.7,0,40,0,0,0,2.6,0,0,0,0
1669916771,0,1,-61,61,5,0,40,0,0,0,2.6,0,0,0,0
1669916772,0,1,-61,61,4.9,0,40,0,0,0,2.6,0,0,0,0
1669916773,0,1,-61,61,5.3,0,40,0,0,0,2.6,0,0,0,0
1669916774,0,1,-61,61,5,0,40,0,0,0,2.6,0,0,0,0
1669916775,0,1,-61,61,4.9,0,40,0,0,0,2.6,0,0,0,0
1669916776,0,1,-61,61,5.2,0,40,0,0,0,2.6,0,0,0,0
1669916777,0,1,-61,61,5.1,0,40,0,0,0,2.6,0,0,0,0
1669916778,0,1,-61,61,5.1,0,40,0,0,0,2.6,0,0,0,0
1669916779,0,1,-61,61,4.9,0,40,0,0,0,2.6,0,0,0,0
1669916780,0,1,-61,61,5,0,40,0,0,0,2.6,0,1.5,0,0
1669916781,0,1,-61,61,5.2,0,40,0,0,0,2.6,12,0,0.127,0
1669916782,0,1,-61,61,4.7,0,40,0,0,0,2.6,0,0,0,0
1669916783,0,1,-61,61,5.1,0,40,0,0,0,2.6,0,0,0,0
1669916784,0,1,-61,61,5.2,0,40,0,0,0,2.6,0,0,0,0
1669916785,0,1,-61,61,5.2,0,40,0,0,0,2.6,0,0,0,0
1669916786,0,1,-61,61,5.1,0,40,0,0,0,2.6,0,0,0,0
1669916787,0,1,-61,61,5.4,0,40,0,0,0,2.6,0,0,0,0
1669916788,0,1,-61,61,5.1,0,40,0,0,0,2.6,0,0,0,0
1669916789,0,1,-61,61,5.4,0,40,0,0,0,2.6,0,0,0,0
1669916790,0,1,-61,61,5.3,0,40,0,0,0,2.6,0,0,0,0
1669916791,0,1,-61,61,5,0,40,0,0,0,2.6,0,0,0,0
1669916792,0,1,-61,61,5.4,0,40,0,0,0,2.6,0,0,0,0
1669916793,0,1,-61,61,5.1,0,40,0,0,0,2.6,0,0,0,0
1669916794,0,1,-61,61,5,0,40,0,0,0,2.6,0,0,0,0
1669916795,0,1,-61,61,5,0,40,0,0,0,2.6,0,0,0,0
1669916796,0,1,-61,61,5,0,40,0,0,0,2.6,0,0,0,0
1669916797,0,1,-61,61,5.5,0,40,0,0,0,2.6,0,0,0,0
1669916798,0,1,-61,61,5.6,0,40,0,0,0,2.6,0,0,0,0
1669916799,0,1,-61,61,4.8,0,40,0,0,0,2.6,0,0,0,0
1669916800,0,1,-61,61,4.7,0,40,0,0,0,2.6,0,0,0,0
1669916801,0,1,-61,61,5.2,0,40,0,0,0,2.6,0,0,0,0
1669916802,0,1,-61,61,5,0,40,0,0,0,2.6,0,0,0,0
1669916803,0,1,-61,61,4.9,0,40,0,0,0,2.6,0,0,0,0
1669916804,0,1,-61,61,5.3,0,40,0,0,0,2.6,0,0,0,0
1669916805,0,1,-61,61,4.8,0,40,0,0,0,2.6,0,0,0,0
1669916806,0,1,-61,61,4.9,0,40,0,0,0,2.6,0,0,0,0
1669916807,0,1,-61,61,5.1,0,40,0,0,0,2.6,0,0,0,0
1669916808,0,1,-61,61,4.8,0,40,0,0,0,2.6,0,0,0,0
1669916809,0,1,-61,61,4.9,0,40,0,0,0,2.6,0,0,0,0
1669916810,0,1,-61,61,4.8,0,40,0,0,0,2.6,0,0,0,0
1669916811,0,1,-61,61,5.1,0,40,0,0,0,2.6,0,0,0,0
1669916812,0,1,-61,61,5,0,40,0,0,0,2.6,0,0,0,0
1669916813,0,1,-61,61,5.1,0,40,0,0,0,2.6,0,0,0,0
1669916814,0,1,-61,61,4.7,0,40,0,0,0,2.6,0,0,0,0
1669916815,0,1,-61,61,4.7,0,40,0,0,0,2.6,0,0,0,0
1669916816,0,1,-61,61,5.1,0,40,0,0,0,2.6,0,0,0,0
1669916817,0,1,-61,61,4.7,0,40,0,0,0,2.6,0,0,0,0
1669916818,0,1,-61,61,5.4,0,40,0,0,0,2.6,0,0,0,0
1669916819,0,1,-61,61,5.1,0,40,0,0,0,2.6,22,995,0.016,0
1669916820,0,1,-61,61,5.9,11,40,1,0.0041,0,2.6,20,0,0.168,0
1669916821,0,1,-61,61,5.1,11,40,1,0.0023,0,2.6,21,0,0.102,0
1669916822,0,1,-61,61,5,11,40,1,0.0041,0,2.6,21,3,0.143,0
1669916823,0,1,-61,61,5.6,11,40,1,0.0019,0,2.6,20,0,0.122,0
1669916824,0,1,-61,61,5.2,11,40,1,0.0038,0,2.6,20,3,0.138,0
1669916825,0,1,-61,61,5.2,11,40,1,0.0019,0,2.6,22,0,0.122,0
1669916826,0,1,-61,61,5.5,11,40,1,0.0038,0,2.6,21,0,0.171,0
1669916827,0,1,-61,61,5.5,11,40,1,0.0039,0,2.6,21,0,0.174,0
1669916828,0,1,-61,61,4.9,0,40,0,0,0,2.6,14,979,0,0
1669916829,0,1,-61,61,5.1,0,40,0,0,0,2.6,0,2.3,0,0
1669916830,0,1,-61,61,5.1,0,40,0,0,0,2.6,0,3.7,0,0
1669916831,0,1,-61,61,4.9,0,40,0,0,0,2.6,0,3.7,0,0
1669916832,0,1,-61,61,5.2,0,40,0,0,0,2.6,24,0,0.155,0
1669916833,0,1,-61,61,5.2,0,40,0,0,0,2.6,0,0,0,0
1669916834,0,1,-61,61,5.1,0,40,0,0,0,2.6,0,1.4,0,0
1669916835,0,1,-61,61,5,0,40,0,0,0,2.6,0,1.2,0,0
1669916836,0,1,-61,61,4.9,0,40,0,0,0,2.6,25,0,0.057,0
1669916837,0,1,-61,61,5,0,40,0,0,0,2.6,29,0,0.011,0
1669916838,0,1,-61,61,5.2,0,40,0,0,0,2.6,0,0,0,0
1669916839,0,1,-61,61,5,0,40,0,0,0,2.6,0,0,0,0
1669916840,0,1,-61,61,4.9,0,40,0,0,0,2.6,0,1.4,0,0
1669916841,0,1,-61,61,4.8,0,40,0,0,0,2.6,17,0,0.072,0
1669916842,0,1,-61,61,5,0,40,0,0,0,2.6,0,0,0,0
1669916843,0,1,-61,61,4.7,0,40,0,0,0,2.6,0,0,0,0
1669916844,0,1,-61,61,5.1,0,40,0,0,0,2.6,0,0,0,0
1669916845,0,1,-61,61,4.8,0,40,0,0,0,2.6,0,0,0,0
1669916846,0,1,-61,61,4.9,0,40,0,0,0,2.6,0,0,0,0
1669916847,0,1,-61,61,4.9,0,40,0,0,0,2.6,0,0,0,0
1669916848,0,1,-61,61,5.1,0,40,0,0,0,2.6,0,0,0,0
1669916849,0,1,-61,61,4.9,0,40,0,0,0,2.6,0,0,0,0
1669916850,0,1,-61,61,4.9,0,40,0,0,0,2.6,0,0,0,0
1669916851,0,1,-61,61,4.9,0,40,0,0,0,2.6,0,0,0,0
1669916852,0,1,-61,61,5.1,0,40,0,0,0,2.6,0,0,0,0
1669916853,0,1,-61,61,5,0,40,0,0,0,2.6,0,0,0,0
1669916854,0,1,-61,61,5.3,0,40,0,0,0,2.6,15,0,0.101,0
1669916855,0,1,-61,61,5.2,0,40,0,0,0,2.6,0,0,0,0
1669916856,0,1,-61,61,4.8,0,40,0,0,0,2.6,0,0,0,0
1669916857,0,1,-61,61,5.3,0,40,0,0,0,2.6,0,0,0,0
1669916858,0,1,-61,61,5.2,0,40,0,0,0,2.6,0,0,0,0
1669916859,0,1,-61,61,4.8,0,40,0,0,0,2.6,0,0,0,0
1669916860,0,1,-61,61,5.4,0,40,0,0,0,2.6,0,0,0,0
1669916861,0,1,-61,61,4.9,0,40,0,0,0,2.6,0,0,0,0
1669916862,0,1,-61,61,5,0,40,0,0,0,2.6,0,0,0,0
1669916863,0,1,-61,61,5.2,0,40,0,0,0,2.6,0,0,0,0
1669916864,0,1,-61,61,5.5,0,40,0,0,0,2.6,0,0,0,0
1669916865,0,1,-61,61,5.1,0,40,0,0,0,2.6,0,0,0,0
1669916866,0,1,-61,61,4.7,0,40,0,0,0,2.6,0,0,0,0
1669916867,0,1,-61,61,5.1,0,40,0,0,0,2.6,0,0,0,0
1669916868,0,1,-61,61,5.1,0,40,0,0,0,2.6,0,0,0,0
1669916869,0,1,-61,61,5,0,40,0,0,0,2.6,0,0,0,0
1669916870,0,1,-61,61,4.9,0,40,0,0,0,2.6,0,0,0,0
1669916871,0,1,-61,61,5.2,0,40,0,0,0,2.6,0,0,0,0
1669916872,0,1,-61,61,5.1,0,40,0,0,0,2.6,0,0,0,0
1669916873,0,1,-61,61,5.2,0,40,0,0,0,2.6,0,0,0,0
1669916874,0,1,-61,61,5.4,0,40,0,0,0,2.6,0,0,0,0
1669916875,0,1,-61,61,5,0,40,0,0,0,2.6,0,0,0,0
1669916876,0,1,-61,61,5,0,40,0,0,0,2.6,0,0,0,0
1669916877,0,1,-61,61,5.1,0,40,0,0,0,2.6,0,0,0,0
1669916878,0,1,-61,61,5.1,0,40,0,0,0,2.6,0,0,0,0
1669916879,0,1,-61,61,4.9,0,40,0,0,0,2.6,0,0,0,0
1669916880,0,1,-61,61,5,0,40,0,0,0,2.6,0,0,0.06,0
1669916881,0,1,-61,61,5.2,0,40,0,0,0,2.6,0,0,0,0
1669916882,0,1,-61,61,4.8,0,40,0,0,0,2.6,0,0,0,0
1669916883,0,1,-61,61,5,0,40,0,0,0,2.6,0,0,0,0
1669916884,0,1,-61,61,5.1,0,40,0,0,0,2.6,0,0,0,0
1669916885,0,1,-61,61,4.8,0,40,0,0,0,2.6,0,0,0,0
1669916886,0,1,-61,61,5.1,0,40,0,0,0,2.6,0,0,0,0
1669916887,0,1,-61,61,5.1,0,40,0,0,0,2.6,0,0,0,0
1669916888,0,1,-61,61,5,0,40,0,0,0,2.6,0,0,0,0
1669916889,0,1,-61,61,5.2,0,40,0,0,0,2.6,0,0,0,0
1669916890,0,1,-61,61,4.6,0,40,0,0,0,2.6,0,0,0,0
1669916891,0,1,-61,61,5.3,0,40,0,0,0,2.6,0,0,0,0
1669916892,0,1,-61,61,5.2,0,40,0,0,0,2.6,0,0,0,0
1669916893,0,1,-61,61,5.1,0,40,0,0,0,2.6,0,0,0,0
1669916894,0,1,-61,61,5,0,40,0,0,0,2.6,0,0,0,0
1669916895,0,1,-61,61,4.9,0,40,0,0,0,2.6,0,0,0,0
1669916896,0,1,-61,61,5,0,40,0,0,0,2.6,0,0,0,0
1669916897,0,1,-61,61,4.9,0,40,0,0,0,2.6,0,0,0,0
1669916898,0,1,-61,61,4.6,0,40,0,0,0,2.6,0,0,0,0
1669916899,0,1,-61,61,5,0,40,0,0,0,2.6,0,0,0,0
1669916900,0,1,-61,61,5,0,40,0,0,0,2.6,0,0,0,0
1669916901,0,1,-61,61,4.8,0,40,0,0,0,2.6,0,0,0,0
1669916902,0,1,-61,61,4.7,0,40,0,0,0,2.6,0,0,0,0
1669916903,0,1,-61,61,4.4,0,40,0,0,0,2.6,0,0,0,0
1669916904,0,1,-61,61,5.5,0,40,0,0,0,2.6,0,0,0,0
1669916905,0,1,-61,61,5,0,40,0,0,0,2.6,0,0,0,0
1669916906,0,1,-61,61,4.9,0,40,0,0,0,2.6,0,0,0,0
1669916907,0,1,-61,61,5,0,40,0,0,0,2.6,0,0,0,0
1669916908,0,1,-61,61,5.1,0,40,0,0,0,2.6,0,0,0,0
1669916909,0,1,-61,61,4.8,0,40,0,0,0,2.6,0,0,0,0
1669916910,0,1,-61,61,5.3,0,40,0,0,0,2.6,0,0,0,0
1669916911,0,1,-61,61,5.2,0,40,0,0,0,2.6,0,0,0,0
1669916912,0,1,-61,61,5.3,0,40,0,0,0,2.6,0,0,0,0
1669916913,0,1,-61,61,5.2,0,40,0,0,0,2.6,0,0,0,0
1669916914,0,1,-61,61,5.1,0,40,0,0,0,2.6,0,0,0,0
1669916915,0,1,-61,61,5.4,0,40,0,0,0,2.6,0,0,0,0
1669916916,0,1,-61,61,4.6,0,40,0,0,0,2.6,0,0,0,0
1669916917,0,1,-61,61,5,0,40,0,0,0,2.6,0,0,0,0
1669916918,0,1,-61,61,5.1,0,40,0,0,0,2.6,0,0,0,0
1669916919,0,1,-61,61,5.3,0,40,0,0,0,2.6,0,0,0,0
1669916920,0,1,-61,61,5,0,40,0,0,0,2.6,0,0,0,0
1669916921,0,1,-61,61,5.1,0,40,0,0,0,2.6,0,0,0,0
1669916922,0,1,-61,61,5,0,40,0,0,0,2.6,0,0,0,0
1669916923,0,1,-61,61,4.9,0,40,0,0,0,2.6,0,0,0,0
1669916924,0,1,-61,61,4.9,0,40,0,0,0,2.6,0,0,0,0
1669916925,0,1,-61,61,5.1,0,40,0,0,0,2.6,0,0,0,0
1669916926,0,1,-61,61,4.8,0,40,0,0,0,2.6,0,0,0,0
1669916927,0,1,-61,61,5.2,0,40,0,0,0,2.6,0,0,0,0
1669916928,0,1,-61,61,4.8,0,40,0,0,0,2.6,0,0,0,0
1669916929,0,1,-61,61,5.1,0,40,0,0,0,2.6,0,0,0,0
1669916930,0,1,-61,61,5,0,40,0,0,0,2.6,0,0,0,0
1669916931,0,1,-61,61,4.7,0,40,0,0,0,2.6,0,0,0,0
1669916932,0,1,-61,61,5.3,0,40,0,0,0,2.6,0,0,0,0
1669916933,0,1,-61,61,4.9,0,40,0,0,0,2.6,0,0,0,0
1669916934,0,1,-61,61,4.8,0,40,0,0,0,2.6,0,1.4,0,0
1669916935,0,1,-61,61,5.2,0,40,0,0,0,2.6,0,0,0.014,0
1669916936,0,1,-61,61,4.4,0,40,0,0,0,2.6,14,0,0.042,0
1669916937,0,1,-61,61,5,0,40,0,0,0,2.6,0,0,0,0
1669916938,0,1,-61,61,4.8,0,40,0,0,0,2.6,0,0,0,0
1669916939,0,1,-61,61,5.1,0,40,0,0,0,2.6,0,0,0,0
1669916940,0,1,-61,61,5.3,0,40,0,0,0,2.6,0,0,0,0
1669916941,0,1,-61,61,5,0,40,0,0,0,2.6,0,0,0,0
1669916942,0,1,-61,61,5,0,40,0,0,0,2.6,0,0,0,0
1669916943,0,1,-61,61,5.2,0,40,0,0,0,2.6,0,0,0,0
1669916944,0,1,-61,61,5.4,0,40,0,0,0,2.6,0,0,0,0
1669916945,0,1,-61,61,5,0,40,0,0,0,2.6,0,0,0,0
1669916946,0,1,-61,61,4.9,0,40,0,0,0,2.6,0,0,0,0
1669916947,0,1,-61,61,5.3,0,40,0,0,0,2.6,0,0,0,0
1669916948,0,1,-61,61,5.4,0,40,0,0,0,2.6,0,0,0,0
1669916949,0,1,-61,61,4.9,0,40,0,0,0,2.6,0,0,0,0
1669916950,0,1,-61,61,5,0,40,0,0,0,2.6,0,0,0,0
1669916951,0,1,-61,61,5.2,0,40,0,0,0,2.6,0,0,0,0
1669916952,0,1,-61,61,5.2,0,40,0,0,0,2.6,0,0,0,0
1669916953,0,1,-61,61,4.8,0,40,0,0,0,2.6,0,0,0,0
1669916954,0,1,-61,61,5.1,0,40,0,0,0,2.6,0,0,0,0
1669916955,0,1,-61,61,5.2,0,40,0,0,0,2.6,0,0,0,0
1669916956,0,1,-61,61,4.9,0,40,0,0,0,2.6,0,0,0,0
1669916957,0,1,-61,61,5.1,0,40,0,0,0,2.6,0,0,0,0
1669916958,0,1,-61,61,5.1,0,40,0,0,0,2.6,0,0,0,0
1669916959,0,1,-61,61,5,0,40,0,0,0,2.6,0,0,0,0
1669916960,0,1,-61,61,5,0,40,0,0,0,2.6,0,0,0,0
1669916961,0,1,-61,61,5,0,40,0,0,0,2.6,0,0,0,0
1669916962,0,1,-61,61,4.8,0,40,0,0,0,2.6,0,0,0,0
1669916963,0,1,-61,61,5.2,0,40,0,0,0,2.6,0,0,0,0
1669916964,0,1,-61,61,4.7,0,40,0,0,0,2.6,0,0,0,0
1669916965,0,1,-61,61,5.1,0,40,0,0,0,2.6,0,0,0,0
1669916966,0,1,-61,61,5.1,0,40,0,0,0,2.6,0,0,0,0
1669916967,0,1,-61,61,4.9,0,40,0,0,0,2.6,0,0,0,0
1669916968,0,1,-61,61,5,0,40,0,0,0,2.6,0,0,0,0
1669916969,0,1,-61,61,4.9,0,40,0,0,0,2.6,0,0,0,0
1669916970,0,1,-61,61,4.8,0,40,0,0,0,2.6,0,0,0,0
1669916971,0,1,-61,61,5,0,40,0,0,0,2.6,0,0,0,0
1669916972,0,1,-61,61,5,0,40,0,0,0,2.6,0,0,0,0
1669916973,0,1,-61,61,5,0,40,0,0,0,2.6,0,0,0,0
1669916974,0,1,-61,61,4.9,0,40,0,0,0,2.6,0,0,0,0
1669916975,0,1,-61,61,4.9,0,40,0,0,0,2.6,0,0,0,0
1669916976,0,1,-61,61,4.8,0,40,0,0,0,2.6,0,0,0,0
1669916977,0,1,-61,61,5.2,0,40,0,0,0,2.6,0,0,0,0
1669916978,0,1,-61,61,4.6,0,40,0,0,0,2.6,0,0,0,0
1669916979,0,1,-61,61,5,0,40,0,0,0,2.6,0,0,0,0
1669916980,0,1,-61,61,5.2,0,40,0,0,0,2.6,0,0,0,0
1669916981,0,1,-61,61,5,0,40,0,0,0,2.6,0,0,0,0
1669916982,0,1,-61,61,4.9,0,40,0,0,0,2.6,0,0,0,0
1669916983,0,1,-61,61,5.2,0,40,0,0,0,2.6,0,0,0,0
1669916984,0,1,-61,61,5.1,0,40,0,0,0,2.6,0,0,0,0
1669916985,0,1,-61,61,5,0,40,0,0,0,2.6,0,0,0,0
1669916986,0,1,-61,61,5.1,0,40,0,0,0,2.6,0,0,0,0
1669916987,0,1,-61,61,5,0,40,0,0,0,2.6,0,0,0,0
1669916988,0,1,-61,61,5.1,0,40,0,0,0,2.6,0,0,0,0
1669916989,0,1,-61,61,4.9,0,40,0,0,0,2.6,0,0,0,0
1669916990,0,1,-61,61,4.9,0,40,0,0,0,2.6,0,0,0,0
1669916991,0,1,-61,61,5.5,0,40,0,0,0,2.6,0,0,0,0
1669916992,0,1,-61,61,5.2,0,40,0,0,0,2.6,0,0,0,0
1669916993,0,1,-61,61,5.3,0,40,0,0,0,2.6,0,0,0,0
1669916994,0,1,-61,61,5.1,0,40,0,0,0,2.6,0,0,0,0
1669916995,0,1,-61,61,5,0,40,0,0,0,2.6,0,0,0,0
1669916996,0,1,-61,61,5.2,0,40,0,0,0,2.6,0,0,0,0
1669916997,0,1,-61,61,5.1,0,40,0,0,0,2.6,0,0,0,0
1669916998,0,1,-61,61,5.1,0,40,0,0,0,2.6,0,0,0,0
1669916999,0,1,-61,61,5,0,40,0,0,0,2.6,0,0,0,0
1669917000,0,1,-61,61,5.3,0,40,0,0,0,2.6,0,0,0,0
1669917001,0,1,-61,61,5,0,40,0,0,0,2.6,0,0,0,0
1669917002,0,1,-61,61,5.3,0,40,0,0,0,2.6,0,0,0,0
1669917003,0,1,-61,61,4.7,0,40,0,0,0,2.6,0,0,0,0
1669917004,0,1,-61,61,5.2,0,40,0,0,0,2.6,0,0,0,0
1669917005,0,1,-61,61,5.3,0,40,0,0,0,2.6,0,0,0,0
1669917006,0,1,-61,61,4.7,0,40,0,0,0,2.6,0,0,0,0
1669917007,0,1,-61,61,4.9,0,40,0,0,0,2.6,0,0,0,0
1669917008,0,1,-61,61,5.1,0,40,0,0,0,2.6,0,0,0,0
1669917009,0,1,-61,61,4.9,0,40,0,0,0,2.6,0,0,0,0
1669917010,0,1,-61,61,4.9,0,40,0,0,0,2.6,0,0,0,0
1669917011,0,1,-61,61,4.8,0,40,0,0,0,2.6,0,0,0,0
1669917012,0,1,-61,61,5.2,0,40,0,0,0,2.6,0,0,0,0
1669917013,0,1,-61,61,4.9,0,40,0,0,0,2.6,0,0,0,0
1669917014,0,1,-61,61,5.2,0,40,0,0,0,2.6,0,0,0,0
1669917015,0,1,-61,61,5.2,0,40,0,0,0,2.6,0,0,0,0
1669917016,0,1,-61,61,5.1,0,40,0,0,0,2.6,0,0,0,0
1669917017,0,1,-61,61,5.1,0,40,0,0,0,2.6,0,0,0,0
1669917018,0,1,-61,61,5.1,0,40,0,0,0,2.6,0,0,0,0
1669917019,0,1,-61,61,4.6,0,40,0,0,0,2.6,0,0,0,0
1669917020,0,1,-61,61,4.9,0,40,0,0,0,2.6,0,0,0,0
1669917021,0,1,-61,61,4.9,0,40,0,0,0,2.6,0,0,0,0
1669917022,0,1,-61,61,5.1,0,40,0,0,0,2.6,0,0,0,0
1669917023,0,1,-61,61,5,0,40,0,0,0,2.6,0,0,0,0
1669917024,0,1,-61,61,4.9,0,40,0,0,0,2.6,0,0,0,0
1669917025,0,1,-61,61,4.8,0,40,0,0,0,2.6,0,0,0,0
1669917026,0,1,-61,61,5.2,0,40,0,0,0,2.6,0,0,0,0
1669917027,0,1,-61,61,4.9,0,40,0,0,0,2.6,0,0,0,0
1669917028,0,1,-61,61,5.2,0,40,0,0,0,2.6,0,0,0,0
1669917029,0,1,-61,61,5,0,40,0,0,0,2.6,0,0,0,0
1669917030,0,1,-61,61,4.9,0,40,0,0,0,2.6,0,0,0,0
1669917031,0,1,-61,61,5.5,0,40,0,0,0,2.6,0,0,0,0
1669917032,0,1,-61,61,4.8,0,40,0,0,0,2.6,0,0,0,0
1669917033,0,1,-61,61,5.4,0,40,0,0,0,2.6,0,0,0,0
1669917034,0,1,-61,61,5.3,0,40,0,0,0,2.6,0,0,0,0
1669917035,0,1,-61,61,5.3,0,40,0,0,0,2.6,0,0,0,0
1669917036,0,1,-61,61,5.5,0,40,0,0,0,2.6,0,0,0,0
1669917037,0,1,-61,61,5.4,0,40,0,0,0,2.6,0,0,0,0
1669917038,0,1,-61,61,5,0,40,0,0,0,2.6,0,0,0,0
1669917039,0,1,-61,61,4.9,0,40,0,0,0,2.6,0,0,0,0
1669917040,0,1,-61,61,5.4,0,40,0,0,0,2.6,0,0,0,0
1669917041,0,1,-61,61,4.9,0,40,0,0,0,2.6,26,0,0.081,0
1669917042,0,1,-61,61,5.1,0,40,0,0,0,2.6,0,0,0,0
1669917043,0,1,-61,61,4.7,0,40,0,0,0,2.6,0,0,0,0
1669917044,0,1,-61,61,5.1,0,40,0,0,0,2.6,0,0,0,0
1669917045,0,1,-61,61,5.1,0,40,0,0,0,2.6,0,0,0,0
1669917046,0,1,-61,61,4.9,0,40,0,0,0,2.6,0,0,0,0
1669917047,0,1,-61,61,4.9,0,40,0,0,0,2.6,0,0,0,0
1669917048,0,1,-61,61,5.1,0,40,0,0,0,2.6,0,0,0,0
1669917049,0,1,-61,61,4.8,0,40,0,0,0,2.6,0,0,0,0
1669917050,0,1,-61,61,5.1,0,40,0,0,0,2.6,0,0,0,0
1669917051,0,1,-61,61,5,0,40,0,0,0,2.6,0,0,0,0
1669917052,0,1,-61,61,4.8,0,40,0,0,0,2.6,0,0,0,0
1669917053,0,1,-61,61,4.9,0,40,0,0,0,2.6,0,0,0,0
1669917054,0,1,-61,61,5.2,0,40,0,0,0,2.6,0,0,0,0
1669917055,0,1,-61,61,5,0,40,0,0,0,2.6,0,0,0,0
1669917056,0,1,-61,61,5.2,0,40,0,0,0,2.6,0,0,0,0
1669917057,0,1,-61,61,5,0,40,0,0,0,2.6,0,0,0,0
1669917058,0,1,-61,61,5.1,0,40,0,0,0,2.6,0,0,0,0
1669917059,0,1,-61,61,4.8,0,40,0,0,0,2.6,0,0,0,0
1669917060,0,1,-61,61,4.8,0,40,0,0,0,2.6,0,0,0,0
1669917061,0,1,-61,61,5.2,0,40,0,0,0,2.6,0,0,0,0
1669917062,0,1,-61,61,5.1,0,40,0,0,0,2.6,0,0,0,0
1669917063,0,1,-61,61,4.9,0,40,0,0,0,2.6,0,0,0,0
1669917064,0,1,-61,61,5,0,40,0,0,0,2.6,0,0,0,0
1669917065,0,1,-61,61,5.2,0,40,0,0,0,2.6,0,0,0,0
1669917066,0,1,-61,61,5.2,0,40,0,0,0,2.6,0,0,0,0
1669917067,0,1,-61,61,5.1,0,40,0,0,0,2.6,0,0,0,0
1669917068,0,1,-61,61,5,0,40,0,0,0,2.6,0,0,0,0
1669917069,0,1,-61,61,4.9,0,40,0,0,0,2.6,0,0,0,0
1669917070,0,1,-61,61,5.5,0,40,0,0,0,2.6,0,0,0,0
1669917071,0,1,-61,61,5,0,40,0,0,0,2.6,0,0,0,0
1669917072,0,1,-61,61,5.4,0,40,0,0,0,2.6,0,0,0,0
1669917073,0,1,-61,61,5.1,0,40,0,0,0,2.6,0,0,0,0
1669917074,0,1,-61,61,5,0,40,0,0,0,2.6,0,0,0,0
1669917075,0,1,-61,61,5.1,0,40,0,0,0,2.6,0,0,0,0
1669917076,0,1,-61,61,5.3,0,40,0,0,0,2.6,0,0,0,0
1669917077,0,1,-61,61,5.1,0,40,0,0,0,2.6,0,0,0,0
1669917078,0,1,-61,61,4.7,0,40,0,0,0,2.6,0,0,0,0
1669917079,0,1,-61,61,5.1,0,40,0,0,0,2.6,0,0,0,0
1669917080,0,1,-61,61,5.3,0,40,0,0,0,2.6,0,0,0,0
1669917081,0,1,-61,61,4.9,0,40,0,0,0,2.6,0,0,0,0
1669917082,0,1,-61,61,5.1,0,40,0,0,0,2.6,0,0,0,0
1669917083,0,1,-61,61,5,0,40,0,0,0,2.6,0,0,0,0
1669917084,0,1,-61,61,5.1,0,40,0,0,0,2.6,0,0,0,0
1669917085,0,1,-61,61,5.2,0,40,0,0,0,2.6,0,0,0,0
1669917086,0,1,-61,61,4.9,0,40,0,0,0,2.6,0,0,0,0
1669917087,0,1,-61,61,5.1,0,40,0,0,0,2.6,0,0,0,0
1669917088,0,1,-61,61,4.9,0,40,0,0,0,2.6,0,0,0,0
1669917089,0,1,-61,61,5.2,0,40,0,0,0,2.6,0,0,0,0
1669917090,0,1,-61,61,5,0,40,0,0,0,2.6,0,0,0,0
1669917091,0,1,-61,61,5,0,40,0,0,0,2.6,0,0,0,0
1669917092,0,1,-61,61,5,0,40,0,0,0,2.6,0,0,0,0
1669917093,0,1,-61,61,4.7,0,40,0,0,0,2.6,0,0,0,0
1669917094,0,1,-61,61,5.1,0,40,0,0,0,2.6,0,0,0,0
1669917095,0,1,-61,61,5,0,40,0,0,0,2.6,0,0,0,0
1669917096,0,1,-61,61,4.9,0,40,0,0,0,2.6,0,0,0,0
1669917097,0,1,-61,61,5.1,0,40,0,0,0,2.6,0,0,0,0
1669917098,0,1,-61,61,5,0,40,0,0,0,2.6,0,0,0,0
1669917099,0,1,-61,61,5,0,40,0,0,0,2.6,0,0,0,0
1669917100,0,1,-61,61,5.1,0,40,0,0,0,2.6,0,0,0,0
1669917101,0,1,-61,61,5.1,0,40,0,0,0,2.6,0,0,0,0
1669917102,0,1,-61,61,5.1,0,40,0,0,0,2.6,0,0,0,0
1669917103,0,1,-61,61,5,0,40,0,0,0,2.6,0,0,0,0
1669917104,0,1,-61,61,5.3,0,40,0,0,0,2.6,0,0,0,0
1669917105,0,1,-61,61,5.4,0,40,0,0,0,2.6,0,0,0,0
1669917106,0,1,-61,61,5.2,0,40,0,0,0,2.6,0,0,0,0
1669917107,0,1,-61,61,5.2,0,40,0,0,0,2.6,0,0,0,0
1669917108,0,1,-61,61,5.1,0,40,0,0,0,2.6,0,0,0,0
1669917109,0,1,-61,61,5.4,0,40,0,0,0,2.6,0,0,0,0
1669917110,0,1,-61,61,5,0,40,0,0,0,2.6,0,0,0,0
1669917111,0,1,-61,61,5.3,0,40,0,0,0,2.6,0,0,0,0
1669917112,0,1,-61,61,4.9,0,40,0,0,0,2.6,0,0,0,0
1669917113,0,1,-61,61,5,0,40,0,0,0,2.6,0,0,0,0
1669917114,0,1,-61,61,5.5,0,40,0,0,0,2.6,0,0,0,0
1669917115,0,1,-61,61,5,0,40,0,0,0,2.6,0,0,0,0
1669917116,0,1,-61,61,4.9,0,40,0,0,0,2.6,0,0,0,0
1669917117,0,1,-61,61,5,0,40,0,0,0,2.6,0,0,0,0
1669917118,0,1,-61,61,5.1,0,40,0,0,0,2.6,0,0,0,0
1669917119,0,1,-61,61,4.8,0,40,0,0,0,2.6,0,0,0,0
1669917120,0,1,-61,61,5.1,0,40,0,0,0,2.6,0,0,0,0
1669917121,0,1,-61,61,4.7,0,40,0,0,0,2.6,0,0,0,0
1669917122,0,1,-61,61,4.9,0,40,0,0,0,2.6,0,0,0,0
1669917123,0,1,-61,61,5.2,0,40,0,0,0,2.6,0,0,0,0
1669917124,0,1,-61,61,4.9,0,40,0,0,0,2.6,0,0,0,0
1669917125,0,1,-61,61,5,0,40,0,0,0,2.6,0,0,0,0
1669917126,0,1,-61,61,5.2,0,40,0,0,0,2.6,0,0,0,0
1669917127,0,1,-61,61,4.7,0,40,0,0,0,2.6,0,0,0,0
1669917128,0,1,-61,61,4.9,0,40,0,0,0,2.6,0,0,0,0
1669917129,0,1,-61,61,5.2,0,40,0,0,0,2.6,0,0,0,0
1669917130,0,1,-61,61,5,0,40,0,0,0,2.6,0,0,0,0
1669917131,0,1,-61,61,5,0,40,0,0,0,2.6,0,0,0,0
1669917132,0,1,-61,61,5.2,0,40,0,0,0,2.6,0,0,0,0
1669917133,0,1,-61,61,5.1,0,40,0,0,0,2.6,0,0,0,0
1669917134,0,1,-61,61,4.6,0,40,0,0,0,2.6,0,0,0,0
1669917135,0,1,-61,61,5,0,40,0,0,0,2.6,0,0,0,0
1669917136,0,1,-61,61,5.3,0,40,0,0,0,2.6,0,0,0,0
1669917137,0,1,-61,61,4.9,0,40,0,0,0,2.6,0,0,0,0
1669917138,0,1,-61,61,5,0,40,0,0,0,2.6,0,0,0,0
1669917139,0,1,-61,61,5.2,0,40,0,0,0,2.6,0,0,0,0
1669917140,0,1,-61,61,5.2,0,40,0,0,0,2.6,0,0,0,0
1669917141,0,1,-61,61,5,0,40,0,0,0,2.6,0,0,0,0
1669917142,0,1,-61,61,5.1,0,40,0,0,0,2.6,0,0,0,0
1669917143,0,1,-61,61,4.8,0,40,0,0,0,2.6,0,0,0,0
1669917144,0,1,-61,61,5.1,0,40,0,0,0,2.6,0,0,0,0
1669917145,0,1,-61,61,5.1,0,40,0,0,0,2.6,0,0,0,0
1669917146,0,1,-61,61,4.9,0,40,0,0,0,2.6,0,0,0,0
1669917147,0,1,-61,61,5.4,0,40,0,0,0,2.6,0,0,0,0
1669917148,0,1,-61,61,5,0,40,0,0,0,2.6,0,0,0,0
1669917149,0,1,-61,61,5.1,0,40,0,0,0,2.6,0,0,0,0
1669917150,0,1,-61,61,5.3,0,40,0,0,0,2.6,0,0,0,0
1669917151,0,1,-61,61,4.7,0,40,0,0,0,2.6,0,0,0,0
1669917152,0,1,-61,61,5.1,0,40,0,0,0,2.6,0,0,0,0
1669917153,0,1,-61,61,5.3,0,40,0,0,0,2.6,0,0,0,0
1669917154,0,1,-61,61,5.1,0,40,0,0,0,2.6,0,0,0,0
1669917164,0,1,-61,61,5.3,3,40,1,0.017,0,2.6,3,0,0.281,0
1669917165,0,1,-61,61,4.9,11,40,1,0.0045,0,2.6,17,0,0.185,0
1669917166,0,1,-61,61,5.2,11,40,1,0.0066,0,2.6,4,1.5,0.384,0
1669917167,0,1,-61,61,4.5,12,40,1,0.007,0,2.6,19,0,0.188,0
1669917168,0,1,-61,61,5.2,11,40,1,0.0019,0,2.6,20,0,0.16,0
1669917169,0,1,-61,61,4.9,13,40,1,0.0056,0,2.6,20,2.5,0.243,0
1669917170,0,1,-61,61,4.3,10,40,1,0.013,0,2.6,12,0,0.583,0
1669917171,0,1,-61,61,5.2,13,40,1,0.0052,0,2.6,21,0,0.319,0
1669917172,0,1,-61,61,5.1,13,40,1,0.014,0,2.6,22,0,0.587,0
1669917173,0,1,-61,61,5.5,17,40,1,0.022,0,2.6,12,3,0.736,0
1669917174,0,1,-61,61,5.1,13,40,1,0.022,0,2.6,12,0,0.774,0
1669917175,0,1,-61,61,6,14,40,1,0.0093,0,2.6,8,2.5,0.447,0
1669917176,0,1,-61,61,4.8,14,40,1,0.014,0,2.6,21,2.5,0.676,0
1669917177,0,1,-61,61,5.9,11,40,1,0.0059,0,2.6,20,0,0.282,0
1669917178,0,1,-61,61,4.5,13,40,1,0.017,0,2.6,19,2.5,0.75,0
1669917179,0,1,-61,61,5.5,16,40,1,0.02,0,2.6,20,0,0.438,0
1669917180,0,1,-61,61,4.6,16,40,1,0.014,0,2.6,13,5.5,0.779,0
1669917181,0,1,-61,61,4.7,18,40,1,0.027,0,2.6,17,0,1.5,0
1669917182,0,1,-61,61,5.3,12,40,1,0.014,0,2.6,14,1.3,0.608,0
1669917183,0,1,-61,61,5.1,18,40,2.2,0.015,44,2.6,20,0,0.703,44
1669917184,0,1,-61,61,5.4,12,40,1,0.0094,0,2.6,20,3,0.563,0
1669917185,0,1,-61,61,4.7,14,40,1,0.025,0,2.6,18,2.7,1,0
1669917186,0,1,-61,61,6.5,11,40,1,0.043,0,2.6,17,0,2.2,0
1669917187,0,1,-61,61,4.6,12,40,1,0.048,0,2.6,22,12,3.3,0
1669917188,0,1,-61,61,8.8,12,40,1,0.075,0,2.6,10,6.8,4.9,0
1669917189,0,1,-61,61,7.6,11,40,1,0.121,0,2.6,9,15,6.5,0
1669917190,0,1,-61,61,5.4,12,40,1,0.143,0,2.6,11,22,7.8,0
1669917191,0,1,-61,61,4.6,13,40,1,0.148,0,2.6,14,39,9.3,0
1669917192,0,1,-61,61,10,11,40,1,0.176,0,2.6,13,75,10,0
1669917193,0,1,-61,61,6.8,11,40,1,0.185,0,2.6,15,115,11,0
1669917194,0,1,-61,61,6.2,13,40,1,0.198,0,2.6,17,198,13,0
1669917195,0,1,-61,61,6.7,13,40,1,0.215,0,2.6,18,279,14,0
1669917196,0,1,-61,61,7.7,12,40,1,0.234,0,2.6,18,385,15,0
1669917197,0,1,-61,61,7.3,13,40,1,0.332,0,2.6,18,362,15,0
1669917198,0,1,-61,61,4.9,17,40,1,0.873,0,2.6,19,282,16,0
1669917199,0,1,-61,61,6.6,15,40,1,0.563,0,2.6,19,345,16,0
1669917200,0,1,-61,61,5.7,13,40,1,0.279,0,2.6,21,369,18,0
1669917201,0,1,-61,61,6,17,40,1,0.629,0,2.6,22,298,19,0
1669917202,0,1,-61,61,2,19,40,1,0.968,0,2.6,22,237,20,0
1669917203,0,1,-61,61,3.4,13,40,1,0.273,0,2.6,23,186,20,0
1669917204,0,1,-61,61,7.6,12,40,1,0.379,0,2.6,23,218,21,0
1669917205,0,1,-61,61,3.4,11,40,1,0.386,0,2.6,23,231,22,0
1669917206,0,1,-61,61,8.2,12,40,1,0.322,0,2.6,23,236,21,0
1669917207,0,1,-61,61,7,11,40,1,0.385,0,2.6,23,234,22,0
1669917208,0,1,-61,61,11,12,40,1,0.316,0,2.6,23,238,21,0
1669917209,0,1,-61,61,9.8,11,40,1,0.378,0,2.6,23,238,22,0
1669917210,0,1,-61,61,16,11,40,1,0.41,0,2.6,23,253,22,0
1669917211,0,1,-61,61,12,11,40,1,0.427,0,2.6,23,278,22,0
1669917212,0,1,-61,61,13,11,40,1,0.417,0,2.6,23,313,22,0
1669917213,0,1,-61,61,7.3,11,40,1,0.414,0,2.6,23,365,22,0
1669917214,0,1,-61,61,5,11,40,1,0.452,0,2.6,23,382,22,0
1669917215,0,1,-61,61,-5.5,21,40,1,1.3,0,2.6,23,295,22,0
1669917216,0,1,-61,61,3.9,12,40,1,0.47,0,2.6,23,328,22,0
1669917217,0,1,-61,61,1,11,40,1,0.419,0,2.6,23,367,22,0
1669917218,0,1,-61,61,8.5,11,40,1,0.436,0,2.6,23,384,22,0
1669917219,0,1,-61,61,-1.8,19,40,1,1.2,0,2.6,23,273,22,0
1669917220,0,1,-61,61,12,12,40,1,0.553,0,2.6,23,289,22,0
1669917221,0,1,-61,61,18,11,40,1,0.42,0,2.6,23,314,22,0
1669917222,0,1,-61,61,11,11,40,1,0.436,0,2.6,23,328,23,0
1669917223,0,1,-61,61,9.5,11,40,1,0.443,0,2.6,23,333,23,0
1669917224,0,1,-61,61,8.2,11,40,1,0.432,0,2.6,23,336,22,0
1669917225,0,1,-61,61,13,11,40,1,0.428,0,2.6,23,336,22,0
1669917226,0,1,-61,61,15,11,40,1,0.444,0,2.6,23,337,23,0
1669917227,0,1,-61,61,17,11,40,1,0.427,0,2.6,23,349,22,0
1669917228,0,1,-61,61,9.9,11,40,1,0.439,0,2.6,23,365,22,0
1669917229,0,1,-61,61,12,11,40,1,0.443,0,2.6,23,386,23,0
1669917230,0,1,-61,61,1.7,17,40,1,1,0,2.6,23,278,22,0
1669917231,0,1,-61,61,2.9,14,40,1,0.774,0,2.6,23,295,23,0
1669917232,0,1,-61,61,14,11,40,1,0.43,0,2.6,23,338,22,0
1669917233,0,1,-61,61,4.8,11,40,1,0.439,0,2.6,23,371,23,0
1669917234,0,1,-61,61,6.9,11,40,1,0.429,0,2.6,23,384,22,0
1669917235,0,1,-61,61,-1.2,18,40,1,1.1,0,2.6,23,268,22,0
1669917236,0,1,-61,61,11,13,40,1,0.61,0,2.6,23,282,23,0
1669917237,0,1,-61,61,10,11,40,1,0.436,0,2.6,23,309,22,0
1669917238,0,1,-61,61,10,11,40,1,0.431,0,2.6,23,322,22,0
1669917239,0,1,-61,61,11,11,40,1,0.425,0,2.6,23,331,22,0
1669917240,0,1,-61,61,12,11,40,1,0.429,0,2.6,23,332,22,0
1669917241,0,1,-61,61,11,11,40,1,0.438,0,2.6,23,330,22,0
1669917242,0,1,-61,61,8.6,11,40,1,0.42,0,2.6,23,333,22,0
1669917243,0,1,-61,61,13,11,40,1,0.44,0,2.6,23,343,23,0
1669917244,0,1,-61,61,12,11,40,1,0.439,0,2.6,23,358,23,0
1669917245,0,1,-61,61,13,11,40,1,0.435,0,2.6,23,386,22,0
1669917246,0,1,-61,61,-0.514,14,40,1,0.673,0,2.6,23,339,22,0
1669917247,0,1,-61,61,-11,20,40,1,1.3,0,2.6,23,281,22,0
1669917248,0,1,-61,61,11,11,40,1,0.419,0,2.6,23,316,22,0
1669917249,0,1,-61,61,13,11,40,1,0.425,0,2.6,23,354,22,0
1669917250,0,1,-61,61,6.5,11,40,1,0.439,0,2.6,23,380,22,0
1669917251,0,1,-61,61,13,12,40,1,0.567,0,2.6,23,358,23,0
1669917252,0,1,-61,61,-7.4,20,40,1,1.3,0,2.6,23,269,22,0
1669917253,0,1,-61,61,10,11,40,1,0.403,0,2.6,23,296,22,0
1669917254,0,1,-61,61,11,11,40,1,0.44,0,2.6,23,317,23,0
1669917255,0,1,-61,61,9.5,11,40,1,0.426,0,2.6,23,327,22,0
1669917256,0,1,-61,61,16,11,40,1,0.439,0,2.6,23,330,23,0
1669917257,0,1,-61,61,5.9,11,40,1,0.434,0,2.6,23,334,22,0
1669917258,0,1,-61,61,13,11,40,1,0.424,0,2.6,23,335,22,0
1669917259,0,1,-61,61,14,11,40,1,0.44,0,2.6,23,339,22,0
1669917260,0,1,-61,61,13,11,40,1,0.432,0,2.6,23,349,22,0
1669917261,0,1,-61,61,10,11,40,1,0.421,0,2.6,23,367,22,0
1669917262,0,1,-61,61,14,11,40,1,0.419,0,2.6,23,382,22,0
1669917263,0,1,-61,61,0.767,19,40,1,1.2,0,2.6,23,278,23,0
1669917264,0,1,-61,61,9,13,40,1,0.592,0,2.6,23,305,22,0
1669917265,0,1,-61,61,15,11,40,1,0.441,0,2.6,23,344,22,0
1669917266,0,1,-61,61,19,11,40,1,0.44,0,2.6,23,375,23,0
1669917267,0,1,-61,61,11,11,40,1,0.43,0,2.6,23,385,22,0
1669917268,0,1,-61,61,-6.8,19,40,1,1.3,0,2.6,23,269,23,0
1669917269,0,1,-61,61,12,12,40,1,0.576,0,2.6,23,287,22,0
1669917270,0,1,-61,61,8.3,11,40,1,0.438,0,2.6,23,309,23,0
1669917271,0,1,-61,61,7.1,11,40,1,0.433,0,2.6,23,325,22,0
1669917272,0,1,-61,61,15,11,40,1,0.435,0,2.6,23,331,22,0
1669917273,0,1,-61,61,3.3,11,40,1,0.442,0,2.6,23,332,23,0
1669917274,0,1,-61,61,10,11,40,1,0.434,0,2.6,23,331,22,0
1669917275,0,1,-61,61,11,11,40,1,0.438,0,2.6,23,333,23,0
1669917276,0,1,-61,61,9.7,11,40,1,0.421,0,2.6,23,344,22,0
1669917277,0,1,-61,61,11,11,40,1,0.435,0,2.6,23,360,22,0
1669917278,0,1,-61,61,9.6,11,40,1,0.418,0,2.6,23,386,22,0
1669917279,0,1,-61,61,6.7,16,40,1,0.927,0,2.6,23,276,22,0
1669917280,0,1,-61,61,5.4,16,40,1,0.863,0,2.6,23,293,22,0
1669917281,0,1,-61,61,14,11,40,1,0.437,0,2.6,23,334,22,0
1669917282,0,1,-61,61,16,11,40,1,0.432,0,2.6,23,369,22,0
1669917283,0,1,-61,61,9.5,11,40,1,0.447,0,2.6,23,360,23,0
