Time,Iperf Svr ID,Iperf Svr Interval Start [sec],Iperf Svr Interval End [sec],Iperf Svr Transfer [MB],Iperf Svr Bandwidth [Mbps]
1669260830,5,0,1,0.303,2.48
1669260831,5,1,2,0.479,3.92
1669260832,5,2,3,0.46,3.77
1669260833,5,3,4,0.467,3.82
1669260834,5,4,5,0.458,3.75
1669260835,5,5,6,0.471,3.86
1669260836,5,6,7,0.465,3.81
1669260837,5,7,8,0.458,3.75
1669260838,5,8,9,0.468,3.84
1669260839,5,9,10,0.477,3.9
1669260840,5,10,11,0.099,0.81
1669260841,5,11,12,0.803,6.58
1669260842,5,12,13,0.382,3.13
1669260843,5,13,14,0.32,2.62
1669260844,5,14,15,0.233,1.91
1669260845,5,15,16,0,0
1669260846,5,16,17,0.775,6.35
1669260847,5,17,18,0.38,3.11
1669260848,5,18,19,0.366,3
1669260849,5,19,20,0.474,3.88
1669260850,5,20,21,0.444,3.64
1669260851,5,21,22,0.368,3.01
1669260852,5,22,23,0.389,3.19
1669260853,5,23,24,0.451,3.69
1669260854,5,24,25,0.475,3.89
1669260855,5,25,26,0.469,3.84
1669260856,5,26,27,0.31,2.54
1669260857,5,27,28,0.325,2.67
1669260858,5,28,29,0.744,6.09
1669260859,5,29,30,0.458,3.75
1669260860,5,30,31,0.471,3.86
1669260861,5,31,32,0.452,3.71
1669260862,5,32,33,0.184,1.51
1669260863,5,33,34,0.755,6.19
1669260864,5,34,35,0.477,3.9
1669260865,5,35,36,0.464,3.8
1669260866,5,36,37,0.462,3.79
1669260867,5,37,38,0.474,3.88
1669260868,5,38,39,0.477,3.91
1669260869,5,39,40,0.471,3.85
1669260870,5,40,41,0.455,3.73
1669260871,5,41,42,0.479,3.93
1669260872,5,42,43,0.462,3.79
1669260873,5,43,44,0.465,3.81
1669260874,5,44,45,0.187,1.53
1669260875,5,45,46,0.7,5.74
1669260876,5,46,47,0.448,3.67
1669260877,5,47,48,0.426,3.49
1669260878,5,48,49,0.413,3.38
1669260879,5,49,50,0.4,3.28
1669260880,5,50,51,0,0
1669260881,5,51,52,0.798,6.54
1669260882,5,52,53,0.397,3.26
1669260883,5,53,54,0.379,3.1
1669260884,5,54,55,0.346,2.84
1669260885,5,55,56,0.358,2.93
1669260886,5,56,57,0.363,2.98
1669260887,5,57,58,0.28,2.29
1669260888,5,58,59,0.233,1.91
1669260889,5,59,60,0.247,2.03
1669260890,5,60,61,0.24,1.97
1669260891,5,61,62,0.243,1.99
1669260892,5,62,63,0.26,2.13
1669260893,5,63,64,0.283,2.32
1669260894,5,64,65,0.32,2.62
1669260895,5,65,66,0.273,2.24
1669260896,5,66,67,0,0
1669260897,5,67,68,0.327,2.68
1669260898,5,68,69,0.399,3.27
1669260899,5,69,70,0.181,1.48
1669260900,5,70,71,0.216,1.77
1669260901,5,71,72,0.204,1.67
1669260902,5,72,73,0.171,1.4
1669260903,5,73,74,0.16,1.31
1669260904,5,74,75,0.00283,0.0231
1669260905,5,75,76,0,0
1669260906,5,76,77,0.0905,0.742
1669260907,5,77,78,0.168,1.38
1669260908,5,78,79,0.156,1.27
1669260909,5,79,80,0.338,2.77
1669260910,5,80,81,0.107,0.88
1669260911,5,81,82,0.0863,0.707
1669260912,5,82,83,0.0721,0.591
1669260913,5,83,84,0.0764,0.626
1669260914,5,84,85,0.0764,0.626
1669260915,5,85,86,0.0594,0.486
1669260916,5,86,87,0.0594,0.487
1669260917,5,87,88,0.0523,0.429
1669260918,5,88,89,0.0537,0.44
1669260919,5,89,90,0.0424,0.348
1669260920,5,90,91,0.0368,0.301
1669260921,5,91,92,0.0325,0.266
1669260922,5,92,93,0.0339,0.278
1669260923,5,93,94,0.0283,0.232
1669260924,5,94,95,0.0269,0.22
1669260925,5,95,96,0.0368,0.301
1669260926,5,96,97,0.0156,0.127
1669260927,5,97,98,0,0
1669260928,5,98,99,0,0
1669260929,5,99,100,0,0
1669260930,5,100,101,0,0
1669260931,5,101,102,0,0
1669260932,5,102,103,0,0
1669260933,5,103,104,0,0
1669260934,5,104,105,0,0
1669260935,5,105,106,0,0
1669260936,5,106,107,0,0
1669260937,5,107,108,0,0
1669260938,5,108,109,0,0
1669260939,5,109,110,0,0
1669260940,5,110,111,0,0
1669260941,5,111,112,0,0
1669260942,5,112,113,0,0
1669260943,5,113,114,0.12,0.985
1669260944,5,114,115,0,0
1669260945,5,115,116,0,0
1669260946,5,116,117,0,0
1669260947,5,117,118,0,0
1669260948,5,118,119,0,0
1669260949,5,119,120,0,0
1669260950,5,120,121,0,0
1669260951,5,121,122,0,0
1669260952,5,122,123,0,0
1669260953,5,123,124,0,0
1669260954,5,124,125,0,0
1669260955,5,125,126,0,0
1669260956,5,126,127,0,0
1669260957,5,127,128,0,0
1669260958,5,128,129,0,0
1669260959,5,129,130,0,0
1669260960,5,130,131,0,0
1669260961,5,131,132,0,0
1669260962,5,132,133,0,0
1669260963,5,133,134,0,0
1669260964,5,134,135,0,0
1669260965,5,135,136,0,0
1669260966,5,136,137,0,0
1669260967,5,137,138,0,0
1669260968,5,138,139,0,0
1669260969,5,139,140,0,0
1669260970,5,140,141,0,0
1669260971,5,141,142,0,0
1669260972,5,142,143,0,0
1669260973,5,143,144,0,0
1669260974,5,144,145,0,0
1669260975,5,145,146,0,0
1669260976,5,146,147,0,0
1669260977,5,147,148,0,0
1669260978,5,148,149,0,0
1669260979,5,149,150,0,0
1669260980,5,150,151,0,0
1669260981,5,151,152,0,0
1669260982,5,152,153,0,0
1669260983,5,153,154,0,0
1669260984,5,154,155,0,0
1669260985,5,155,156,0,0
1669260986,5,156,157,0,0
1669260987,5,157,158,0,0
1669260988,5,158,159,0,0
1669260989,5,159,160,0,0
1669260990,5,160,161,0,0
1669260991,5,161,162,0,0
1669260992,5,162,163,0,0
1669260993,5,163,164,0,0
1669260994,5,164,165,0,0
1669260995,5,165,166,0,0
1669260996,5,166,167,0,0
1669260997,5,167,168,0,0
1669260998,5,168,169,0,0
1669260999,5,169,170,0,0
1669261000,5,170,171,0,0
1669261001,5,171,172,0,0
1669261002,5,172,173,0,0
1669261003,5,173,174,0,0
1669261004,5,174,175,0,0
1669261005,5,175,176,0,0
1669261006,5,176,177,0,0
1669261007,5,177,178,0,0
1669261008,5,178,179,0,0
1669261009,5,179,180,0,0
1669261010,5,180,181,0,0
1669261011,5,181,182,0,0
1669261012,5,182,183,0,0
1669261013,5,183,184,0,0
1669261014,5,184,185,0,0
1669261015,5,185,186,0,0
1669261016,5,186,187,0,0
1669261017,5,187,188,0,0
1669261018,5,188,189,0,0
1669261019,5,189,190,0,0
1669261020,5,190,191,0,0
1669261021,5,191,192,0,0
1669261022,5,192,193,0,0
1669261023,5,193,194,0,0
1669261024,5,194,195,0,0
1669261025,5,195,196,0,0
1669261026,5,196,197,0,0
1669261027,5,197,198,0,0
1669261028,5,198,199,0,0
1669261029,5,199,200,0,0
1669261030,5,200,201,0.0127,0.104
1669261031,5,201,202,0,0
1669261032,5,202,203,0,0
1669261033,5,203,204,0,0
1669261034,5,204,205,0,0
1669261035,5,205,206,0,0
1669261036,5,206,207,0,0
1669261037,5,207,208,0,0
1669261038,5,208,209,0,0
1669261039,5,209,210,0,0
1669261040,5,210,211,0,0
1669261041,5,211,212,0,0
1669261042,5,212,213,0,0
1669261043,5,213,214,0,0
1669261044,5,214,215,0,0
1669261045,5,215,216,0,0
1669261046,5,216,217,0,0
1669261047,5,217,218,0,0
1669261048,5,218,219,0.0452,0.371
1669261049,5,219,220,0.163,1.33
1669261050,5,220,221,0.105,0.857
1669261051,5,221,222,0.0665,0.544
1669261052,5,222,223,0.0679,0.556
1669261053,5,223,224,0.0792,0.648
1669261054,5,224,225,0.0919,0.753
1669261055,5,225,226,0.123,1.01
1669261056,5,226,227,0.107,0.881
1669261057,5,227,228,0.116,0.95
1669261058,5,228,229,0.109,0.892
1669261059,5,229,230,0.116,0.95
1669261060,5,230,231,0.126,1.03
1669261061,5,231,232,0.117,0.961
1669261062,5,232,233,0.115,0.938
1669261063,5,233,234,0,0
1669261064,5,234,235,0,0
1669261065,5,235,236,0.337,2.76
1669261066,5,236,237,0.385,3.15
1669261067,5,237,238,0.0269,0.22
1669261068,5,238,239,0,0
1669261069,5,239,240,0,0
1669261070,5,240,241,0,0
1669261071,5,241,242,0.829,6.79
1669261072,5,242,243,0.223,1.83
1669261073,5,243,244,0.197,1.61
1669261074,5,244,245,0.168,1.38
1669261075,5,245,246,0.189,1.55
1669261076,5,246,247,0.194,1.59
1669261077,5,247,248,0.177,1.45
1669261078,5,248,249,0.173,1.41
1669261079,5,249,250,0.165,1.36
1669261080,5,250,251,0.177,1.45
1669261081,5,251,252,0.211,1.73
1669261082,5,252,253,0.201,1.64
1669261083,5,253,254,0.0325,0.266
1669261084,5,254,255,0,0
1669261085,5,255,256,0.0636,0.522
1669261086,5,256,257,0.307,2.51
1669261087,5,257,258,0.354,2.89
1669261088,5,258,259,0.147,1.21
1669261089,5,259,260,0.151,1.24
1669261090,5,260,261,0.137,1.12
1669261091,5,261,262,0.0947,0.776
1669261092,5,262,263,0.099,0.811
1669261093,5,263,264,0.0962,0.788
1669261094,5,264,265,0.00707,0.0579
1669261095,5,265,266,0,0
1669261096,5,266,267,0,0
1669261097,5,267,268,0,0
1669261098,5,268,269,0.103,0.846
1669261099,5,269,270,0.132,1.08
1669261100,5,270,271,0.144,1.18
1669261101,5,271,272,0.0127,0.104
1669261102,5,272,273,0.286,2.34
1669261103,5,273,274,0.0665,0.544
1669261104,5,274,275,0.0438,0.359
1669261105,5,275,276,0.0452,0.371
1669261106,5,276,277,0.0354,0.29
1669261107,5,277,278,0.0495,0.405
1669261108,5,278,279,0.00566,0.0463
1669261109,5,279,280,0,0
1669261110,5,280,281,0,0
1669261111,5,281,282,0,0
1669261112,5,282,283,0,0
1669261113,5,283,284,0,0
1669261114,5,284,285,0,0
1669261115,5,285,286,0,0
1669261116,5,286,287,0,0
1669261117,5,287,288,0,0
1669261118,5,288,289,0,0
1669261119,5,289,290,0,0
1669261120,5,290,291,0.0947,0.777
1669261121,5,291,292,0,0
1669261122,5,292,293,0,0
1669261123,5,293,294,0.134,1.1
1669261124,5,294,295,0,0
1669261125,5,295,296,0,0
1669261126,5,296,297,0,0
1669261127,5,297,298,0,0
1669261128,5,298,299,0,0
1669261129,5,299,300,0.0382,0.313
1669261130,5,300,301,0.0141,0.116
1669261131,5,301,302,0.00848,0.0695
1669261132,5,302,303,0,0
1669261133,5,303,304,0,0
1669261134,5,304,305,0,0
1669261135,5,305,306,0,0
1669261136,5,306,307.01,0,0
1669261137,5,307.01,308,0,0
1669261138,5,308,309,0,0
1669261139,5,309,310,0,0
1669261140,5,310,311,0,0
1669261141,5,311,312,0,0
1669261142,5,312,313,0,0
1669261143,5,313,314,0,0
1669261144,5,314,315,0,0
1669261145,5,315,316,0,0
1669261146,5,316,317,0,0
1669261147,5,317,318,0,0
1669261148,5,318,319,0,0
1669261149,5,319,320,0,0
1669261150,5,320,321,0,0
1669261151,5,321,322,0,0
1669261152,5,322,323,0,0
1669261153,5,323,324,0,0
1669261154,5,324,325,0,0
1669261155,5,325,326,0,0
1669261156,5,326,327,0,0
1669261157,5,327,328,0.0156,0.127
1669261158,5,328,329,0,0
1669261159,5,329,330,0.115,0.939
1669261160,5,330,331,0,0
1669261161,5,331,332,0,0
1669261162,5,332,333,0,0
1669261163,5,333,334,0,0
1669261164,5,334,335,0,0
1669261165,5,335,336,0,0
1669261166,5,336,337,0,0
1669261167,5,337,338,0,0
1669261168,5,338,339,0,0
1669261169,5,339,340,0,0
1669261170,5,340,341,0,0
1669261171,5,341,342,0,0
1669261172,5,342,343,0,0
1669261173,5,343,344,0,0
1669261174,5,344,345,0,0
1669261175,5,345,346,0,0
1669261176,5,346,347,0,0
1669261177,5,347,348,0,0
1669261178,5,348,349,0,0
1669261179,5,349,350,0,0
1669261180,5,350,351,0.0891,0.73
1669261181,5,351,352,0.00848,0.0695
1669261182,5,352,353,0.0551,0.452
1669261183,5,353,354,0.0537,0.44
1669261184,5,354,355,0.00707,0.0579
1669261185,5,355,356,0.0509,0.417
1669261186,5,356,357,0.0382,0.313
1669261187,5,357,358,0.0325,0.267
1669261188,5,358,359,0.0255,0.209
1669261189,5,359,360,0.041,0.336
1669261190,5,360,361,0.0269,0.22
1669261191,5,361,362,0.0424,0.348
1669261192,5,362,363,0.0368,0.301
1669261193,5,363,364,0.0452,0.371
1669261194,5,364,365,0.0438,0.359
1669261195,5,365,366,0.0509,0.417
1669261196,5,366,367,0.0467,0.382
1669261197,5,367,368,0.058,0.475
1669261198,5,368,369,0.0566,0.463
1669261199,5,369,370,0.0396,0.325
1669261200,5,370,371,0.0764,0.626
1669261201,5,371,372,0.0636,0.521
1669261202,5,372,373,0.0749,0.614
1669261203,5,373,374,0.0962,0.788
1669261204,5,374,375,0.11,0.904
1669261205,5,375,376,0.0792,0.649
1669261206,5,376,377,0.102,0.834
1669261207,5,377,378,0.0523,0.428
1669261208,5,378,379,0,0
1669261209,5,379,380,0,0
1669261210,5,380,381,0,0
1669261211,5,381,382,0,0
1669261212,5,382,383,0,0
1669261213,5,383,384,0.701,5.75
1669261214,5,384,385,0.116,0.95
1669261215,5,385,386,0.102,0.834
1669261216,5,386,387,0.134,1.1
1669261217,5,387,388,0.0184,0.151
1669261218,5,388,389,0,0
1669261219,5,389,390,0,0
1669261220,5,390,391,0.00566,0.0464
1669261221,5,391,392,0,0
1669261222,5,392,393,0,0
1669261223,5,393,394,0.762,6.25
1669261224,5,394,395,0.127,1.04
1669261225,5,395,396,0.0877,0.718
1669261226,5,396,397,0.107,0.88
1669261227,5,397,398,0.116,0.95
1669261228,5,398,399,0.103,0.846
1669261229,5,399,400,0.107,0.88
1669261230,5,400,401,0.0947,0.776
1669261231,5,401,402,0.082,0.672
1669261232,5,402,403,0.0481,0.394
1669261233,5,403,404,0,0
1669261234,5,404,405,0,0
1669261235,5,405,406,0,0
1669261236,5,406,407,0,0
1669261237,5,407,408,0,0
1669261238,5,408,409,0.0537,0.441
1669261239,5,409,410,0.0764,0.625
1669261240,5,410,411,0.0933,0.765
1669261241,5,411,412,0.151,1.24
1669261242,5,412,413,0,0
1669261243,5,413,414,0.0212,0.174
1669261244,5,414,415,0.273,2.24
1669261245,5,415,416,0.0354,0.29
1669261246,5,416,417,0.0438,0.359
1669261247,5,417,418,0.0438,0.359
1669261248,5,418,419,0.0339,0.278
1669261249,5,419,420,0.00566,0.0463
1669261250,5,420,421,0,0
1669261251,5,421,422,0,0
1669261252,5,422,423,0,0
1669261253,5,423,424,0,0
1669261254,5,424,425,0,0
1669261255,5,425,426,0,0
1669261256,5,426,427,0.0467,0.382
1669261257,5,427,428,0.0976,0.799
1669261258,5,428,429,0,0
1669261259,5,429,430,0,0
1669261260,5,430,431,0,0
1669261261,5,431,432,0.0622,0.51
1669261262,5,432,433,0,0
1669261263,5,433,434,0.0749,0.615
1669261264,5,434,435,0,0
1669261265,5,435,436,0,0
1669261266,5,436,437,0,0
1669261267,5,437,438,0.00141,0.0116
1669261268,5,438,439,0,0
1669261269,5,439,440,0,0
1669261270,5,440,441,0,0
1669261271,5,441,442,0,0
1669261272,5,442,443,0,0
1669261273,5,443,444,0,0
1669261274,5,444,445,0,0
1669261275,5,445,446,0,0
1669261276,5,446,447,0,0
1669261277,5,447,448,0,0
1669261278,5,448,449,0,0
1669261279,5,449,450,0,0
1669261280,5,450,451,0,0
1669261281,5,451,452,0,0
1669261282,5,452,453,0,0
1669261283,5,453,454,0,0
1669261284,5,454,455,0,0
1669261285,5,455,456,0,0
1669261286,5,456,457,0,0
1669261287,5,457,458,0,0
1669261288,5,458,459,0,0
1669261289,5,459,460,0,0
1669261290,5,460,461,0,0
1669261291,5,461,462,0,0
1669261292,5,462,463,0,0
1669261293,5,463,464,0.146,1.19
1669261294,5,464,465,0,0
1669261295,5,465,466,0,0
1669261296,5,466,467,0,0
1669261297,5,467,468,0,0
1669261298,5,468,469,0,0
1669261299,5,469,470,0,0
1669261300,5,470,471,0,0
1669261301,5,471,472,0,0
1669261302,5,472,473,0.0198,0.162
1669261303,5,473,474,0,0
1669261304,5,474,475,0,0
1669261305,5,475,476,0,0
1669261306,5,476,477,0,0
1669261307,5,477,478,0,0
1669261308,5,478,479,0,0
1669261309,5,479,480,0,0
1669261310,5,480,481,0,0
1669261311,5,481,482,0.00283,0.0232
1669261312,5,482,483,0,0
1669261313,5,483,484,0,0
1669261314,5,484,485,0,0
1669261315,5,485,486,0,0
1669261316,5,486,487,0,0
1669261317,5,487,488,0,0
1669261318,5,488,489,0,0
1669261319,5,489,490,0.00141,0.0116
1669261320,5,490,491,0,0
1669261321,5,491,492,0,0
1669261322,5,492,493,0,0
1669261323,5,493,494,0,0
1669261324,5,494,495,0,0
1669261325,5,495,496,0,0
1669261326,5,496,497,0,0
1669261327,5,497,498,0,0
1669261328,5,498,499,0,0
1669261329,5,499,500,0,0
1669261330,5,500,501,0,0
1669261331,5,501,502,0,0
1669261332,5,502,503,0,0
1669261333,5,503,504,0,0
1669261334,5,504,505,0,0
1669261335,5,505,506,0,0
1669261336,5,506,507,0,0
1669261337,5,507,508,0,0
1669261338,5,508,509,0,0
1669261339,5,509,510,0,0
1669261340,5,510,511,0,0
1669261341,5,511,512,0,0
1669261342,5,512,513,0,0
1669261343,5,513,514,0,0
1669261344,5,514,515,0.0099,0.0811
1669261345,5,515,516,0,0
1669261346,5,516,517,0,0
1669261347,5,517,518,0,0
1669261348,5,518,519,0,0
1669261349,5,519,520,0,0
1669261350,5,520,521,0,0
1669261351,5,521,522,0,0
1669261352,5,522,523,0,0
1669261353,5,523,524,0.00283,0.0232
1669261354,5,524,525,0,0
1669261355,5,525,526,0,0
1669261356,5,526,527,0,0
1669261357,5,527,528,0,0
1669261358,5,528,529,0,0
1669261359,5,529,530,0,0
1669261360,5,530,531,0,0
1669261361,5,531,532,0.0226,0.186
1669261362,5,532,533,0.0198,0.162
1669261363,5,533,534,0,0
1669261364,5,534,535,0,0
1669261365,5,535,536,0,0
1669261366,5,536,537,0,0
1669261367,5,537,538,0,0
1669261368,5,538,539,0,0
1669261369,5,539,540,0,0
1669261370,5,540,541,0.00424,0.0348
1669261371,5,541,542,0.0113,0.0927
1669261372,5,542,543,0.0283,0.232
1669261373,5,543,544,0.0198,0.162
1669261374,5,544,545,0.0113,0.0927
1669261375,5,545,546,0,0
1669261376,5,546,547,0,0
1669261377,5,547,548,0,0
1669261378,5,548,549,0,0
1669261379,5,549,550,0,0
1669261380,5,550,551,0.00141,0.0116
1669261381,5,551,552,0,0
1669261382,5,552,553,0,0
1669261383,5,553,554,0,0
1669261384,5,554,555,0,0
1669261385,5,555,556,0,0
1669261386,5,556,557,0.00141,0.0116
1669261387,5,557,558,0,0
1669261388,5,558,559,0,0
1669261389,5,559,560,0,0
1669261390,5,560,561,0,0
1669261391,5,561,562,0,0
1669261392,5,562,563,0.00141,0.0116
1669261393,5,563,564,0.0141,0.116
1669261394,5,564,565,0.00424,0.0347
1669261395,5,565,566,0,0
1669261396,5,566,567,0,0
1669261397,5,567,568,0,0
1669261398,5,568,569,0.0113,0.0927
1669261399,5,569,570,0.0325,0.266
1669261400,5,570,571,0.0354,0.29
1669261401,5,571,572,0.0424,0.348
1669261402,5,572,573,0.0636,0.521
1669261403,5,573,574,0.0396,0.324
1669261404,5,574,575,0.0481,0.394
1669261405,5,575,576,0.0424,0.348
1669261406,5,576,577,0.0523,0.429
1669261407,5,577,578,0.0452,0.371
1669261408,5,578,579,0.0127,0.104
1669261409,5,579,580,0,0
1669261410,5,580,581,0,0
1669261411,5,581,582,0.201,1.65
1669261412,5,582,583,0.041,0.336
1669261413,5,583,584,0.0354,0.29
1669261414,5,584,585,0.0325,0.266
1669261415,5,585,586,0.0396,0.324
1669261416,5,586,587,0.0368,0.301
1669261417,5,587,588,0.0481,0.394
1669261418,5,588,589,0.041,0.336
1669261419,5,589,590,0.0368,0.301
1669261420,5,590,591,0.0354,0.29
1669261421,5,591,592,0.0424,0.348
1669261422,5,592,593,0.0269,0.22
1669261423,5,593,594,0.0226,0.185
1669261424,5,594,595,0.00566,0.0463
1669261425,5,595,596,0,0
1669261426,5,596,597,0,0
1669261427,5,597,598,0,0
1669261428,5,598,599,0,0
1669261429,5,599,600,0,0
1669261430,5,600,601,0,0
1669261431,5,601,602,0.0452,0.371
1669261432,5,602,603,0.0368,0.301
1669261433,5,603,604,0.1,0.822
1669261434,5,604,605,0,0
1669261435,5,605,606,0,0
1669261436,5,606,607,0.041,0.336
1669261437,5,607,608,0,0
1669261438,5,608,609,0.122,0.996
1669261439,5,609,610,0,0
1669261440,5,610,611,0,0
1669261441,5,611,612,0,0
1669261442,5,612,613,0,0
1669261443,5,613,614,0,0
1669261444,5,614,615,0.0354,0.29
1669261445,5,615,616,0,0
1669261446,5,616,617,0.0368,0.301
1669261447,5,617,618,0,0
1669261448,5,618,619,0.0297,0.243
1669261449,5,619,620,0.0113,0.0928
1669261450,5,620,621,0,0
1669261451,5,621,622,0,0
1669261452,5,622,623,0,0
1669261453,5,623,624.01,0,0
1669261454,5,624.01,625,0,0
1669261455,5,625,626,0,0
1669261456,5,626,627,0,0
1669261457,5,627,628,0,0
1669261458,5,628,629,0,0
1669261459,5,629,630,0,0
1669261460,5,630,631,0,0
1669261461,5,631,632,0,0
1669261462,5,632,633,0,0
1669261463,5,633,634,0.0551,0.452
1669261464,5,634,635,0.00141,0.0116
1669261465,5,635,636,0,0
1669261466,5,636,637,0,0
1669261467,5,637,638,0,0
1669261468,5,638,639,0,0
1669261469,5,639,640,0,0
1669261470,5,640,641,0,0
1669261471,5,641,642,0.0283,0.232
1669261472,5,642,643,0,0
1669261473,5,643,644,0,0
1669261474,5,644,645,0,0
1669261475,5,645,646,0,0
1669261476,5,646,647,0,0
1669261477,5,647,648,0,0
1669261478,5,648,649,0,0
1669261479,5,649,650,0.0212,0.174
1669261480,5,650,651,0,0
1669261481,5,651,652,0,0
1669261482,5,652,653,0,0
1669261483,5,653,654,0,0
1669261484,5,654,655,0,0
1669261485,5,655,656,0,0
1669261486,5,656,657,0.0255,0.209
1669261487,5,657,658,0,0
1669261488,5,658,659,0,0
1669261489,5,659,660,0,0
1669261490,5,660,661,0,0
1669261491,5,661,662,0,0
1669261492,5,662,663,0,0
1669261493,5,663,664,0,0
1669261494,5,664,665,0.0099,0.0811
1669261495,5,665,666,0,0
1669261496,5,666,667,0,0
1669261497,5,667,668,0,0
1669261498,5,668,669,0,0
1669261499,5,669,670,0,0
1669261500,5,670,671,0,0
1669261501,5,671,672,0.0269,0.22
1669261502,5,672,673,0,0
1669261503,5,673,674,0,0
1669261504,5,674,675,0,0
1669261505,5,675,676,0,0
1669261506,5,676,677,0,0
1669261507,5,677,678,0,0
1669261508,5,678,679,0.00424,0.0348
1669261509,5,679,680,0,0
1669261510,5,680,681,0,0
1669261511,5,681,682,0,0
1669261512,5,682,683,0,0
1669261513,5,683,684,0,0
1669261514,5,684,685,0.00707,0.058
1669261515,5,685,686,0,0
1669261516,5,686,687,0,0
1669261517,5,687,688,0,0
1669261518,5,688,689,0,0
1669261519,5,689,690,0,0
1669261520,5,690,691,0.00283,0.0232
1669261521,5,691,692,0.0156,0.127
1669261522,5,692,693,0,0
1669261523,5,693,694,0,0
1669261524,5,694,695,0,0
1669261525,5,695,696,0,0
1669261526,5,696,697,0.00283,0.0232
1669261527,5,697,698,0,0
1669261528,5,698,699,0,0
1669261529,5,699,700,0,0
1669261530,5,700,701,0,0
1669261531,5,701,702,0,0
1669261532,5,702,703,0.00141,0.0116
1669261533,5,703,704,0,0
1669261534,5,704,705,0,0
1669261535,5,705,706,0,0
1669261536,5,706,707,0,0
1669261537,5,707,708,0,0
1669261538,5,708,709,0.00424,0.0348
1669261539,5,709,710,0,0
1669261540,5,710,711,0,0
1669261541,5,711,712,0,0
1669261542,5,712,713,0,0
1669261543,5,713,714,0.00283,0.0232
1669261544,5,714,715,0.017,0.139
1669261545,5,715,716,0.0226,0.185
1669261546,5,716,717,0.0113,0.0927
1669261547,5,717,718,0,0
1669261548,5,718,719,0,0
1669261549,5,719,720,0,0
1669261550,5,720,721,0.00283,0.0232
1669261551,5,721,722,0.00848,0.0695
1669261552,5,722,723,0.00848,0.0694
1669261553,5,723,724,0.00566,0.0464
1669261554,5,724,725,0.0184,0.151
1669261555,5,725,726,0.00424,0.0347
1669261556,5,726,727,0.00566,0.0464
1669261557,5,727,728,0.00141,0.0116
1669261558,5,728,729,0.00141,0.0116
1669261559,5,729,730,0.00141,0.0116
1669261560,5,730,731,0.00707,0.058
1669261561,5,731,732,0.00141,0.0116
1669261562,5,732,733,0,0
1669261563,5,733,734,0.00283,0.0232
1669261564,5,734,735,0.0141,0.116
1669261565,5,735,736,0.024,0.197
1669261566,5,736,737,0.0198,0.162
1669261567,5,737,738,0.024,0.197
1669261568,5,738,739,0.0226,0.185
1669261569,5,739,740,0.024,0.197
1669261570,5,740,741,0.0099,0.0811
1669261571,5,741,742,0,0
1669261572,5,742,743,0,0
1669261573,5,743,744,0.0566,0.464
1669261574,5,744,745,0,0
1669261575,5,745,746,0.0368,0.301
1669261576,5,746,747,0.0255,0.208
1669261577,5,747,748,0.0283,0.232
1669261578,5,748,749,0.024,0.197
1669261579,5,749,750,0.00566,0.0463
1669261580,5,750,751,0.0212,0.174
1669261581,5,751,752,0.0156,0.127
1669261582,5,752,753,0.0113,0.0927
1669261583,5,753,754,0.0156,0.127
1669261584,5,754,755,0.00566,0.0463
1669261585,5,755,756,0,0
1669261586,5,756,757,0.00141,0.0116
1669261587,5,757,758,0,0
1669261588,5,758,759,0.00566,0.0463
1669261589,5,759,760,0.00283,0.0232
1669261590,5,760,761,0.0099,0.0811
1669261591,5,761,762,0,0
1669261592,5,762,763,0,0
1669261593,5,763,764,0,0
1669261594,5,764,765,0.00141,0.0116
1669261595,5,765,766,0,0
1669261596,5,766,767,0,0
1669261597,5,767,768,0,0
1669261598,5,768,769,0,0
1669261599,5,769,770,0.00141,0.0116
1669261600,5,770,771,0.00283,0.0232
1669261601,5,771,772,0.00141,0.0116
1669261602,5,772,773,0,0
1669261603,5,773,774,0,0
1669261604,5,774,775,0,0
1669261605,5,775,776,0,0
1669261606,5,776,777,0,0
1669261607,5,777,778,0,0
1669261608,5,778,779,0,0
1669261609,5,779,780,0,0
1669261610,5,780,781,0,0
1669261611,5,781,782,0,0
1669261612,5,782,783,0.00141,0.0116
1669261613,5,783,784,0.00283,0.0232
1669261614,5,784,785,0.00141,0.0116
1669261615,5,785,786,0.00141,0.0116
1669261616,5,786,787,0.00141,0.0116
1669261617,5,787,788,0.00141,0.0116
1669261618,5,788,789,0.00283,0.0232
1669261619,5,789,790,0.00141,0.0116
1669261620,5,790,791,0.00141,0.0116
1669261621,5,791,792,0.00283,0.0232
1669261622,5,792,793,0.00141,0.0116
1669261623,5,793,794,0.00283,0.0231
1669261624,5,794,795,0,0
1669261625,5,795,796,0,0
1669261626,5,796,797,0,0
1669261627,5,797,798,0,0
1669261628,5,798,799,0,0
1669261629,5,799,800,0,0
1669261630,5,800,801,0,0
1669261631,5,801,802,0,0
1669261632,5,802,803,0,0
1669261633,5,803,804,0,0
1669261634,5,804,805,0,0
1669261635,5,805,806,0,0
1669261636,5,806,807,0,0
1669261637,5,807,808,0,0
1669261638,5,808,809,0,0
1669261639,5,809,810,0,0
1669261640,5,810,811,0,0
1669261641,5,811,812,0,0
1669261642,5,812,813,0,0
1669261643,5,813,814,0,0
1669261644,5,814,815,0,0
1669261645,5,815,816,0,0
1669261646,5,816,817,0,0
1669261647,5,817,818,0,0
1669261648,5,818,819,0,0
1669261649,5,819,820,0,0
1669261650,5,820,821,0,0
1669261651,5,821,822,0,0
1669261652,5,822,823,0,0
1669261653,5,823,824,0.00283,0.0232
1669261654,5,824,825,0.00141,0.0116
1669261655,5,825,826,0.00283,0.0232
1669261656,5,826,827,0.00283,0.0232
1669261657,5,827,828,0.00141,0.0116
1669261658,5,828,829,0.00424,0.0348
1669261659,5,829,830,0,0
1669261660,5,830,831,0,0
1669261661,5,831,832,0,0
1669261662,5,832,833,0,0
1669261663,5,833,834,0,0
1669261664,5,834,835,0,0
1669261665,5,835,836,0,0
1669261666,5,836,837,0,0
1669261667,5,837,838,0,0
1669261668,5,838,839,0,0
1669261669,5,839,840,0,0
1669261670,5,840,841,0,0
1669261671,5,841,842,0,0
1669261672,5,842,843,0,0
1669261673,5,843,844,0,0
1669261674,5,844,845,0,0
1669261675,5,845,846,0,0
1669261676,5,846,847,0,0
1669261677,5,847,848,0,0
1669261678,5,848,849,0,0
1669261679,5,849,850,0,0
1669261680,5,850,851,0,0
1669261681,5,851,852,0,0
1669261682,5,852,853,0,0
1669261683,5,853,854,0,0
1669261684,5,854,855,0,0
1669261685,5,855,856,0,0
1669261686,5,856,857,0,0
1669261687,5,857,858,0,0
1669261688,5,858,859,0,0
1669261689,5,859,860,0,0
1669261690,5,860,861,0,0
1669261691,5,861,862,0,0
1669261692,5,862,863,0,0
1669261693,5,863,864,0,0
1669261694,5,864,865,0,0
1669261695,5,865,866,0,0
1669261696,5,866,867,0,0
1669261697,5,867,868,0,0
1669261698,5,868,869,0,0
1669261699,5,869,870,0,0
1669261700,5,870,871,0,0
1669261701,5,871,872,0,0
1669261702,5,872,873,0,0
1669261703,5,873,874,0,0
1669261704,5,874,875,0,0
1669261705,5,875,876,0,0
1669261706,5,876,877,0,0
1669261707,5,877,878,0,0
1669261708,5,878,879,0,0
1669261709,5,879,880,0,0
1669261710,5,880,881,0.00283,0.0232
1669261711,5,881,882,0.00566,0.0463
1669261712,5,882,883,0.00283,0.0232
1669261713,5,883,884,0.00566,0.0464
1669261714,5,884,885,0.00707,0.0579
1669261715,5,885,886,0,0
1669261716,5,886,887,0,0
1669261717,5,887,888,0,0
1669261718,5,888,889,0,0
1669261719,5,889,890,0.0113,0.0927
1669261720,5,890,891,0,0
1669261721,5,891,892,0,0
1669261722,5,892,893,0.00707,0.058
1669261723,5,893,894,0.00424,0.0347
1669261724,5,894,895,0.00141,0.0116
1669261725,5,895,896,0.00283,0.0232
1669261726,5,896,897,0.00283,0.0232
1669261727,5,897,898,0.00141,0.0116
1669261728,5,898,899,0.00566,0.0464
1669261729,5,899,900,0.0099,0.0811
1669261730,5,900,901,0.00424,0.0347
1669261731,5,901,902,0,0
1669261732,5,902,903,0.0113,0.0927
1669261733,5,903,904,0,0
1669261734,5,904,905,0.00141,0.0116
1669261735,5,905,906,0,0
1669261736,5,906,907,0.00141,0.0116
1669261737,5,907,908,0.00283,0.0232
1669261738,5,908,909,0.00141,0.0116
1669261739,5,909,910,0.00141,0.0116
1669261740,5,910,911,0,0
1669261741,5,911,912,0.00424,0.0348
1669261742,5,912,913,0,0
1669261743,5,913,914,0.00141,0.0116
1669261744,5,914,915,0.00566,0.0463
1669261745,5,915,916,0.00707,0.0579
1669261746,5,916,917,0.00848,0.0695
1669261747,5,917,918,0.00566,0.0463
1669261748,5,918,919,0.00283,0.0232
1669261749,5,919,920,0,0
1669261750,5,920,921,0,0
1669261751,5,921,922,0,0
1669261752,5,922,923,0,0
1669261753,5,923,924,0,0
1669261754,5,924,925,0.00141,0.0116
1669261755,5,925,926,0.00283,0.0232
1669261756,5,926,927,0.00424,0.0347
1669261757,5,927,928,0,0
1669261758,5,928,929,0.00283,0.0232
1669261759,5,929,930,0.00141,0.0116
1669261760,5,930,931,0,0
1669261761,5,931,932,0.00141,0.0116
1669261762,5,932,933,0,0
1669261763,5,933,934,0,0
1669261764,5,934,935,0,0
1669261765,5,935,936,0.00141,0.0116
1669261766,5,936,937,0,0
1669261767,5,937,938,0,0
1669261768,5,938,939,0,0
1669261769,5,939,940,0,0
1669261770,5,940,941,0,0
1669261771,5,941,942,0,0
1669261772,5,942,943,0,0
1669261773,5,943,944,0,0
1669261774,5,944,945,0,0
1669261775,5,945,946,0,0
1669261776,5,946,947,0,0
1669261777,5,947,948,0,0
1669261778,5,948,949,0,0
1669261779,5,949,950,0,0
1669261780,5,950,951,0,0
1669261781,5,951,952,0,0
1669261782,5,952,953,0,0
1669261783,5,953,954,0,0
1669261784,5,954,955,0,0
1669261785,5,955,956,0,0
1669261786,5,956,957,0,0
1669261787,5,957,958,0,0
1669261788,5,958,959,0,0
1669261789,5,959,960,0,0
1669261790,5,960,961,0,0
1669261791,5,961,962,0,0
1669261792,5,962,963,0,0
1669261793,5,963,964,0,0
1669261794,5,964,965,0,0
1669261795,5,965,966,0,0
1669261796,5,966,967,0,0
1669261797,5,967,968,0,0
1669261798,5,968,969,0,0
1669261799,5,969,970,0,0
1669261800,5,970,971,0,0
1669261801,5,971,972,0,0
1669261802,5,972,973,0,0
1669261803,5,973,974,0,0
1669261804,5,974,975,0,0
1669261805,5,975,976,0,0
1669261806,5,976,977,0,0
1669261807,5,977,978,0,0
1669261808,5,978,979,0,0
1669261809,5,979,980,0,0
1669261810,5,980,981,0,0
1669261811,5,981,982,0,0
1669261812,5,982,983,0,0
1669261813,5,983,984,0,0
1669261814,5,984,985,0,0
1669261815,5,985,986,0,0
1669261816,5,986,987,0,0
1669261817,5,987,988,0,0
1669261818,5,988,989,0,0
1669261819,5,989,990,0,0
1669261820,5,990,991,0,0
1669261821,5,991,992,0,0
1669261822,5,992,993,0,0
1669261823,5,993,994,0,0
1669261824,5,994,995,0,0
1669261825,5,995,996,0,0
1669261826,5,996,997,0,0
1669261827,5,997,998,0,0
1669261828,5,998,999,0,0
1669261829,5,999,1000,0,0
1669261830,5,1000,1001,0,0
1669261831,5,1001,1002,0,0
1669261832,5,1002,1003,0,0
1669261833,5,1003,1004,0,0
1669261834,5,1004,1005,0,0
1669261835,5,1005,1006,0,0
1669261836,5,1006,1007,0,0
1669261837,5,1007,1008,0,0
1669261838,5,1008,1009,0,0
1669261839,5,1009,1010,0,0
1669261840,5,1010,1011,0,0
1669261841,5,1011,1012,0,0
1669261842,5,1012,1013,0,0
1669261843,5,1013,1014,0,0
1669261844,5,1014,1015,0,0
1669261845,5,1015,1016,0,0
1669261846,5,1016,1017,0,0
1669261847,5,1017,1018,0,0
1669261848,5,1018,1019,0,0
1669261849,5,1019,1020,0,0
1669261850,5,1020,1021,0,0
1669261851,5,1021,1022,0,0
1669261852,5,1022,1023,0,0
1669261853,5,1023,1024,0,0
1669261854,5,1024,1025,0,0
1669261855,5,1025,1026.01,0,0
1669261856,5,1026.01,1027,0,0
1669261857,5,1027,1028,0,0
1669261858,5,1028,1029,0,0
1669261859,5,1029,1030,0,0
1669261860,5,1030,1031,0,0
1669261861,5,1031,1032,0,0
1669261862,5,1032,1033,0,0
1669261863,5,1033,1034,0,0
1669261864,5,1034,1035,0,0
1669261865,5,1035,1036,0,0
1669261866,5,1036,1037,0,0
1669261867,5,1037,1038,0,0
1669261868,5,1038,1039,0,0
1669261869,5,1039,1040,0,0
1669261870,5,1040,1041,0,0
1669261871,5,1041,1042,0,0
1669261872,5,1042,1043,0,0
1669261873,5,1043,1044,0,0
1669261874,5,1044,1045,0,0
1669261875,5,1045,1046,0,0
1669261876,5,1046,1047,0,0
1669261877,5,1047,1048,0,0
1669261878,5,1048,1049,0,0
1669261879,5,1049,1050,0,0
1669261880,5,1050,1051,0,0
1669261881,5,1051,1052,0,0
1669261882,5,1052,1053,0,0
1669261883,5,1053,1054,0,0
1669261884,5,1054,1055,0,0
1669261885,5,1055,1056,0,0
1669261886,5,1056,1057,0,0
1669261887,5,1057,1058,0,0
1669261888,5,1058,1059,0,0
1669261889,5,1059,1060,0,0
1669261890,5,1060,1061,0,0
1669261891,5,1061,1062,0,0
1669261892,5,1062,1063,0,0
1669261893,5,1063,1064,0,0
1669261894,5,1064,1065,0,0
1669261895,5,1065,1066,0,0
1669261896,5,1066,1067,0,0
1669261897,5,1067,1068,0,0
1669261898,5,1068,1069,0,0
1669261899,5,1069,1070,0,0
1669261900,5,1070,1071,0,0
1669261901,5,1071,1072,0,0
1669261902,5,1072,1073,0,0
1669261903,5,1073,1074,0,0
1669261904,5,1074,1075,0,0
1669261905,5,1075,1076,0,0
1669261906,5,1076,1077,0,0
1669261907,5,1077,1078,0,0
1669261908,5,1078,1079,0,0
1669261909,5,1079,1080,0,0
1669261910,5,1080,1081,0,0
1669261911,5,1081,1082,0,0
1669261912,5,1082,1083,0,0
1669261913,5,1083,1084,0,0
1669261914,5,1084,1085,0,0
1669261915,5,1085,1086,0,0
1669261916,5,1086,1087,0,0
1669261917,5,1087,1088,0,0
1669261918,5,1088,1089,0,0
1669261919,5,1089,1090,0,0
1669261920,5,1090,1091,0,0
1669261921,5,1091,1092,0,0
1669261922,5,1092,1093,0,0
1669261923,5,1093,1094,0,0
1669261924,5,1094,1095,0,0
1669261925,5,1095,1096,0,0
1669261926,5,1096,1097,0,0
1669261927,5,1097,1098,0,0
1669261928,5,1098,1099,0,0
1669261929,5,1099,1100,0,0
1669261930,5,1100,1101,0,0
1669261931,5,1101,1102,0,0
1669261932,5,1102,1103,0,0
1669261933,5,1103,1104,0,0
1669261934,5,1104,1105,0,0
1669261935,5,1105,1106,0.00141,0.0116
1669261936,5,1106,1107,0.00141,0.0116
1669261937,5,1107,1108,0,0
1669261938,5,1108,1109,0.00141,0.0116
1669261939,5,1109,1110,0.00141,0.0116
1669261940,5,1110,1111,0,0
1669261941,5,1111,1112,0,0
1669261942,5,1112,1113,0,0
1669261943,5,1113,1114,0,0
1669261944,5,1114,1115,0,0
1669261945,5,1115,1116,0,0
1669261946,5,1116,1117,0,0
1669261947,5,1117,1118,0,0
1669261948,5,1118,1119,0.00141,0.0116
1669261949,5,1119,1120,0,0
1669261950,5,1120,1121,0.00141,0.0116
1669261951,5,1121,1122,0.00141,0.0116
1669261952,5,1122,1123,0.00141,0.0116
1669261953,5,1123,1124,0.00141,0.0116
1669261954,5,1124,1125,0,0
1669261955,5,1125,1126,0.00141,0.0116
1669261956,5,1126,1127,0.00141,0.0116
1669261957,5,1127,1128,0.00141,0.0116
1669261958,5,1128,1129,0.00141,0.0116
1669261959,5,1129,1130,0.00141,0.0116
1669261960,5,1130,1131,0.00141,0.0116
1669261961,5,1131,1132,0.00141,0.0116
1669261962,5,1132,1133,0.00141,0.0116
1669261963,5,1133,1134,0.00141,0.0116
1669261964,5,1134,1135,0.00141,0.0116
1669261965,5,1135,1136,0,0
1669261966,5,1136,1137,0,0
1669261967,5,1137,1138,0,0
1669261968,5,1138,1139,0,0
1669261969,5,1139,1140,0,0
1669261970,5,1140,1141,0,0
1669261971,5,1141,1142,0,0
1669261972,5,1142,1143,0,0
1669261973,5,1143,1144,0,0
1669261974,5,1144,1145,0,0
1669261975,5,1145,1146,0,0
1669261976,5,1146,1147,0,0
1669261977,5,1147,1148,0,0
1669261978,5,1148,1149,0,0
1669261979,5,1149,1150,0,0
1669261980,5,1150,1151,0,0
1669261981,5,1151,1152,0,0
1669261982,5,1152,1153,0,0
1669261983,5,1153,1154,0,0
1669261984,5,1154,1155,0,0
1669261985,5,1155,1156,0,0
1669261986,5,1156,1157,0,0
1669261987,5,1157,1158,0,0
1669261988,5,1158,1159,0,0
1669261989,5,1159,1160,0,0
1669261990,5,1160,1161,0,0
1669261991,5,1161,1162,0,0
1669261992,5,1162,1163,0,0
1669261993,5,1163,1164,0,0
1669261994,5,1164,1165,0,0
1669261995,5,1165,1166,0,0
1669261996,5,1166,1167,0,0
1669261997,5,1167,1168,0,0
1669261998,5,1168,1169,0,0
1669261999,5,1169,1170,0,0
1669262000,5,1170,1171,0.00141,0.0116
1669262001,5,1171,1172,0.00141,0.0116
1669262002,5,1172,1173,0.00141,0.0116
1669262003,5,1173,1174,0,0
1669262004,5,1174,1175,0,0
1669262005,5,1175,1176,0,0
1669262006,5,1176,1177,0,0
1669262007,5,1177,1178,0,0
1669262008,5,1178,1179,0,0
1669262009,5,1179,1180,0,0
1669262010,5,1180,1181,0.00141,0.0116
1669262011,5,1181,1182,0.00424,0.0348
1669262012,5,1182,1183,0.00141,0.0116
1669262013,5,1183,1184,0.00141,0.0116
1669262014,5,1184,1185,0.00283,0.0232
1669262015,5,1185,1186,0.00566,0.0464
1669262016,5,1186,1187,0.00566,0.0463
1669262017,5,1187,1188,0,0
1669262018,5,1188,1189,0.00141,0.0116
1669262019,5,1189,1190,0,0
1669262020,5,1190,1191,0.00283,0.0232
1669262021,5,1191,1192,0.00141,0.0116
1669262022,5,1192,1193,0.00141,0.0116
1669262023,5,1193,1194,0.00424,0.0348
1669262024,5,1194,1195,0,0
1669262025,5,1195,1196,0,0
1669262026,5,1196,1197,0.00424,0.0347
1669262027,5,1197,1198,0.00141,0.0116
1669262028,5,1198,1199,0,0
1669262029,5,1199,1200,0.00141,0.0116
1669262030,5,1200,1201,0.00141,0.0116
1669262031,5,1201,1202,0.00566,0.0463
1669262032,5,1202,1203,0.00141,0.0116
1669262033,5,1203,1204,0.00283,0.0232
1669262034,5,1204,1205,0.00141,0.0116
1669262035,5,1205,1206,0.00141,0.0116
1669262036,5,1206,1207,0.00141,0.0116
1669262037,5,1207,1208,0,0
1669262038,5,1208,1209,0,0
1669262039,5,1209,1210,0.00141,0.0116
1669262040,5,1210,1211,0,0
1669262041,5,1211,1212,0,0
1669262042,5,1212,1213,0.00707,0.058
1669262043,5,1213,1214,0.00424,0.0347
1669262044,5,1214,1215,0,0
1669262045,5,1215,1216,0,0
1669262046,5,1216,1217,0,0
1669262047,5,1217,1218,0,0
1669262048,5,1218,1219,0.00141,0.0116
1669262049,5,1219,1220,0,0
1669262050,5,1220,1221,0,0
1669262051,5,1221,1222,0,0
1669262052,5,1222,1223,0.00283,0.0232
1669262053,5,1223,1224,0,0
1669262054,5,1224,1225,0,0
1669262055,5,1225,1226,0,0
1669262056,5,1226,1227,0,0
1669262057,5,1227,1228,0,0
1669262058,5,1228,1229,0,0
1669262059,5,1229,1230,0.00141,0.0116
1669262060,5,1230,1231,0,0
1669262061,5,1231,1232,0,0
1669262062,5,1232,1233,0,0
1669262063,5,1233,1234,0.00141,0.0116
1669262064,5,1234,1235,0,0
1669262065,5,1235,1236,0,0
1669262066,5,1236,1237,0,0
1669262067,5,1237,1238,0.00141,0.0116
1669262068,5,1238,1239,0,0
1669262069,5,1239,1240,0,0
1669262070,5,1240,1241,0.00141,0.0116
1669262071,5,1241,1242,0,0
1669262072,5,1242,1243,0,0
1669262073,5,1243,1244,0.00141,0.0116
1669262074,5,1244,1245,0,0
1669262075,5,1245,1246,0,0
1669262076,5,1246,1247,0.00141,0.0116
1669262077,5,1247,1248,0,0
1669262078,5,1248,1249,0,0
1669262079,5,1249,1250,0.00141,0.0116
1669262080,5,1250,1251,0,0
1669262081,5,1251,1252,0,0
1669262082,5,1252,1253,0.00141,0.0116
1669262083,5,1253,1254,0,0
1669262084,5,1254,1255,0.00141,0.0116
1669262085,5,1255,1256,0,0
1669262086,5,1256,1257,0,0
1669262087,5,1257,1258,0.00424,0.0348
1669262088,5,1258,1259,0.00141,0.0116
1669262089,5,1259,1260,0,0
1669262090,5,1260,1261,0.00283,0.0232
1669262091,5,1261,1262,0,0
1669262092,5,1262,1263,0.00424,0.0348
1669262093,5,1263,1264,0.00141,0.0116
1669262094,5,1264,1265,0,0
1669262095,5,1265,1266,0,0
1669262096,5,1266,1267,0.00283,0.0232
1669262097,5,1267,1268,0,0
1669262098,5,1268,1269,0.00141,0.0116
1669262099,5,1269,1270,0.00141,0.0116
1669262100,5,1270,1271,0.00141,0.0116
1669262101,5,1271,1272,0,0
1669262102,5,1272,1273,0,0
1669262103,5,1273,1274,0,0
1669262104,5,1274,1275,0,0
1669262105,5,1275,1276,0,0
1669262106,5,1276,1277,0,0
1669262107,5,1277,1278,0,0
1669262108,5,1278,1279,0,0
1669262109,5,1279,1280,0,0
1669262110,5,1280,1281,0,0
1669262111,5,1281,1282,0,0
1669262112,5,1282,1283,0,0
1669262113,5,1283,1284,0,0
1669262114,5,1284,1285,0,0
1669262115,5,1285,1286,0,0
1669262116,5,1286,1287,0,0
1669262117,5,1287,1288,0,0
1669262118,5,1288,1289,0,0
1669262119,5,1289,1290,0,0
1669262120,5,1290,1291,0,0
1669262121,5,1291,1292,0,0
1669262122,5,1292,1293,0,0
1669262123,5,1293,1294,0,0
1669262124,5,1294,1295,0,0
1669262125,5,1295,1296,0,0
1669262126,5,1296,1297,0,0
1669262127,5,1297,1298,0,0
1669262128,5,1298,1299,0,0
1669262129,5,1299,1300,0,0
1669262130,5,1300,1301,0,0
1669262131,5,1301,1302,0,0
1669262132,5,1302,1303,0,0
1669262133,5,1303,1304,0,0
1669262134,5,1304,1305,0,0
1669262135,5,1305,1306,0,0
1669262136,5,1306,1307,0,0
1669262137,5,1307,1308,0,0
1669262138,5,1308,1309,0,0
1669262139,5,1309,1310,0,0
1669262140,5,1310,1311,0,0
1669262141,5,1311,1312,0,0
1669262142,5,1312,1313,0,0
1669262143,5,1313,1314,0,0
1669262144,5,1314,1315,0,0
1669262145,5,1315,1316,0,0
1669262146,5,1316,1317,0,0
1669262147,5,1317,1318,0,0
1669262148,5,1318,1319,0,0
1669262149,5,1319,1320,0,0
1669262150,5,1320,1321,0,0
1669262151,5,1321,1322,0,0
1669262152,5,1322,1323,0,0
1669262153,5,1323,1324,0,0
1669262154,5,1324,1325,0,0
1669262155,5,1325,1326,0,0
1669262156,5,1326,1327,0,0
1669262157,5,1327,1328,0,0
1669262158,5,1328,1329,0,0
1669262159,5,1329,1330,0,0
1669262160,5,1330,1331,0,0
1669262161,5,1331,1332,0,0
1669262162,5,1332,1333,0,0
1669262163,5,1333,1334,0,0
1669262164,5,1334,1335,0,0
1669262165,5,1335,1336,0,0
1669262166,5,1336,1337,0,0
1669262167,5,1337,1338,0,0
1669262168,5,1338,1339,0,0
1669262169,5,1339,1340,0,0
1669262170,5,1340,1341,0,0
1669262171,5,1341,1342,0,0
1669262172,5,1342,1343,0,0
1669262173,5,1343,1344,0,0
1669262174,5,1344,1345,0,0
1669262175,5,1345,1346,0,0
1669262176,5,1346,1347,0,0
1669262177,5,1347,1348,0,0
1669262178,5,1348,1349,0,0
1669262179,5,1349,1350,0,0
1669262180,5,1350,1351,0,0
1669262181,5,1351,1352,0,0
1669262182,5,1352,1353,0,0
1669262183,5,1353,1354,0,0
1669262184,5,1354,1355,0,0
1669262185,5,1355,1356,0,0
1669262186,5,1356,1357,0,0
1669262187,5,1357,1358,0,0
1669262188,5,1358,1359,0,0
1669262189,5,1359,1360,0,0
1669262190,5,1360,1361,0,0
1669262191,5,1361,1362,0,0
1669262192,5,1362,1363,0,0
1669262193,5,1363,1364,0,0
1669262194,5,1364,1365,0,0
1669262195,5,1365,1366,0,0
1669262196,5,1366,1367,0,0
1669262197,5,1367,1368,0,0
1669262198,5,1368,1369,0,0
1669262199,5,1369,1370,0,0
1669262200,5,1370,1371,0,0
1669262201,5,1371,1372,0,0
1669262202,5,1372,1373,0,0
1669262203,5,1373,1374,0,0
1669262204,5,1374,1375,0,0
1669262205,5,1375,1376,0,0
1669262206,5,1376,1377,0,0
1669262207,5,1377,1378,0,0
1669262208,5,1378,1379,0,0
1669262209,5,1379,1380,0,0
1669262210,5,1380,1381,0,0
1669262211,5,1381,1382,0,0
1669262212,5,1382,1383,0,0
1669262213,5,1383,1384,0,0
1669262214,5,1384,1385,0,0
1669262215,5,1385,1386,0,0
1669262216,5,1386,1387,0,0
1669262217,5,1387,1388,0,0
1669262218,5,1388,1389,0,0
1669262219,5,1389,1390,0,0
1669262220,5,1390,1391,0,0
1669262221,5,1391,1392,0,0
1669262222,5,1392,1393,0,0
1669262223,5,1393,1394,0,0
1669262224,5,1394,1395,0,0
1669262225,5,1395,1396,0,0
1669262226,5,1396,1397,0,0
1669262227,5,1397,1398,0,0
1669262228,5,1398,1399,0,0
1669262229,5,1399,1400,0,0
1669262230,5,1400,1401,0,0
1669262231,5,1401,1402,0,0
1669262232,5,1402,1403,0,0
1669262233,5,1403,1404,0,0
1669262234,5,1404,1405,0,0
1669262235,5,1405,1406,0,0
1669262236,5,1406,1407,0,0
1669262237,5,1407,1408,0,0
1669262238,5,1408,1409,0,0
1669262239,5,1409,1410,0,0
1669262240,5,1410,1411,0,0
1669262241,5,1411,1412.01,0,0
1669262242,5,1412.01,1413,0,0
1669262243,5,1413,1414,0,0
1669262244,5,1414,1415,0,0
1669262245,5,1415,1416,0,0
1669262246,5,1416,1417,0,0
1669262247,5,1417,1418,0,0
1669262248,5,1418,1419,0,0
1669262249,5,1419,1420,0,0
1669262250,5,1420,1421,0,0
1669262251,5,1421,1422,0,0
1669262252,5,1422,1423,0,0
1669262253,5,1423,1424,0,0
1669262254,5,1424,1425,0,0
1669262255,5,1425,1426,0,0
1669262256,5,1426,1427,0,0
1669262257,5,1427,1428,0,0
1669262258,5,1428,1429,0,0
1669262259,5,1429,1430,0,0
1669262260,5,1430,1431,0,0
1669262261,5,1431,1432,0,0
1669262262,5,1432,1433,0,0
1669262263,5,1433,1434,0,0
1669262264,5,1434,1435,0,0
1669262265,5,1435,1436,0,0
1669262266,5,1436,1437,0,0
1669262267,5,1437,1438,0,0
1669262268,5,1438,1439,0,0
1669262269,5,1439,1440,0,0
1669262270,5,1440,1441,0,0
1669262271,5,1441,1442,0,0
1669262272,5,1442,1443,0,0
1669262273,5,1443,1444,0,0
1669262274,5,1444,1445,0,0
1669262275,5,1445,1446,0,0
1669262276,5,1446,1447,0,0
1669262277,5,1447,1448,0,0
1669262278,5,1448,1449,0,0
1669262279,5,1449,1450,0,0
1669262280,5,1450,1451,0,0
1669262281,5,1451,1452,0,0
1669262282,5,1452,1453,0,0
1669262283,5,1453,1454,0,0
1669262284,5,1454,1455,0,0
1669262285,5,1455,1456,0,0
1669262286,5,1456,1457,0,0
1669262287,5,1457,1458,0,0
1669262288,5,1458,1459,0,0
1669262289,5,1459,1460,0,0
1669262290,5,1460,1461,0,0
1669262291,5,1461,1462,0,0
1669262292,5,1462,1463,0,0
1669262293,5,1463,1464,0,0
1669262294,5,1464,1465,0,0
1669262295,5,1465,1466,0,0
1669262296,5,1466,1467,0,0
1669262297,5,1467,1468,0,0
1669262298,5,1468,1469,0,0
1669262299,5,1469,1470,0,0
1669262300,5,1470,1471,0,0
1669262301,5,1471,1472,0,0
1669262302,5,1472,1473,0,0
1669262303,5,1473,1474,0,0
1669262304,5,1474,1475,0,0
1669262305,5,1475,1476,0,0
1669262306,5,1476,1477,0,0
1669262307,5,1477,1478,0,0
1669262308,5,1478,1479,0,0
1669262309,5,1479,1480,0,0
1669262310,5,1480,1481,0,0
1669262311,5,1481,1482,0,0
1669262312,5,1482,1483,0,0
1669262313,5,1483,1484,0,0
1669262314,5,1484,1485,0,0
1669262315,5,1485,1486,0,0
1669262316,5,1486,1487,0,0
1669262317,5,1487,1488,0,0
1669262318,5,1488,1489,0,0
1669262319,5,1489,1490,0,0
1669262320,5,1490,1491,0,0
1669262321,5,1491,1492,0,0
1669262322,5,1492,1493,0,0
1669262323,5,1493,1494,0,0
1669262324,5,1494,1495,0,0
1669262325,5,1495,1496,0,0
1669262326,5,1496,1497,0,0
1669262327,5,1497,1498,0,0
1669262328,5,1498,1499,0,0
1669262329,5,1499,1500,0,0
1669262330,5,1500,1501,0,0
1669262331,5,1501,1502,0,0
1669262332,5,1502,1503,0,0
1669262333,5,1503,1504,0,0
1669262334,5,1504,1505,0,0
1669262335,5,1505,1506,0,0
1669262336,5,1506,1507,0,0
1669262337,5,1507,1508,0,0
1669262338,5,1508,1509,0,0
1669262339,5,1509,1510,0,0
1669262340,5,1510,1511,0,0
1669262341,5,1511,1512,0,0
1669262342,5,1512,1513,0,0
1669262343,5,1513,1514,0,0
1669262344,5,1514,1515,0,0
1669262345,5,1515,1516,0,0
1669262346,5,1516,1517,0,0
1669262347,5,1517,1518,0,0
1669262348,5,1518,1519,0,0
1669262349,5,1519,1520,0,0
1669262350,5,1520,1521,0,0
1669262351,5,1521,1522.01,0,0
1669262352,5,1522.01,1523,0,0
1669262353,5,1523,1524,0,0
1669262354,5,1524,1525,0,0
1669262355,5,1525,1526,0,0
1669262356,5,1526,1527,0,0
1669262357,5,1527,1528,0,0
1669262358,5,1528,1529,0,0
1669262359,5,1529,1530,0,0
1669262360,5,1530,1531,0,0
1669262361,5,1531,1532,0,0
1669262362,5,1532,1533,0,0
1669262363,5,1533,1534,0,0
1669262364,5,1534,1535,0,0
1669262365,5,1535,1536,0,0
1669262366,5,1536,1537,0,0
1669262367,5,1537,1538,0,0
1669262368,5,1538,1539,0,0
1669262369,5,1539,1540,0,0
1669262370,5,1540,1541,0,0
1669262371,5,1541,1542,0,0
1669262372,5,1542,1543,0,0
1669262373,5,1543,1544,0,0
1669262374,5,1544,1545,0,0
1669262375,5,1545,1546,0,0
1669262376,5,1546,1547,0,0
1669262377,5,1547,1548,0,0
1669262378,5,1548,1549,0,0
1669262379,5,1549,1550,0,0
1669262380,5,1550,1551,0,0
1669262381,5,1551,1552,0,0
1669262382,5,1552,1553,0,0
1669262383,5,1553,1554,0,0
1669262384,5,1554,1555,0,0
1669262385,5,1555,1556,0,0
1669262386,5,1556,1557,0,0
1669262387,5,1557,1558,0,0
1669262388,5,1558,1559,0,0
1669262389,5,1559,1560,0,0
1669262390,5,1560,1561,0,0
1669262391,5,1561,1562,0,0
1669262392,5,1562,1563,0,0
1669262393,5,1563,1564,0,0
1669262394,5,1564,1565,0,0
1669262395,5,1565,1566,0,0
1669262396,5,1566,1567,0,0
1669262397,5,1567,1568,0,0
1669262398,5,1568,1569,0,0
1669262399,5,1569,1570,0,0
1669262400,5,1570,1571,0,0
1669262401,5,1571,1572,0,0
1669262402,5,1572,1573,0,0
1669262403,5,1573,1574,0,0
1669262404,5,1574,1575,0,0
1669262405,5,1575,1576,0,0
1669262406,5,1576,1577,0,0
1669262407,5,1577,1578,0,0
1669262408,5,1578,1579,0,0
1669262409,5,1579,1580,0,0
1669262410,5,1580,1581,0,0
1669262411,5,1581,1582,0,0
1669262412,5,1582,1583,0,0
1669262413,5,1583,1584,0,0
1669262414,5,1584,1585,0,0
1669262415,5,1585,1586,0,0
1669262416,5,1586,1587,0,0
1669262417,5,1587,1588,0,0
1669262418,5,1588,1589,0,0
1669262419,5,1589,1590,0,0
1669262420,5,1590,1591,0,0
1669262421,5,1591,1592,0,0
1669262422,5,1592,1593,0,0
1669262423,5,1593,1594,0,0
1669262424,5,1594,1595,0,0
1669262425,5,1595,1596,0,0
1669262426,5,1596,1597,0,0
1669262427,5,1597,1598,0,0
1669262428,5,1598,1599,0,0
1669262429,5,1599,1600,0,0
1669262430,5,1600,1601,0,0
1669262431,5,1601,1602,0,0
1669262432,5,1602,1603,0,0
1669262433,5,1603,1604,0,0
1669262434,5,1604,1605,0,0
1669262435,5,1605,1606,0,0
1669262436,5,1606,1607,0,0
1669262437,5,1607,1608,0,0
1669262438,5,1608,1609,0,0
1669262439,5,1609,1610,0,0
1669262440,5,1610,1611,0,0
1669262441,5,1611,1612,0,0
1669262442,5,1612,1613,0,0
1669262443,5,1613,1614,0,0
1669262444,5,1614,1615,0,0
1669262445,5,1615,1616,0,0
1669262446,5,1616,1617,0,0
1669262447,5,1617,1618,0,0
1669262448,5,1618,1619,0,0
1669262449,5,1619,1620,0,0
1669262450,5,1620,1621,0,0
1669262451,5,1621,1622,0,0
1669262452,5,1622,1623,0,0
1669262453,5,1623,1624,0,0
1669262454,5,1624,1625,0,0
1669262455,5,1625,1626,0,0
1669262456,5,1626,1627,0,0
1669262457,5,1627,1628,0,0
1669262458,5,1628,1629,0,0
1669262459,5,1629,1630,0,0
1669262460,5,1630,1631,0,0
1669262461,5,1631,1632,0,0
1669262462,5,1632,1633,0,0
1669262463,5,1633,1634,0,0
1669262464,5,1634,1635,0,0
1669262465,5,1635,1636,0,0
1669262466,5,1636,1637,0,0
1669262467,5,1637,1638,0,0
1669262468,5,1638,1639,0,0
1669262469,5,1639,1640,0,0
1669262470,5,1640,1641,0,0
1669262471,5,1641,1642,0,0
1669262472,5,1642,1643,0,0
1669262473,5,1643,1644,0,0
1669262474,5,1644,1645,0,0
1669262475,5,1645,1646,0,0
1669262476,5,1646,1647,0,0
1669262477,5,1647,1648,0,0
1669262478,5,1648,1649,0,0
1669262479,5,1649,1650,0,0
1669262480,5,1650,1651,0,0
1669262481,5,1651,1652,0,0
1669262482,5,1652,1653,0,0
1669262483,5,1653,1654,0,0
1669262484,5,1654,1655,0,0
1669262485,5,1655,1656,0,0
1669262486,5,1656,1657,0,0
1669262487,5,1657,1658,0,0
1669262488,5,1658,1659,0,0
1669262489,5,1659,1660,0,0
1669262490,5,1660,1661,0,0
1669262491,5,1661,1662,0,0
1669262492,5,1662,1663,0,0
1669262493,5,1663,1664,0,0
1669262494,5,1664,1665,0,0
1669262495,5,1665,1666,0,0
1669262496,5,1666,1667,0,0
1669262497,5,1667,1668,0,0
1669262498,5,1668,1669,0,0
1669262499,5,1669,1670,0,0
1669262500,5,1670,1671,0,0
1669262501,5,1671,1672,0,0
1669262502,5,1672,1673,0,0
1669262503,5,1673,1674,0,0
1669262504,5,1674,1675,0,0
1669262505,5,1675,1676,0,0
1669262506,5,1676,1677,0,0
1669262507,5,1677,1678,0,0
1669262508,5,1678,1679,0,0
1669262509,5,1679,1680,0,0
1669262510,5,1680,1681,0,0
1669262511,5,1681,1682,0,0
1669262512,5,1682,1683,0,0
1669262513,5,1683,1684,0,0
1669262514,5,1684,1685,0,0
1669262515,5,1685,1686,0,0
1669262516,5,1686,1687,0,0
1669262517,5,1687,1688,0,0
1669262518,5,1688,1689,0,0
1669262519,5,1689,1690,0,0
1669262520,5,1690,1691,0,0
1669262521,5,1691,1692,0,0
1669262522,5,1692,1693,0,0
1669262523,5,1693,1694,0,0
1669262524,5,1694,1695,0,0
1669262525,5,1695,1696,0,0
1669262526,5,1696,1697,0,0
1669262527,5,1697,1698,0,0
1669262528,5,1698,1699,0,0
1669262529,5,1699,1700,0,0
1669262530,5,1700,1701,0,0
1669262531,5,1701,1702,0,0
1669262532,5,1702,1703,0,0
1669262533,5,1703,1704,0,0
1669262534,5,1704,1705,0,0
1669262535,5,1705,1706,0,0
1669262536,5,1706,1707,0,0
1669262537,5,1707,1708,0,0
1669262538,5,1708,1709,0,0
1669262539,5,1709,1710,0,0
1669262540,5,1710,1711,0,0
1669262541,5,1711,1712,0,0
1669262542,5,1712,1713,0,0
1669262543,5,1713,1714,0,0
1669262544,5,1714,1715,0,0
1669262545,5,1715,1716,0,0
1669262546,5,1716,1717,0,0
1669262547,5,1717,1718,0,0
1669262548,5,1718,1719,0,0
1669262549,5,1719,1720,0,0
1669262550,5,1720,1721,0,0
1669262551,5,1721,1722,0,0
1669262552,5,1722,1723,0,0
1669262553,5,1723,1724,0,0
1669262554,5,1724,1725,0,0
1669262555,5,1725,1726,0,0
1669262556,5,1726,1727,0,0
1669262557,5,1727,1728,0,0
1669262558,5,1728,1729,0,0
1669262559,5,1729,1730,0,0
1669262560,5,1730,1731,0,0
1669262561,5,1731,1732,0,0
1669262562,5,1732,1733,0,0
1669262563,5,1733,1734,0,0
1669262564,5,1734,1735,0,0
1669262565,5,1735,1736,0,0
1669262566,5,1736,1737,0,0
1669262567,5,1737,1738,0,0
1669262568,5,1738,1739,0,0
1669262569,5,1739,1740,0,0
1669262570,5,1740,1741,0,0
1669262571,5,1741,1742,0,0
1669262572,5,1742,1743,0,0
1669262573,5,1743,1744,0,0
1669262574,5,1744,1745,0,0
1669262575,5,1745,1746,0,0
1669262576,5,1746,1747,0,0
1669262577,5,1747,1748,0,0
1669262578,5,1748,1749,0,0
1669262579,5,1749,1750,0,0
1669262580,5,1750,1751,0,0
1669262581,5,1751,1752,0,0
1669262582,5,1752,1753,0,0
1669262583,5,1753,1754,0,0
1669262584,5,1754,1755,0,0
1669262585,5,1755,1756,0,0
1669262586,5,1756,1757,0,0
1669262587,5,1757,1758,0,0
1669262588,5,1758,1759,0,0
1669262589,5,1759,1760,0,0
1669262590,5,1760,1761,0,0
1669262591,5,1761,1762,0,0
1669262592,5,1762,1763,0,0
1669262593,5,1763,1764,0,0
1669262594,5,1764,1765,0,0
1669262595,5,1765,1766,0,0
1669262596,5,1766,1767,0,0
1669262597,5,1767,1768,0,0
1669262598,5,1768,1769,0,0
1669262599,5,1769,1770,0,0
1669262600,5,1770,1771,0,0
1669262601,5,1771,1772,0,0
1669262602,5,1772,1773,0,0
1669262603,5,1773,1774,0,0
1669262604,5,1774,1775,0,0
1669262605,5,1775,1776,0,0
1669262606,5,1776,1777,0,0
1669262607,5,1777,1778,0,0
1669262608,5,1778,1779,0,0
1669262609,5,1779,1780,0,0
1669262610,5,1780,1781,0,0
1669262611,5,1781,1782,0,0
1669262612,5,1782,1783,0,0
1669262613,5,1783,1784,0,0
1669262614,5,1784,1785,0,0
1669262615,5,1785,1786,0,0
1669262616,5,1786,1787,0,0
1669262617,5,1787,1788,0,0
1669262618,5,1788,1789,0,0
1669262619,5,1789,1790,0,0
1669262620,5,1790,1791,0,0
1669262621,5,1791,1792,0,0
1669262622,5,1792,1793,0,0
1669262623,5,1793,1794,0,0
1669262624,5,1794,1795,0,0
1669262625,5,1795,1796,0,0
1669262626,5,1796,1797,0,0
1669262627,5,1797,1798,0,0
1669262628,5,1798,1799,0,0
1669262629,5,1799,1800,0,0
1669262630,5,1800,1801,0,0
1669262631,5,1801,1802,0,0
1669262632,5,1802,1803,0,0
1669262633,5,1803,1804,0,0
1669262634,5,1804,1805,0,0
1669262635,5,1805,1806,0,0
1669262636,5,1806,1807,0,0
1669262637,5,1807,1808,0,0
1669262638,5,1808,1809,0,0
1669262639,5,1809,1810,0,0
1669262640,5,1810,1811,0,0
1669262641,5,1811,1812,0,0
1669262642,5,1812,1813,0,0
1669262643,5,1813,1814,0,0
1669262644,5,1814,1815,0,0
1669262645,5,1815,1816,0,0
1669262646,5,1816,1817,0,0
1669262647,5,1817,1818,0,0
1669262648,5,1818,1819,0,0
1669262649,5,1819,1820,0,0
1669262650,5,1820,1821,0,0
1669262651,5,1821,1822,0,0
1669262652,5,1822,1823,0,0
1669262653,5,1823,1824,0,0
1669262654,5,1824,1825,0,0
1669262655,5,1825,1826,0,0
1669262656,5,1826,1827,0,0
1669262657,5,1827,1828,0,0
1669262658,5,1828,1829,0,0
1669262659,5,1829,1830,0,0
1669262660,5,1830,1831,0,0
1669262661,5,1831,1832,0,0
1669262662,5,1832,1833,0,0
1669262663,5,1833,1834,0,0
1669262664,5,1834,1835,0,0
1669262665,5,1835,1836,0,0
1669262666,5,1836,1837,0,0
1669262667,5,1837,1838,0,0
1669262668,5,1838,1839,0,0
1669262669,5,1839,1840,0,0
1669262670,5,1840,1841,0,0
1669262671,5,1841,1842,0,0
1669262672,5,1842,1843,0,0
1669262673,5,1843,1844,0,0
1669262674,5,1844,1845,0,0
1669262675,5,1845,1846,0,0
1669262676,5,1846,1847,0,0
1669262677,5,1847,1848,0,0
1669262678,5,1848,1849,0,0
1669262679,5,1849,1850,0,0
1669262680,5,1850,1851,0,0
1669262681,5,1851,1852,0,0
1669262682,5,1852,1853,0,0
1669262683,5,1853,1854,0,0
1669262684,5,1854,1855,0,0
1669262685,5,1855,1856,0,0
1669262686,5,1856,1857,0,0
1669262687,5,1857,1858,0,0
1669262688,5,1858,1859,0,0
1669262689,5,1859,1860,0.00707,0.058
1669262690,5,1860,1861,0.0255,0.208
1669262691,5,1861,1862,0.0622,0.51
1669262692,5,1862,1863,0.0905,0.741
1669262693,5,1863,1864,0.273,2.24
1669262694,5,1864,1865,0.443,3.63
1669262695,5,1865,1866,0.452,3.71
1669262696,5,1866,1867,0.437,3.58
1669262697,5,1867,1868,0.452,3.71
1669262698,5,1868,1869,0.448,3.67
1669262699,5,1869,1870,0.43,3.52
1669262700,5,1870,1871,0.00848,0.0695
1669262701,5,1871,1872,0.88,7.2
1669262702,5,1872,1873,0.457,3.74
1669262703,5,1873,1874,0.447,3.66
1669262704,5,1874,1875,0.424,3.48
1669262705,5,1875,1876,0.458,3.75
1669262706,5,1876,1877,0.445,3.65
1669262707,5,1877,1878,0.465,3.81
1669262708,5,1878,1879,0.45,3.68
1669262709,5,1879,1880,0.447,3.66
1669262710,5,1880,1881,0.427,3.5
1669262711,5,1881,1882,0.376,3.08
1669262712,5,1882,1883,0.39,3.2
1669262713,5,1883,1884,0.448,3.67
1669262714,5,1884,1885,0.0608,0.498
1669262715,5,1885,1886,0.844,6.92
1669262716,5,1886,1887,0.457,3.74
1669262717,5,1887,1888,0.376,3.08
1669262718,5,1888,1889,0.301,2.47
1669262719,5,1889,1890,0.315,2.58
1669262720,5,1890,1891,0.322,2.64
1669262721,5,1891,1892,0.334,2.73
1669262722,5,1892,1893,0.37,3.03
1669262723,5,1893,1894,0.37,3.03
1669262724,5,1894,1895,0.407,3.34
1669262725,5,1895,1896,0.455,3.73
1669262726,5,1896,1897,0.458,3.75
1669262727,5,1897,1898,0.416,3.41
1669262728,5,1898,1899,0.146,1.19
1669262729,5,1899,1900,0.351,2.87
1669262730,5,1900,1901,0.697,5.71
1669262731,5,1901,1902,0.455,3.73
1669262732,5,1902,1903,0.447,3.66
1669262733,5,1903,1904,0.154,1.26
1669262734,5,1904,1905,0.759,6.22
1669262735,5,1905,1906,0.437,3.58
1669262736,5,1906,1907,0.461,3.78
1669262737,5,1907,1908,0.454,3.72
1669262738,5,1908,1909,0.445,3.65
1669262739,5,1909,1910,0.447,3.66
1669262740,5,1910,1911,0.447,3.66
1669262741,5,1911,1912,0.455,3.73
1669262742,5,1912,1913,0.452,3.71
1669262743,5,1913,1914,0.474,3.88
1669262744,5,1914,1915,0.452,3.71
1669262745,5,1915,1916,0.0749,0.613
1669262746,5,1916,1917,0.841,6.9
1669262747,5,1917,1918,0.462,3.79
1669262748,5,1918,1919,0.461,3.78
1669262749,5,1919,1920,0.479,3.93
1669262750,5,1920,1921,0.27,2.21
1669262750,5,1921,1921.59,0.0495,0.689
