Time,Iperf Clt ID,Iperf Clt Interval Start [sec],Iperf Clt Interval End [sec],Iperf Clt Transfer [MB],Iperf Clt Bandwidth [Mbps],Iperf Clt Retr,Iperf Clt Cwnd [MB]
1669260830,4,0,1,0.717,5.87,0,0.0693
1669260831,4,1,2,0.573,4.69,0,0.0933
1669260832,4,2,3,0.636,5.21,0,0.116
1669260833,4,3,4,0.573,4.69,0,0.14
1669260834,4,4,5,0.573,4.7,0,0.163
1669260835,4,5,6,0.636,5.21,0,0.185
1669260836,4,6,7,0.573,4.69,0,0.209
1669260837,4,7,8,0.764,6.25,0,0.264
1669260838,4,8,9,0.954,7.82,0,0.352
1669260839,4,9,10,1.018,8.34,0,0.46
1669260840,4,10,11,0.191,1.56,59,0.318
1669260841,4,11,12,0.954,7.81,8,0.339
1669260842,4,12,13,0.318,2.61,0,0.369
1669260843,4,13,14,0.318,2.61,0,0.406
1669260844,4,14,15,0.191,1.56,8,0.389
1669260845,4,15,16,0,0,21,0.291
1669260846,4,16,17,0.764,6.25,0,0.3
1669260847,4,17,18,0.509,4.17,0,0.32
1669260848,4,18,19,0.318,2.61,0,0.339
1669260849,4,19,20,0.445,3.65,0,0.354
1669260850,4,20,21,0.445,3.65,0,0.359
1669260851,4,21,22,0.382,3.13,0,0.361
1669260852,4,22,23,0.382,3.13,0,0.362
1669260853,4,23,24,0.445,3.64,0,0.366
1669260854,4,24,25,0.509,4.18,0,0.375
1669260855,4,25,26,0.445,3.65,0,0.393
1669260856,4,26,27,0.255,2.09,7,0.358
1669260857,4,27,28,0.318,2.61,12,0.287
1669260858,4,28,29,0.827,6.77,0,0.313
1669260859,4,29,30,0.445,3.65,0,0.349
1669260860,4,30,31,0.445,3.65,0,0.378
1669260861,4,31,32,0.445,3.65,0,0.395
1669260862,4,32,33,0.191,1.57,7,0.307
1669260863,4,33,34,0.764,6.25,3,0.281
1669260864,4,34,35,0.509,4.17,0,0.303
1669260865,4,35,36,0.445,3.65,0,0.321
1669260866,4,36,37,0.509,4.17,0,0.332
1669260867,4,37,38,0.445,3.65,0,0.338
1669260868,4,38,39,0.509,4.17,0,0.339
1669260869,4,39,40,0.445,3.65,0,0.341
1669260870,4,40,41,0.445,3.65,0,0.344
1669260871,4,41,42,0.445,3.65,0,0.354
1669260872,4,42,43,0.509,4.17,0,0.372
1669260873,4,43,44,0.445,3.65,0,0.403
1669260874,4,44,45,0.127,1.04,14,0.328
1669260875,4,45,46,0.7,5.74,9,0.293
1669260876,4,46,47,0.509,4.17,0,0.325
1669260877,4,47,48,0.445,3.65,0,0.361
1669260878,4,48,49,0.382,3.13,0,0.386
1669260879,4,49,50,0.382,3.13,1,0.4
1669260880,4,50,51,0,0,11,0.28
1669260881,4,51,52,0.827,6.78,0,0.286
1669260882,4,52,53,0.445,3.65,0,0.307
1669260883,4,53,54,0.382,3.12,0,0.324
1669260884,4,54,55,0.318,2.61,0,0.335
1669260885,4,55,56,0.382,3.13,0,0.339
1669260886,4,56,57,0.318,2.61,0,0.341
1669260887,4,57,58,0.318,2.61,0,0.342
1669260888,4,58,59,0.191,1.56,0,0.346
1669260889,4,59,60,0.255,2.08,3,0.352
1669260890,4,60,61,0.255,2.09,0,0.352
1669260891,4,61,62,0.255,2.09,0,0.355
1669260892,4,62,63,0.255,2.08,0,0.361
1669260893,4,63,64,0.255,2.08,0,0.373
1669260894,4,64,65,0.318,2.61,0,0.397
1669260895,4,65,66,0.255,2.08,6,0.419
1669260896,4,66,67,0,0,15,0.313
1669260897,4,67,68,0.255,2.09,14,0.3
1669260898,4,68,69,0.382,3.13,0,0.3
1669260899,4,69,70,0.255,2.09,0,0.322
1669260900,4,70,71,0.255,2.08,0,0.354
1669260901,4,71,72,0.191,1.56,0,0.376
1669260902,4,72,73,0.191,1.56,0,0.395
1669260903,4,73,74,0.127,1.04,0,0.406
1669260904,4,74,75,0,0,9,0.354
1669260905,4,75,76,0,0,9,0.304
1669260906,4,76,77,0,0,7,0.284
1669260907,4,77,78,0.191,1.56,0,0.284
1669260908,4,78,79,0.191,1.56,0,0.277
1669260909,4,79,80,0.382,3.13,0,0.24
1669260910,4,80,81,0.127,1.04,0,0.208
1669260911,4,81,82,0.0636,0.521,0,0.202
1669260912,4,82,83,0.127,1.04,0,0.204
1669260913,4,83,84,0.127,1.04,0,0.212
1669260914,4,84,85,0.0636,0.521,0,0.221
1669260915,4,85,86,0.0636,0.522,0,0.225
1669260916,4,86,87,0,0,0,0.228
1669260917,4,87,88,0.0636,0.521,0,0.232
1669260918,4,88,89,0.0636,0.521,0,0.235
1669260919,4,89,90,0.0636,0.521,0,0.24
1669260920,4,90,91,0,0,0,0.247
1669260921,4,91,92,0.0636,0.521,0,0.257
1669260922,4,92,93,0,0,0,0.274
1669260923,4,93,94,0.0636,0.521,0,0.288
1669260924,4,94,95,0,0,0,0.303
1669260925,4,95,96,0,0,0,0.321
1669260926,4,96,97,0.0636,0.521,1,0.327
1669260927,4,97,98,0,0,0,0.318
1669260928,4,98,99,0,0,0,0.308
1669260929,4,99,100,0,0,0,0.303
1669260930,4,100,101,0,0,0,0.297
1669260931,4,101,102,0,0,1,0.29
1669260932,4,102,103,0,0,1,0.283
1669260933,4,103,104,0,0,1,0.277
1669260934,4,104,105,0,0,1,0.274
1669260935,4,105,106,0,0,4,0.26
1669260936,4,106,107,0,0,1,0.256
1669260937,4,107,108,0,0,5,0.243
1669260938,4,108,109,0,0,2,0.238
1669260939,4,109,110,0,0,4,0.23
1669260940,4,110,111,0,0,1,0.229
1669260941,4,111,112,0,0,4,0.225
1669260942,4,112,113,0,0,2,0.222
1669260943,4,113,114,0,0,5,0.23
1669260944,4,114,115,0,0,4,0.222
1669260945,4,115,116,0,0,1,0.219
1669260946,4,116,117,0,0,2,0.209
1669260947,4,117,118,0.0636,0.521,8,0.197
1669260948,4,118,119,0,0,6,0.192
1669260949,4,119,120,0,0,4,0.182
1669260950,4,120,121,0,0,7,0.177
1669260951,4,121,122,0,0,1,0.165
1669260952,4,122,123,0,0,1,0.153
1669260953,4,123,124,0,0,5,0.146
1669260954,4,124,125,0,0,4,0.133
1669260955,4,125,126,0,0,2,0.126
1669260956,4,126,127,0,0,1,0.112
1669260957,4,127,128,0,0,7,0.112
1669260958,4,128,129,0,0,0,0.112
1669260959,4,129,130,0,0,0,0.112
1669260960,4,130,131,0,0,0,0.112
1669260961,4,131,132,0,0,5,0.0721
1669260962,4,132,133,0,0,1,0.0636
1669260963,4,133,134,0,0,1,0.0608
1669260964,4,134,135,0,0,0,0.0608
1669260965,4,135,136,0,0,1,0.0368
1669260966,4,136,137,0,0,3,0.0311
1669260967,4,137,138,0,0,0,0.0311
1669260968,4,138,139,0,0,0,0.0311
1669260969,4,139,140,0,0,0,0.0311
1669260970,4,140,141,0,0,0,0.0311
1669260971,4,141,142,0,0,0,0.0311
1669260972,4,142,143,0,0,0,0.0311
1669260973,4,143,144,0,0,0,0.0311
1669260974,4,144,145,0,0,0,0.0311
1669260975,4,145,146,0,0,0,0.0311
1669260976,4,146,147,0,0,0,0.0311
1669260977,4,147,148,0,0,0,0.0311
1669260978,4,148,149,0,0,0,0.0311
1669260979,4,149,150,0,0,0,0.0311
1669260980,4,150,151,0,0,0,0.0311
1669260981,4,151,152,0,0,0,0.0311
1669260982,4,152,153,0,0,0,0.0311
1669260983,4,153,154,0,0,0,0.0311
1669260984,4,154,155,0,0,0,0.0311
1669260985,4,155,156,0,0,1,0.00141
1669260986,4,156,157,0,0,0,0.00141
1669260987,4,157,158,0,0,0,0.00141
1669260988,4,158,159,0,0,0,0.00141
1669260989,4,159,160,0,0,0,0.00141
1669260990,4,160,161,0,0,0,0.00141
1669260991,4,161,162,0,0,0,0.00141
1669260992,4,162,163,0,0,0,0.00141
1669260993,4,163,164,0,0,0,0.00141
1669260994,4,164,165,0,0,0,0.00141
1669260995,4,165,166,0,0,0,0.00141
1669260996,4,166,167,0,0,0,0.00141
1669260997,4,167,168,0,0,0,0.00141
1669260998,4,168,169,0,0,0,0.00141
1669260999,4,169,170,0,0,0,0.00141
1669261000,4,170,171,0,0,0,0.00141
1669261001,4,171,172,0,0,0,0.00141
1669261002,4,172,173,0,0,0,0.00141
1669261003,4,173,174,0,0,0,0.00141
1669261004,4,174,175,0,0,0,0.00141
1669261005,4,175,176,0,0,0,0.00141
1669261006,4,176,177,0,0,0,0.00141
1669261007,4,177,178,0,0,0,0.00141
1669261008,4,178,179,0,0,0,0.00141
1669261009,4,179,180,0,0,0,0.00141
1669261010,4,180,181,0,0,0,0.00141
1669261011,4,181,182,0,0,0,0.00141
1669261012,4,182,183,0,0,0,0.00141
1669261013,4,183,184,0,0,0,0.00141
1669261014,4,184,185,0,0,0,0.00141
1669261015,4,185,186,0,0,0,0.00141
1669261016,4,186,187,0,0,0,0.00141
1669261017,4,187,188,0,0,0,0.00141
1669261018,4,188,189,0,0,0,0.00141
1669261019,4,189,190,0,0,0,0.00141
1669261020,4,190,191,0,0,0,0.00141
1669261021,4,191,192,0,0,0,0.00141
1669261022,4,192,193,0,0,0,0.00141
1669261023,4,193,194,0,0,0,0.00141
1669261024,4,194,195,0,0,0,0.00141
1669261025,4,195,196,0,0,0,0.00141
1669261026,4,196,197,0,0,0,0.00141
1669261027,4,197,198,0,0,0,0.00141
1669261028,4,198,199,0,0,0,0.00141
1669261029,4,199,200,0,0,1,0.00141
1669261030,4,200,201,0,0,0,0.00283
1669261031,4,201,202,0,0,0,0.00283
1669261032,4,202,203,0,0,0,0.00283
1669261033,4,203,204,0,0,0,0.00283
1669261034,4,204,205,0,0,0,0.00283
1669261035,4,205,206,0,0,0,0.00283
1669261036,4,206,207,0,0,0,0.00283
1669261037,4,207,208,0,0,0,0.00283
1669261038,4,208,209,0,0,0,0.00283
1669261039,4,209,210,0,0,0,0.00283
1669261040,4,210,211,0,0,0,0.00283
1669261041,4,211,212,0,0,0,0.00283
1669261042,4,212,213,0,0,0,0.00283
1669261043,4,213,214,0,0,0,0.00283
1669261044,4,214,215,0,0,0,0.00283
1669261045,4,215,216,0,0,0,0.00283
1669261046,4,216,217,0,0,0,0.00283
1669261047,4,217,218,0,0,0,0.00283
1669261048,4,218,219,0.0636,0.521,5,0.00283
1669261049,4,219,220,0.191,1.56,26,0.00707
1669261050,4,220,221,0.191,1.56,47,0.0127
1669261051,4,221,222,0.127,1.04,37,0.0184
1669261052,4,222,223,0.0636,0.521,0,0.0354
1669261053,4,223,224,0.0636,0.521,0,0.0665
1669261054,4,224,225,0.0636,0.522,0,0.103
1669261055,4,225,226,0.0636,0.521,0,0.16
1669261056,4,226,227,0.127,1.04,0,0.215
1669261057,4,227,228,0.0636,0.522,0,0.272
1669261058,4,228,229,0.127,1.04,0,0.327
1669261059,4,229,230,0.0636,0.521,0,0.383
1669261060,4,230,231,0.127,1.04,0,0.447
1669261061,4,231,232,0.191,1.57,0,0.506
1669261062,4,232,233,0.445,3.65,10,0.543
1669261063,4,233,234,0,0,28,0.482
1669261064,4,234,235,0,0,88,0.341
1669261065,4,235,236,0.255,2.08,9,0.389
1669261066,4,236,237,0.445,3.65,0,0.389
1669261067,4,237,238,0,0,12,0.342
1669261068,4,238,239,0.0636,0.521,1,0.297
1669261069,4,239,240,0,0,3,0.269
1669261070,4,240,241,0,0,0,0.269
1669261071,4,241,242,0.891,7.29,0,0.281
1669261072,4,242,243,0.255,2.09,0,0.3
1669261073,4,243,244,0.191,1.56,0,0.313
1669261074,4,244,245,0.191,1.56,0,0.322
1669261075,4,245,246,0.191,1.56,0,0.327
1669261076,4,246,247,0.191,1.56,0,0.329
1669261077,4,247,248,0.127,1.04,0,0.332
1669261078,4,248,249,0.191,1.56,0,0.338
1669261079,4,249,250,0.191,1.56,0,0.346
1669261080,4,250,251,0.127,1.04,0,0.366
1669261081,4,251,252,0.191,1.56,0,0.4
1669261082,4,252,253,0.191,1.57,0,0.444
1669261083,4,253,254,0,0,18,0.392
1669261084,4,254,255,0,0,22,0.317
1669261085,4,255,256,0,0,17,0.317
1669261086,4,256,257,0.318,2.6,0,0.317
1669261087,4,257,258,0.382,3.13,0,0.318
1669261088,4,258,259,0.191,1.56,0,0.338
1669261089,4,259,260,0.191,1.56,0,0.363
1669261090,4,260,261,0.127,1.04,0,0.386
1669261091,4,261,262,0.127,1.04,0,0.4
1669261092,4,262,263,0.0636,0.521,0,0.411
1669261093,4,263,264,0.127,1.04,0,0.42
1669261094,4,264,265,0,0,14,0.373
1669261095,4,265,266,0,0,9,0.331
1669261096,4,266,267,0,0,9,0.296
1669261097,4,267,268,0,0,3,0.29
1669261098,4,268,269,0,0,2,0.294
1669261099,4,269,270,0.127,1.04,0,0.294
1669261100,4,270,271,0.127,1.04,0,0.294
1669261101,4,271,272,0.0636,0.521,0,0.294
1669261102,4,272,273,0.318,2.61,0,0.297
1669261103,4,273,274,0.0636,0.521,0,0.305
1669261104,4,274,275,0.0636,0.522,0,0.311
1669261105,4,275,276,0.0636,0.521,0,0.318
1669261106,4,276,277,0.0636,0.521,0,0.322
1669261107,4,277,278,0,0,0,0.324
1669261108,4,278,279,0.0636,0.521,1,0.322
1669261109,4,279,280,0,0,0,0.314
1669261110,4,280,281,0,0,0,0.303
1669261111,4,281,282,0,0,1,0.293
1669261112,4,282,283,0,0,0,0.286
1669261113,4,283,284,0,0,0,0.276
1669261114,4,284,285,0,0,0,0.264
1669261115,4,285,286,0,0,2,0.252
1669261116,4,286,287,0,0,0,0.246
1669261117,4,287,288,0,0,2,0.239
1669261118,4,288,289,0,0,2,0.232
1669261119,4,289,290,0,0,3,0.229
1669261120,4,290,291,0,0,3,0.228
1669261121,4,291,292,0.0636,0.521,2,0.225
1669261122,4,292,293,0,0,2,0.222
1669261123,4,293,294,0.127,1.04,1,0.229
1669261124,4,294,295,0,0,1,0.228
1669261125,4,295,296,0,0,4,0.222
1669261126,4,296,297,0,0,5,0.215
1669261127,4,297,298,0,0,2,0.212
1669261128,4,298,299,0,0,4,0.206
1669261129,4,299,300,0,0,4,0.225
1669261130,4,300,301,0,0,1,0.229
1669261131,4,301,302,0.0636,0.521,8,0.223
1669261132,4,302,303,0,0,5,0.218
1669261133,4,303,304,0,0,5,0.215
1669261134,4,304,305,0,0,3,0.202
1669261135,4,305,306,0,0,5,0.201
1669261136,4,306,307,0,0,2,0.185
1669261137,4,307,308,0,0,7,0.178
1669261138,4,308,309,0,0,7,0.174
1669261139,4,309,310,0,0,4,0.173
1669261140,4,310,311,0,0,2,0.164
1669261141,4,311,312,0,0,0,0.164
1669261142,4,312,313,0,0,1,0.139
1669261143,4,313,314,0,0,8,0.132
1669261144,4,314,315,0,0,8,0.132
1669261145,4,315,316,0,0,4,0.123
1669261146,4,316,317,0,0,4,0.123
1669261147,4,317,318,0,0,5,0.11
1669261148,4,318,319,0,0,2,0.1
1669261149,4,319,320,0,0,1,0.0891
1669261150,4,320,321,0,0,0,0.0891
1669261151,4,321,322,0,0,2,0.0778
1669261152,4,322,323,0,0,0,0.0778
1669261153,4,323,324,0,0,1,0.0551
1669261154,4,324,325,0,0,4,0.0424
1669261155,4,325,326,0,0,2,0.0424
1669261156,4,326,327,0,0,2,0.0297
1669261157,4,327,328,0,0,4,0.017
1669261158,4,328,329,0.0636,0.522,8,0.00848
1669261159,4,329,330,0.127,1.04,5,0.00424
1669261160,4,330,331,0,0,2,0.00283
1669261161,4,331,332,0,0,0,0.00283
1669261162,4,332,333,0,0,0,0.00283
1669261163,4,333,334,0,0,0,0.00283
1669261164,4,334,335,0,0,0,0.00283
1669261165,4,335,336,0,0,0,0.00283
1669261166,4,336,337,0,0,0,0.00283
1669261167,4,337,338,0,0,0,0.00283
1669261168,4,338,339,0,0,0,0.00283
1669261169,4,339,340,0,0,0,0.00283
1669261170,4,340,341,0,0,0,0.00283
1669261171,4,341,342,0,0,0,0.00283
1669261172,4,342,343,0,0,0,0.00283
1669261173,4,343,344,0,0,0,0.00283
1669261174,4,344,345,0,0,0,0.00283
1669261175,4,345,346,0,0,0,0.00283
1669261176,4,346,347,0,0,0,0.00283
1669261177,4,347,348,0,0,0,0.00283
1669261178,4,348,349,0,0,0,0.00283
1669261179,4,349,350,0,0,1,0.00141
1669261180,4,350,351,0.0636,0.521,8,0.00707
1669261181,4,351,352,0,0,16,0.0184
1669261182,4,352,353,0.127,1.04,21,0.0156
1669261183,4,353,354,0.0636,0.521,20,0.0156
1669261184,4,354,355,0.0636,0.521,16,0.0156
1669261185,4,355,356,0.0636,0.521,11,0.0156
1669261186,4,356,357,0,0,0,0.0212
1669261187,4,357,358,0.0636,0.521,0,0.0226
1669261188,4,358,359,0,0,0,0.024
1669261189,4,359,360,0.0636,0.521,0,0.024
1669261190,4,360,361,0,0,0,0.0297
1669261191,4,361,362,0.0636,0.522,0,0.0396
1669261192,4,362,363,0,0,0,0.0566
1669261193,4,363,364,0.0636,0.521,0,0.0778
1669261194,4,364,365,0,0,0,0.099
1669261195,4,365,366,0.0636,0.521,0,0.124
1669261196,4,366,367,0.0636,0.521,0,0.147
1669261197,4,367,368.01,0,0,0,0.178
1669261198,4,368.01,369,0.0636,0.525,0,0.205
1669261199,4,369,370,0.0636,0.522,0,0.225
1669261200,4,370,371,0,0,0,0.263
1669261201,4,371,372,0.0636,0.521,0,0.296
1669261202,4,372,373,0.0636,0.521,0,0.331
1669261203,4,373,374,0.0636,0.521,0,0.383
1669261204,4,374,375,0.127,1.04,0,0.436
1669261205,4,375,376,0.0636,0.521,0,0.475
1669261206,4,376,377,0.0636,0.522,0,0.526
1669261207,4,377,378,0.0636,0.521,15,0.515
1669261208,4,378,379,0,0,38,0.424
1669261209,4,379,380,0,0,45,0.358
1669261210,4,380,381,0,0,28,0.318
1669261211,4,381,382,0,0,5,0.318
1669261212,4,382,383,0,0,0,0.318
1669261213,4,383,384,0,0,0,0.318
1669261214,4,384,385,0.764,6.25,0,0.397
1669261215,4,385,386,0.127,1.04,0,0.42
1669261216,4,386,387,0.191,1.56,0,0.448
1669261217,4,387,388,0,0,15,0.411
1669261218,4,388,389,0,0,16,0.354
1669261219,4,389,390,0,0,21,0.304
1669261220,4,390,391,0,0,10,0.315
1669261221,4,391,392,0,0,0,0.315
1669261222,4,392,393,0,0,0,0.315
1669261223,4,393,394,0.7,5.74,0,0.322
1669261224,4,394,395,0.191,1.56,0,0.335
1669261225,4,395,396,0.127,1.04,0,0.345
1669261226,4,396,397,0.127,1.04,0,0.356
1669261227,4,397,398,0.127,1.04,0,0.363
1669261228,4,398,399,0.127,1.04,0,0.369
1669261229,4,399,400,0.0636,0.522,0,0.373
1669261230,4,400,401,0.0636,0.521,0,0.379
1669261231,4,401,402,0.0636,0.522,0,0.382
1669261232,4,402,403,0.0636,0.521,1,0.379
1669261233,4,403,404,0,0,2,0.355
1669261234,4,404,405,0,0,2,0.334
1669261235,4,405,406,0,0,4,0.31
1669261236,4,406,407,0,0,1,0.291
1669261237,4,407,408,0,0,0,0.276
1669261238,4,408,409,0,0,7,0.276
1669261239,4,409,410,0.0636,0.522,0,0.276
1669261240,4,410,411,0.127,1.04,0,0.276
1669261241,4,411,412,0.127,1.04,0,0.276
1669261242,4,412,413,0,0,0,0.276
1669261243,4,413,414,0,0,0,0.276
1669261244,4,414,415,0.318,2.61,0,0.264
1669261245,4,415,416,0.0636,0.521,0,0.253
1669261246,4,416,417,0.0636,0.521,0,0.24
1669261247,4,417,418,0.0636,0.521,0,0.226
1669261248,4,418,419,0,0,0,0.218
1669261249,4,419,420,0.0636,0.521,2,0.206
1669261250,4,420,421,0,0,1,0.195
1669261251,4,421,422,0,0,0,0.192
1669261252,4,422,423,0,0,0,0.192
1669261253,4,423,424,0,0,0,0.192
1669261254,4,424,425,0,0,2,0.189
1669261255,4,425,426,0,0,0,0.189
1669261256,4,426,427,0,0,1,0.192
1669261257,4,427,428,0.127,1.04,0,0.189
1669261258,4,428,429,0,0,0,0.181
1669261259,4,429,430,0,0,3,0.17
1669261260,4,430,431,0,0,0,0.164
1669261261,4,431,432,0.0636,0.522,1,0.156
1669261262,4,432,433,0,0,0,0.15
1669261263,4,433,434,0.127,1.04,2,0.141
1669261264,4,434,435,0,0,4,0.133
1669261265,4,435,436,0,0,2,0.13
1669261266,4,436,437,0,0,1,0.129
1669261267,4,437,438,0,0,3,0.134
1669261268,4,438,439,0,0,7,0.13
1669261269,4,439,440,0,0,2,0.127
1669261270,4,440,441,0,0,8,0.116
1669261271,4,441,442,0,0,3,0.106
1669261272,4,442,443,0,0,7,0.099
1669261273,4,443,444,0,0,5,0.0947
1669261274,4,444,445,0,0,4,0.0834
1669261275,4,445,446,0,0,11,0.082
1669261276,4,446,447,0,0,7,0.0707
1669261277,4,447,448,0,0,6,0.065
1669261278,4,448,449,0,0,0,0.065
1669261279,4,449,450,0,0,2,0.0566
1669261280,4,450,451,0,0,1,0.0509
1669261281,4,451,452,0,0,2,0.0438
1669261282,4,452,453,0,0,1,0.0269
1669261283,4,453,454,0,0,1,0.017
1669261284,4,454,455,0,0,2,0.00707
1669261285,4,455,456,0,0,0,0.00707
1669261286,4,456,457,0,0,0,0.00707
1669261287,4,457,458,0,0,0,0.00707
1669261288,4,458,459,0,0,0,0.00707
1669261289,4,459,460,0,0,0,0.00707
1669261290,4,460,461,0,0,0,0.00707
1669261291,4,461,462,0,0,0,0.00707
1669261292,4,462,463,0,0,0,0.00707
1669261293,4,463,464,0.191,1.56,3,0.00283
1669261294,4,464,465,0,0,0,0.00283
1669261295,4,465,466,0,0,0,0.00283
1669261296,4,466,467,0,0,0,0.00283
1669261297,4,467,468,0,0,0,0.00283
1669261298,4,468,469,0,0,0,0.00283
1669261299,4,469,470,0,0,0,0.00283
1669261300,4,470,471,0,0,0,0.00283
1669261301,4,471,472,0,0,0,0.00283
1669261302,4,472,473,0,0,3,0.00283
1669261303,4,473,474,0,0,0,0.00283
1669261304,4,474,475,0,0,0,0.00283
1669261305,4,475,476,0,0,0,0.00283
1669261306,4,476,477,0,0,0,0.00283
1669261307,4,477,478,0,0,0,0.00283
1669261308,4,478,479,0,0,0,0.00283
1669261309,4,479,480,0,0,0,0.00283
1669261310,4,480,481,0,0,1,0.00141
1669261311,4,481,482,0,0,2,0.00283
1669261312,4,482,483,0,0,0,0.00283
1669261313,4,483,484,0,0,0,0.00283
1669261314,4,484,485,0,0,0,0.00283
1669261315,4,485,486,0,0,0,0.00283
1669261316,4,486,487,0,0,0,0.00283
1669261317,4,487,488,0,0,0,0.00283
1669261318,4,488,489,0,0,0,0.00283
1669261319,4,489,490,0,0,3,0.00283
1669261320,4,490,491,0,0,0,0.00283
1669261321,4,491,492,0,0,0,0.00283
1669261322,4,492,493,0,0,0,0.00283
1669261323,4,493,494,0,0,0,0.00283
1669261324,4,494,495,0,0,0,0.00283
1669261325,4,495,496,0,0,0,0.00283
1669261326,4,496,497,0,0,0,0.00283
1669261327,4,497,498,0,0,0,0.00283
1669261328,4,498,499,0,0,1,0.00141
1669261329,4,499,500,0,0,0,0.00141
1669261330,4,500,501,0,0,0,0.00141
1669261331,4,501,502,0,0,0,0.00141
1669261332,4,502,503,0,0,0,0.00141
1669261333,4,503,504,0,0,0,0.00141
1669261334,4,504,505,0,0,0,0.00141
1669261335,4,505,506,0,0,0,0.00141
1669261336,4,506,507,0,0,0,0.00141
1669261337,4,507,508,0,0,0,0.00141
1669261338,4,508,509,0,0,0,0.00141
1669261339,4,509,510,0,0,0,0.00141
1669261340,4,510,511,0,0,0,0.00141
1669261341,4,511,512,0,0,0,0.00141
1669261342,4,512,513,0,0,0,0.00141
1669261343,4,513,514,0,0,0,0.00141
1669261344,4,514,515,0,0,1,0.00283
1669261345,4,515,516,0,0,0,0.00283
1669261346,4,516,517,0,0,0,0.00283
1669261347,4,517,518,0,0,0,0.00283
1669261348,4,518,519,0,0,0,0.00283
1669261349,4,519,520,0,0,0,0.00283
1669261350,4,520,521,0,0,0,0.00283
1669261351,4,521,522,0,0,0,0.00283
1669261352,4,522,523,0,0,1,0.00141
1669261353,4,523,524,0,0,2,0.00283
1669261354,4,524,525,0,0,0,0.00283
1669261355,4,525,526,0,0,0,0.00283
1669261356,4,526,527,0,0,0,0.00283
1669261357,4,527,528,0,0,0,0.00283
1669261358,4,528,529,0,0,0,0.00283
1669261359,4,529,530,0,0,0,0.00283
1669261360,4,530,531,0,0,0,0.00283
1669261361,4,531,532,0.0636,0.521,4,0.00283
1669261362,4,532,533,0,0,3,0.00283
1669261363,4,533,534,0,0,0,0.00283
1669261364,4,534,535,0,0,0,0.00283
1669261365,4,535,536,0,0,0,0.00283
1669261366,4,536,537,0,0,0,0.00283
1669261367,4,537,538,0,0,0,0.00283
1669261368,4,538,539,0,0,0,0.00283
1669261369,4,539,540,0,0,1,0.00141
1669261370,4,540,541,0,0,3,0.00283
1669261371,4,541,542,0.0636,0.521,4,0.00283
1669261372,4,542,543,0,0,9,0.00283
1669261373,4,543,544,0.0636,0.521,5,0.00283
1669261374,4,544,545,0,0,6,0.00283
1669261375,4,545,546,0,0,0,0.00283
1669261376,4,546,547,0,0,0,0.00283
1669261377,4,547,548,0,0,0,0.00283
1669261378,4,548,549,0,0,0,0.00283
1669261379,4,549,550,0,0,0,0.00283
1669261380,4,550,551,0,0,3,0.00283
1669261381,4,551,552,0,0,0,0.00283
1669261382,4,552,553,0,0,0,0.00283
1669261383,4,553,554,0,0,0,0.00283
1669261384,4,554,555,0,0,0,0.00283
1669261385,4,555,556,0,0,0,0.00283
1669261386,4,556,557,0,0,3,0.00283
1669261387,4,557,558,0,0,0,0.00283
1669261388,4,558,559,0,0,0,0.00283
1669261389,4,559,560,0,0,0,0.00283
1669261390,4,560,561,0,0,0,0.00283
1669261391,4,561,562,0,0,0,0.00283
1669261392,4,562,563,0,0,3,0.00283
1669261393,4,563,564,0,0,0,0.00566
1669261394,4,564,565,0,0,0,0.00566
1669261395,4,565,566,0.0636,0.521,1,0.00848
1669261396,4,566,567,0,0,0,0.00848
1669261397,4,567,568,0,0,0,0.00848
1669261398,4,568,569,0,0,6,0.00566
1669261399,4,569,570,0,0,0,0.00848
1669261400,4,570,571,0.0636,0.521,0,0.0113
1669261401,4,571,572,0,0,0,0.0212
1669261402,4,572,573,0.0636,0.521,0,0.0382
1669261403,4,573,574,0.0636,0.521,0,0.0594
1669261404,4,574,575,0,0,0,0.0834
1669261405,4,575,576,0.0636,0.521,0,0.105
1669261406,4,576,577,0,0,0,0.132
1669261407,4,577,578,0.0636,0.521,0,0.153
1669261408,4,578,579,0,0,2,0.153
1669261409,4,579,580,0,0,0,0.136
1669261410,4,580,581,0,0,0,0.119
1669261411,4,581,582,0.191,1.56,0,0.115
1669261412,4,582,583,0.0636,0.521,0,0.123
1669261413,4,583,584,0.0636,0.521,0,0.133
1669261414,4,584,585,0,0,0,0.139
1669261415,4,585,586,0.0636,0.521,0,0.144
1669261416,4,586,587,0,0,0,0.148
1669261417,4,587,588,0.0636,0.522,0,0.153
1669261418,4,588,589,0.0636,0.521,0,0.158
1669261419,4,589,590,0,0,0,0.165
1669261420,4,590,591,0.0636,0.521,0,0.177
1669261421,4,591,592,0,0,0,0.198
1669261422,4,592,593,0.0636,0.522,0,0.211
1669261423,4,593,594,0,0,0,0.222
1669261424,4,594,595,0,0,1,0.219
1669261425,4,595,596,0,0,0,0.212
1669261426,4,596,597,0,0,1,0.201
1669261427,4,597,598,0,0,1,0.188
1669261428,4,598,599,0,0,0,0.181
1669261429,4,599,600,0,0,0,0.171
1669261430,4,600,601,0,0,1,0.158
1669261431,4,601,602,0,0,2,0.158
1669261432,4,602,603,0.0636,0.521,0,0.158
1669261433,4,603,604,0.0636,0.521,0,0.158
1669261434,4,604,605,0,0,0,0.158
1669261435,4,605,606,0,0,0,0.158
1669261436,4,606,607,0.0636,0.521,1,0.158
1669261437,4,607,608,0,0,0,0.158
1669261438,4,608,609,0.127,1.04,1,0.154
1669261439,4,609,610,0,0,0,0.147
1669261440,4,610,611,0,0,1,0.14
1669261441,4,611,612,0,0,0,0.136
1669261442,4,612,613,0,0,3,0.126
1669261443,4,613,614,0,0,4,0.116
1669261444,4,614,615,0.0636,0.521,3,0.109
1669261445,4,615,616,0,0,3,0.102
1669261446,4,616,617,0,0,5,0.099
1669261447,4,617,618,0,0,2,0.0976
1669261448,4,618,619,0.0636,0.521,1,0.0976
1669261449,4,619,620,0,0,5,0.0947
1669261450,4,620,621,0,0,5,0.0877
1669261451,4,621,622,0,0,0,0.0877
1669261452,4,622,623,0,0,8,0.0834
1669261453,4,623,624,0,0,1,0.0806
1669261454,4,624,625,0,0,9,0.0693
1669261455,4,625,626,0,0,5,0.065
1669261456,4,626,627,0,0,3,0.0636
1669261457,4,627,628,0,0,3,0.0622
1669261458,4,628,629,0,0,2,0.058
1669261459,4,629,630,0.0636,0.522,6,0.0481
1669261460,4,630,631,0,0,2,0.0339
1669261461,4,631,632,0,0,1,0.024
1669261462,4,632,633,0,0,1,0.0212
1669261463,4,633,634,0,0,2,0.00424
1669261464,4,634,635,0.0636,0.522,7,0.0099
1669261465,4,635,636,0,0,0,0.0099
1669261466,4,636,637,0,0,0,0.0099
1669261467,4,637,638,0,0,0,0.0099
1669261468,4,638,639,0,0,0,0.0099
1669261469,4,639,640,0,0,0,0.0099
1669261470,4,640,641,0,0,0,0.0099
1669261471,4,641,642,0,0,3,0.00283
1669261472,4,642,643,0,0,0,0.00283
1669261473,4,643,644,0,0,0,0.00283
1669261474,4,644,645,0,0,0,0.00283
1669261475,4,645,646,0,0,0,0.00283
1669261476,4,646,647,0,0,0,0.00283
1669261477,4,647,648,0,0,0,0.00283
1669261478,4,648,649,0,0,1,0.00141
1669261479,4,649,650,0,0,2,0.00283
1669261480,4,650,651,0,0,0,0.00283
1669261481,4,651,652,0,0,0,0.00283
1669261482,4,652,653,0,0,0,0.00283
1669261483,4,653,654,0,0,0,0.00283
1669261484,4,654,655,0,0,0,0.00283
1669261485,4,655,656,0,0,0,0.00283
1669261486,4,656,657,0.0636,0.522,3,0.00283
1669261487,4,657,658,0,0,0,0.00283
1669261488,4,658,659,0,0,0,0.00283
1669261489,4,659,660,0,0,0,0.00283
1669261490,4,660,661,0,0,0,0.00283
1669261491,4,661,662,0,0,0,0.00283
1669261492,4,662,663,0,0,0,0.00283
1669261493,4,663,664,0,0,1,0.00141
1669261494,4,664,665,0,0,2,0.00283
1669261495,4,665,666,0,0,0,0.00283
1669261496,4,666,667,0,0,0,0.00283
1669261497,4,667,668,0,0,0,0.00283
1669261498,4,668,669,0,0,0,0.00283
1669261499,4,669,670,0,0,0,0.00283
1669261500,4,670,671,0,0,1,0.00141
1669261501,4,671,672,0.0636,0.521,6,0.00283
1669261502,4,672,673,0,0,0,0.00283
1669261503,4,673,674,0,0,0,0.00283
1669261504,4,674,675,0,0,0,0.00283
1669261505,4,675,676,0,0,0,0.00283
1669261506,4,676,677,0,0,0,0.00283
1669261507,4,677,678,0,0,0,0.00283
1669261508,4,678,679,0,0,3,0.00283
1669261509,4,679,680,0,0,0,0.00283
1669261510,4,680,681,0,0,0,0.00283
1669261511,4,681,682,0,0,0,0.00283
1669261512,4,682,683,0,0,0,0.00283
1669261513,4,683,684,0,0,0,0.00283
1669261514,4,684,685,0,0,5,0.00283
1669261515,4,685,686,0,0,0,0.00283
1669261516,4,686,687,0,0,0,0.00283
1669261517,4,687,688,0,0,0,0.00283
1669261518,4,688,689,0,0,0,0.00283
1669261519,4,689,690,0,0,0,0.00283
1669261520,4,690,691,0,0,3,0.00283
1669261521,4,691,692,0,0,2,0.00283
1669261522,4,692,693,0,0,0,0.00283
1669261523,4,693,694,0,0,0,0.00283
1669261524,4,694,695,0,0,0,0.00283
1669261525,4,695,696,0,0,0,0.00283
1669261526,4,696,697,0,0,3,0.00283
1669261527,4,697,698,0,0,0,0.00283
1669261528,4,698,699,0,0,0,0.00283
1669261529,4,699,700,0,0,0,0.00283
1669261530,4,700,701,0,0,0,0.00283
1669261531,4,701,702,0,0,0,0.00283
1669261532,4,702,703,0.0636,0.521,3,0.00283
1669261533,4,703,704,0,0,0,0.00283
1669261534,4,704,705,0,0,0,0.00283
1669261535,4,705,706,0,0,0,0.00283
1669261536,4,706,707,0,0,0,0.00283
1669261537,4,707,708,0,0,1,0.00141
1669261538,4,708,709,0,0,4,0.00283
1669261539,4,709,710,0,0,0,0.00283
1669261540,4,710,711,0,0,0,0.00283
1669261541,4,711,712,0,0,0,0.00283
1669261542,4,712,713,0,0,0,0.00283
1669261543,4,713,714,0,0,3,0.00283
1669261544,4,714,715,0,0,6,0.00566
1669261545,4,715,716,0,0,1,0.00566
1669261546,4,716,717,0.0636,0.521,3,0.00283
1669261547,4,717,718,0,0,0,0.00283
1669261548,4,718,719,0,0,1,0.00141
1669261549,4,719,720,0,0,0,0.00141
1669261550,4,720,721,0,0,1,0.00283
1669261551,4,721,722,0,0,2,0.00141
1669261552,4,722,723,0,0,1,0.00424
1669261553,4,723,724,0,0,3,0.00283
1669261554,4,724,725,0,0,0,0.00566
1669261555,4,725,726,0,0,2,0.00141
1669261556,4,726,727,0,0,2,0.00141
1669261557,4,727,728,0.0636,0.521,2,0.00141
1669261558,4,728,729,0,0,2,0.00141
1669261559,4,729,730,0,0,2,0.00141
1669261560,4,730,731,0,0,1,0.00283
1669261561,4,731,732,0,0,2,0.00283
1669261562,4,732,733,0,0,1,0.00141
1669261563,4,733,734,0,0,1,0.00283
1669261564,4,734,735,0,0,1,0.00566
1669261565,4,735,736,0,0,0,0.00848
1669261566,4,736,737,0.0636,0.521,0,0.0127
1669261567,4,737,738,0,0,0,0.0255
1669261568,4,738,739,0,0,0,0.0354
1669261569,4,739,740,0,0,0,0.0481
1669261570,4,740,741,0.0636,0.521,1,0.0509
1669261571,4,741,742,0,0,1,0.0438
1669261572,4,742,743,0,0,0,0.0368
1669261573,4,743,744,0,0,1,0.0311
1669261574,4,744,745,0,0,0,0.0283
1669261575,4,745,746,0.0636,0.521,5,0.024
1669261576,4,746,747,0.0636,0.521,2,0.0156
1669261577,4,747,748,0,0,1,0.0141
1669261578,4,748,749,0.0636,0.521,1,0.0113
1669261579,4,749,750,0,0,3,0.00848
1669261580,4,750,751,0,0,0,0.0099
1669261581,4,751,752.01,0,0,1,0.00707
1669261582,4,752.01,753,0,0,1,0.00707
1669261583,4,753,754,0.0636,0.521,2,0.00707
1669261584,4,754,755,0,0,2,0.00424
1669261585,4,755,756,0,0,3,0.00283
1669261586,4,756,757,0,0,1,0.00424
1669261587,4,757,758,0,0,3,0.00283
1669261588,4,758,759,0,0,0,0.00283
1669261589,4,759,760,0,0,2,0.00283
1669261590,4,760,761,0,0,0,0.00424
1669261591,4,761,762,0,0,1,0.00141
1669261592,4,762,763,0,0,1,0.00141
1669261593,4,763,764,0,0,1,0.00141
1669261594,4,764,765,0,0,0,0.00283
1669261595,4,765,766,0,0,1,0.00141
1669261596,4,766,767,0,0,1,0.00141
1669261597,4,767,768,0,0,0,0.00141
1669261598,4,768,769,0,0,0,0.00141
1669261599,4,769,770,0,0,1,0.00283
1669261600,4,770,771,0,0,3,0.00283
1669261601,4,771,772,0,0,3,0.00283
1669261602,4,772,773,0,0,1,0.00141
1669261603,4,773,774,0,0,1,0.00141
1669261604,4,774,775,0,0,0,0.00141
1669261605,4,775,776,0,0,0,0.00141
1669261606,4,776,777,0,0,1,0.00141
1669261607,4,777,778,0,0,0,0.00141
1669261608,4,778,779,0,0,0,0.00141
1669261609,4,779,780,0,0,0,0.00141
1669261610,4,780,781,0,0,0,0.00141
1669261611,4,781,782,0,0,0,0.00141
1669261612,4,782,783,0,0,2,0.00141
1669261613,4,783,784,0,0,5,0.00283
1669261614,4,784,785,0,0,2,0.00283
1669261615,4,785,786,0,0,2,0.00283
1669261616,4,786,787,0,0,2,0.00283
1669261617,4,787,788,0,0,3,0.00141
1669261618,4,788,789,0,0,3,0.00283
1669261619,4,789,790,0,0,2,0.00283
1669261620,4,790,791,0,0,3,0.00141
1669261621,4,791,792,0,0,3,0.00283
1669261622,4,792,793,0.0636,0.521,3,0.00141
1669261623,4,793,794,0,0,3,0.00283
1669261624,4,794,795,0,0,1,0.00141
1669261625,4,795,796,0,0,1,0.00141
1669261626,4,796,797,0,0,0,0.00141
1669261627,4,797,798,0,0,1,0.00141
1669261628,4,798,799,0,0,0,0.00141
1669261629,4,799,800,0,0,0,0.00141
1669261630,4,800,801,0,0,1,0.00141
1669261631,4,801,802,0,0,0,0.00141
1669261632,4,802,803,0,0,0,0.00141
1669261633,4,803,804,0,0,0,0.00141
1669261634,4,804,805,0,0,0,0.00141
1669261635,4,805,806,0,0,0,0.00141
1669261636,4,806,807,0,0,0,0.00141
1669261637,4,807,808,0,0,0,0.00141
1669261638,4,808,809,0,0,1,0.00141
1669261639,4,809,810,0,0,0,0.00141
1669261640,4,810,811,0,0,0,0.00141
1669261641,4,811,812,0,0,0,0.00141
1669261642,4,812,813,0,0,0,0.00141
1669261643,4,813,814,0,0,0,0.00141
1669261644,4,814,815,0,0,0,0.00141
1669261645,4,815,816,0,0,0,0.00141
1669261646,4,816,817,0,0,0,0.00141
1669261647,4,817,818,0,0,0,0.00141
1669261648,4,818,819,0,0,0,0.00141
1669261649,4,819,820,0,0,0,0.00141
1669261650,4,820,821,0,0,0,0.00141
1669261651,4,821,822,0,0,0,0.00141
1669261652,4,822,823,0,0,0,0.00141
1669261653,4,823,824,0,0,4,0.00283
1669261654,4,824,825,0,0,3,0.00141
1669261655,4,825,826,0,0,3,0.00283
1669261656,4,826,827,0,0,4,0.00283
1669261657,4,827,828,0,0,3,0.00141
1669261658,4,828,829,0,0,1,0.00283
1669261659,4,829,830,0,0,2,0.00141
1669261660,4,830,831,0,0,0,0.00141
1669261661,4,831,832,0,0,1,0.00141
1669261662,4,832,833,0,0,0,0.00141
1669261663,4,833,834,0,0,0,0.00141
1669261664,4,834,835,0,0,1,0.00141
1669261665,4,835,836,0,0,0,0.00141
1669261666,4,836,837,0,0,0,0.00141
1669261667,4,837,838,0,0,0,0.00141
1669261668,4,838,839,0,0,0,0.00141
1669261669,4,839,840,0,0,0,0.00141
1669261670,4,840,841,0,0,0,0.00141
1669261671,4,841,842,0,0,1,0.00141
1669261672,4,842,843,0,0,0,0.00141
1669261673,4,843,844,0,0,0,0.00141
1669261674,4,844,845,0,0,0,0.00141
1669261675,4,845,846,0,0,0,0.00141
1669261676,4,846,847,0,0,0,0.00141
1669261677,4,847,848,0,0,0,0.00141
1669261678,4,848,849,0,0,0,0.00141
1669261679,4,849,850,0,0,0,0.00141
1669261680,4,850,851,0,0,0,0.00141
1669261681,4,851,852,0,0,0,0.00141
1669261682,4,852,853,0,0,0,0.00141
1669261683,4,853,854,0,0,0,0.00141
1669261684,4,854,855,0,0,1,0.00141
1669261685,4,855,856,0,0,0,0.00141
1669261686,4,856,857,0,0,0,0.00141
1669261687,4,857,858,0,0,0,0.00141
1669261688,4,858,859,0,0,0,0.00141
1669261689,4,859,860,0,0,0,0.00141
1669261690,4,860,861,0,0,0,0.00141
1669261691,4,861,862,0,0,0,0.00141
1669261692,4,862,863,0,0,0,0.00141
1669261693,4,863,864,0,0,0,0.00141
1669261694,4,864,865,0,0,0,0.00141
1669261695,4,865,866,0,0,0,0.00141
1669261696,4,866,867,0,0,0,0.00141
1669261697,4,867,868,0,0,0,0.00141
1669261698,4,868,869,0,0,0,0.00141
1669261699,4,869,870,0,0,0,0.00141
1669261700,4,870,871,0,0,0,0.00141
1669261701,4,871,872,0,0,0,0.00141
1669261702,4,872,873,0,0,0,0.00141
1669261703,4,873,874,0,0,0,0.00141
1669261704,4,874,875,0,0,0,0.00141
1669261705,4,875,876,0,0,0,0.00141
1669261706,4,876,877,0,0,0,0.00141
1669261707,4,877,878,0,0,0,0.00141
1669261708,4,878,879,0,0,0,0.00141
1669261709,4,879,880,0,0,1,0.00141
1669261710,4,880,881,0,0,3,0.00283
1669261711,4,881,882,0,0,3,0.00283
1669261712,4,882,883,0,0,0,0.00424
1669261713,4,883,884,0,0,3,0.00283
1669261714,4,884,885,0,0,0,0.00424
1669261715,4,885,886,0,0,1,0.00424
1669261716,4,886,887,0,0,1,0.00141
1669261717,4,887,888,0,0,0,0.00141
1669261718,4,888,889,0,0,1,0.00141
1669261719,4,889,890,0,0,2,0.00424
1669261720,4,890,891,0,0,1,0.00141
1669261721,4,891,892,0,0,1,0.00141
1669261722,4,892,893,0,0,3,0.00141
1669261723,4,893,894,0.0636,0.521,0,0.00283
1669261724,4,894,895,0,0,2,0.00283
1669261725,4,895,896,0,0,2,0.00283
1669261726,4,896,897,0,0,0,0.00283
1669261727,4,897,898,0,0,2,0.00283
1669261728,4,898,899,0,0,2,0.00283
1669261729,4,899,900,0,0,0,0.00566
1669261730,4,900,901,0,0,2,0.00283
1669261731,4,901,902,0,0,2,0.00141
1669261732,4,902,903,0,0,1,0.00566
1669261733,4,903,904,0,0,1,0.00283
1669261734,4,904,905,0,0,3,0.00283
1669261735,4,905,906,0,0,1,0.00141
1669261736,4,906,907,0,0,2,0.00283
1669261737,4,907,908,0,0,2,0.00283
1669261738,4,908,909,0,0,2,0.00283
1669261739,4,909,910,0,0,2,0.00283
1669261740,4,910,911,0,0,1,0.00141
1669261741,4,911,912,0,0,1,0.00283
1669261742,4,912,913,0,0,1,0.00141
1669261743,4,913,914,0,0,2,0.00283
1669261744,4,914,915,0,0,2,0.00283
1669261745,4,915,916,0.0636,0.522,1,0.00283
1669261746,4,916,917,0,0,0,0.00424
1669261747,4,917,918,0,0,3,0.00141
1669261748,4,918,919,0,0,0,0.00283
1669261749,4,919,920,0,0,2,0.00141
1669261750,4,920,921,0,0,0,0.00141
1669261751,4,921,922,0,0,1,0.00141
1669261752,4,922,923,0,0,0,0.00141
1669261753,4,923,924,0,0,0,0.00141
1669261754,4,924,925,0,0,1,0.00283
1669261755,4,925,926,0,0,3,0.00283
1669261756,4,926,927,0,0,1,0.00283
1669261757,4,927,928,0,0,1,0.00141
1669261758,4,928,929,0,0,1,0.00283
1669261759,4,929,930,0,0,2,0.00283
1669261760,4,930,931,0,0,1,0.00141
1669261761,4,931,932,0,0,1,0.00283
1669261762,4,932,933,0,0,0,0.00283
1669261763,4,933,934,0,0,1,0.00141
1669261764,4,934,935,0,0,0,0.00141
1669261765,4,935,936,0,0,1,0.00283
1669261766,4,936,937,0,0,0,0.00283
1669261767,4,937,938,0,0,1,0.00141
1669261768,4,938,939,0,0,0,0.00141
1669261769,4,939,940,0,0,1,0.00141
1669261770,4,940,941,0,0,0,0.00141
1669261771,4,941,942,0,0,0,0.00141
1669261772,4,942,943,0,0,0,0.00141
1669261773,4,943,944,0,0,0,0.00141
1669261774,4,944,945,0,0,0,0.00141
1669261775,4,945,946,0,0,1,0.00141
1669261776,4,946,947,0,0,0,0.00141
1669261777,4,947,948,0,0,0,0.00141
1669261778,4,948,949,0,0,0,0.00141
1669261779,4,949,950,0,0,0,0.00141
1669261780,4,950,951,0,0,0,0.00141
1669261781,4,951,952,0,0,0,0.00141
1669261782,4,952,953,0,0,0,0.00141
1669261783,4,953,954,0,0,0,0.00141
1669261784,4,954,955,0,0,0,0.00141
1669261785,4,955,956,0,0,0,0.00141
1669261786,4,956,957,0,0,1,0.00141
1669261787,4,957,958,0,0,0,0.00141
1669261788,4,958,959,0,0,0,0.00141
1669261789,4,959,960,0,0,0,0.00141
1669261790,4,960,961,0,0,0,0.00141
1669261791,4,961,962,0,0,0,0.00141
1669261792,4,962,963,0,0,0,0.00141
1669261793,4,963,964,0,0,0,0.00141
1669261794,4,964,965,0,0,0,0.00141
1669261795,4,965,966,0,0,0,0.00141
1669261796,4,966,967,0,0,0,0.00141
1669261797,4,967,968,0,0,0,0.00141
1669261798,4,968,969,0,0,0,0.00141
1669261799,4,969,970,0,0,0,0.00141
1669261800,4,970,971,0,0,0,0.00141
1669261801,4,971,972,0,0,0,0.00141
1669261802,4,972,973,0,0,0,0.00141
1669261803,4,973,974,0,0,0,0.00141
1669261804,4,974,975,0,0,0,0.00141
1669261805,4,975,976,0,0,0,0.00141
1669261806,4,976,977,0,0,0,0.00141
1669261807,4,977,978,0,0,1,0.00141
1669261808,4,978,979,0,0,0,0.00141
1669261809,4,979,980,0,0,0,0.00141
1669261810,4,980,981,0,0,0,0.00141
1669261811,4,981,982,0,0,0,0.00141
1669261812,4,982,983,0,0,0,0.00141
1669261813,4,983,984,0,0,0,0.00141
1669261814,4,984,985,0,0,0,0.00141
1669261815,4,985,986,0,0,0,0.00141
1669261816,4,986,987,0,0,0,0.00141
1669261817,4,987,988,0,0,0,0.00141
1669261818,4,988,989,0,0,0,0.00141
1669261819,4,989,990,0,0,0,0.00141
1669261820,4,990,991,0,0,0,0.00141
1669261821,4,991,992,0,0,0,0.00141
1669261822,4,992,993,0,0,0,0.00141
1669261823,4,993,994,0,0,0,0.00141
1669261824,4,994,995,0,0,0,0.00141
1669261825,4,995,996,0,0,0,0.00141
1669261826,4,996,997,0,0,0,0.00141
1669261827,4,997,998,0,0,0,0.00141
1669261828,4,998,999,0,0,0,0.00141
1669261829,4,999,1000,0,0,0,0.00141
1669261830,4,1000,1001,0,0,0,0.00141
1669261831,4,1001,1002,0,0,0,0.00141
1669261832,4,1002,1003,0,0,0,0.00141
1669261833,4,1003,1004,0,0,0,0.00141
1669261834,4,1004,1005,0,0,0,0.00141
1669261835,4,1005,1006,0,0,0,0.00141
1669261836,4,1006,1007,0,0,0,0.00141
1669261837,4,1007,1008,0,0,0,0.00141
1669261838,4,1008,1009,0,0,0,0.00141
1669261839,4,1009,1010,0,0,0,0.00141
1669261840,4,1010,1011,0,0,0,0.00141
1669261841,4,1011,1012,0,0,0,0.00141
1669261842,4,1012,1013,0,0,0,0.00141
1669261843,4,1013,1014,0,0,0,0.00141
1669261844,4,1014,1015,0,0,0,0.00141
1669261845,4,1015,1016,0,0,0,0.00141
1669261846,4,1016,1017,0,0,0,0.00141
1669261847,4,1017,1018,0,0,0,0.00141
1669261848,4,1018,1019,0,0,0,0.00141
1669261849,4,1019,1020,0,0,1,0.00141
1669261850,4,1020,1021,0,0,0,0.00141
1669261851,4,1021,1022,0,0,0,0.00141
1669261852,4,1022,1023,0,0,0,0.00141
1669261853,4,1023,1024,0,0,0,0.00141
1669261854,4,1024,1025,0,0,0,0.00141
1669261855,4,1025,1026,0,0,0,0.00141
1669261856,4,1026,1027,0,0,0,0.00141
1669261857,4,1027,1028,0,0,0,0.00141
1669261858,4,1028,1029,0,0,0,0.00141
1669261859,4,1029,1030,0,0,0,0.00141
1669261860,4,1030,1031,0,0,0,0.00141
1669261861,4,1031,1032,0,0,0,0.00141
1669261862,4,1032,1033,0,0,0,0.00141
1669261863,4,1033,1034,0,0,0,0.00141
1669261864,4,1034,1035,0,0,0,0.00141
1669261865,4,1035,1036,0,0,0,0.00141
1669261866,4,1036,1037,0,0,0,0.00141
1669261867,4,1037,1038,0,0,0,0.00141
1669261868,4,1038,1039,0,0,0,0.00141
1669261869,4,1039,1040,0,0,0,0.00141
1669261870,4,1040,1041,0,0,0,0.00141
1669261871,4,1041,1042,0,0,0,0.00141
1669261872,4,1042,1043,0,0,0,0.00141
1669261873,4,1043,1044,0,0,0,0.00141
1669261874,4,1044,1045,0,0,0,0.00141
1669261875,4,1045,1046,0,0,0,0.00141
1669261876,4,1046,1047,0,0,0,0.00141
1669261877,4,1047,1048.01,0,0,0,0.00141
1669261878,4,1048.01,1049,0,0,0,0.00141
1669261879,4,1049,1050,0,0,0,0.00141
1669261880,4,1050,1051,0,0,0,0.00141
1669261881,4,1051,1052,0,0,0,0.00141
1669261882,4,1052,1053,0,0,0,0.00141
1669261883,4,1053,1054,0,0,0,0.00141
1669261884,4,1054,1055,0,0,0,0.00141
1669261885,4,1055,1056,0,0,0,0.00141
1669261886,4,1056,1057,0,0,0,0.00141
1669261887,4,1057,1058,0,0,0,0.00141
1669261888,4,1058,1059,0,0,0,0.00141
1669261889,4,1059,1060,0,0,0,0.00141
1669261890,4,1060,1061,0,0,0,0.00141
1669261891,4,1061,1062,0,0,0,0.00141
1669261892,4,1062,1063,0,0,0,0.00141
1669261893,4,1063,1064,0,0,0,0.00141
1669261894,4,1064,1065,0,0,0,0.00141
1669261895,4,1065,1066,0,0,0,0.00141
1669261896,4,1066,1067,0,0,0,0.00141
1669261897,4,1067,1068,0,0,0,0.00141
1669261898,4,1068,1069,0,0,0,0.00141
1669261899,4,1069,1070,0,0,0,0.00141
1669261900,4,1070,1071,0,0,0,0.00141
1669261901,4,1071,1072,0,0,0,0.00141
1669261902,4,1072,1073,0,0,0,0.00141
1669261903,4,1073,1074,0,0,0,0.00141
1669261904,4,1074,1075,0,0,0,0.00141
1669261905,4,1075,1076,0,0,0,0.00141
1669261906,4,1076,1077,0,0,0,0.00141
1669261907,4,1077,1078,0,0,0,0.00141
1669261908,4,1078,1079,0,0,0,0.00141
1669261909,4,1079,1080,0,0,0,0.00141
1669261910,4,1080,1081,0,0,0,0.00141
1669261911,4,1081,1082,0,0,0,0.00141
1669261912,4,1082,1083,0,0,0,0.00141
1669261913,4,1083,1084,0,0,0,0.00141
1669261914,4,1084,1085,0,0,0,0.00141
1669261915,4,1085,1086,0,0,0,0.00141
1669261916,4,1086,1087,0,0,0,0.00141
1669261917,4,1087,1088,0,0,0,0.00141
1669261918,4,1088,1089,0,0,0,0.00141
1669261919,4,1089,1090,0,0,0,0.00141
1669261920,4,1090,1091,0,0,0,0.00141
1669261921,4,1091,1092,0,0,0,0.00141
1669261922,4,1092,1093,0,0,0,0.00141
1669261923,4,1093,1094,0,0,0,0.00141
1669261924,4,1094,1095,0,0,0,0.00141
1669261925,4,1095,1096,0,0,0,0.00141
1669261926,4,1096,1097,0,0,0,0.00141
1669261927,4,1097,1098,0,0,0,0.00141
1669261928,4,1098,1099,0,0,0,0.00141
1669261929,4,1099,1100,0,0,0,0.00141
1669261930,4,1100,1101,0,0,0,0.00141
1669261931,4,1101,1102,0,0,0,0.00141
1669261932,4,1102,1103,0,0,0,0.00141
1669261933,4,1103,1104,0,0,0,0.00141
1669261934,4,1104,1105,0,0,0,0.00141
1669261935,4,1105,1106,0,0,1,0.00283
1669261936,4,1106,1107,0,0,3,0.00283
1669261937,4,1107,1108,0,0,0,0.00283
1669261938,4,1108,1109,0,0,3,0.00283
1669261939,4,1109,1110,0,0,2,0.00283
1669261940,4,1110,1111,0,0,0,0.00283
1669261941,4,1111,1112,0,0,1,0.00141
1669261942,4,1112,1113,0,0,0,0.00141
1669261943,4,1113,1114,0,0,1,0.00141
1669261944,4,1114,1115,0,0,0,0.00141
1669261945,4,1115,1116,0,0,0,0.00141
1669261946,4,1116,1117,0,0,0,0.00141
1669261947,4,1117,1118,0,0,0,0.00141
1669261948,4,1118,1119,0,0,1,0.00283
1669261949,4,1119,1120,0,0,1,0.00141
1669261950,4,1120,1121,0,0,2,0.00283
1669261951,4,1121,1122,0,0,2,0.00283
1669261952,4,1122,1123,0,0,2,0.00283
1669261953,4,1123,1124,0,0,2,0.00283
1669261954,4,1124,1125,0,0,0,0.00283
1669261955,4,1125,1126,0,0,2,0.00283
1669261956,4,1126,1127,0,0,2,0.00283
1669261957,4,1127,1128,0,0,2,0.00283
1669261958,4,1128,1129,0,0,2,0.00283
1669261959,4,1129,1130,0,0,2,0.00283
1669261960,4,1130,1131,0,0,2,0.00283
1669261961,4,1131,1132,0,0,2,0.00283
1669261962,4,1132,1133,0,0,2,0.00283
1669261963,4,1133,1134,0,0,3,0.00141
1669261964,4,1134,1135,0.0636,0.521,2,0.00141
1669261965,4,1135,1136,0,0,1,0.00141
1669261966,4,1136,1137,0,0,0,0.00141
1669261967,4,1137,1138,0,0,0,0.00141
1669261968,4,1138,1139,0,0,1,0.00141
1669261969,4,1139,1140,0,0,0,0.00141
1669261970,4,1140,1141.01,0,0,0,0.00141
1669261971,4,1141.01,1142,0,0,0,0.00141
1669261972,4,1142,1143,0,0,0,0.00141
1669261973,4,1143,1144,0,0,1,0.00141
1669261974,4,1144,1145,0,0,0,0.00141
1669261975,4,1145,1146,0,0,0,0.00141
1669261976,4,1146,1147,0,0,0,0.00141
1669261977,4,1147,1148,0,0,0,0.00141
1669261978,4,1148,1149,0,0,0,0.00141
1669261979,4,1149,1150,0,0,0,0.00141
1669261980,4,1150,1151,0,0,0,0.00141
1669261981,4,1151,1152,0,0,0,0.00141
1669261982,4,1152,1153,0,0,1,0.00141
1669261983,4,1153,1154,0,0,0,0.00141
1669261984,4,1154,1155,0,0,0,0.00141
1669261985,4,1155,1156,0,0,0,0.00141
1669261986,4,1156,1157,0,0,0,0.00141
1669261987,4,1157,1158,0,0,0,0.00141
1669261988,4,1158,1159,0,0,0,0.00141
1669261989,4,1159,1160,0,0,0,0.00141
1669261990,4,1160,1161,0,0,0,0.00141
1669261991,4,1161,1162,0,0,0,0.00141
1669261992,4,1162,1163,0,0,0,0.00141
1669261993,4,1163,1164,0,0,0,0.00141
1669261994,4,1164,1165,0,0,0,0.00141
1669261995,4,1165,1166,0,0,0,0.00141
1669261996,4,1166,1167,0,0,0,0.00141
1669261997,4,1167,1168,0,0,0,0.00141
1669261998,4,1168,1169,0,0,0,0.00141
1669261999,4,1169,1170,0,0,0,0.00141
1669262000,4,1170,1171,0,0,1,0.00283
1669262001,4,1171,1172,0,0,3,0.00283
1669262002,4,1172,1173,0,0,3,0.00141
1669262003,4,1173,1174,0,0,1,0.00141
1669262004,4,1174,1175,0,0,0,0.00141
1669262005,4,1175,1176,0,0,1,0.00141
1669262006,4,1176,1177,0,0,0,0.00141
1669262007,4,1177,1178,0,0,0,0.00141
1669262008,4,1178,1179,0,0,0,0.00141
1669262009,4,1179,1180,0,0,0,0.00141
1669262010,4,1180,1181,0,0,1,0.00283
1669262011,4,1181,1182,0,0,3,0.00283
1669262012,4,1182,1183,0,0,2,0.00283
1669262013,4,1183,1184,0,0,2,0.00283
1669262014,4,1184,1185,0,0,0,0.00283
1669262015,4,1185,1186,0,0,2,0.00283
1669262016,4,1186,1187,0,0,2,0.00283
1669262017,4,1187,1188,0,0,1,0.00141
1669262018,4,1188,1189,0,0,2,0.00283
1669262019,4,1189,1190,0,0,1,0.00141
1669262020,4,1190,1191,0,0,2,0.00141
1669262021,4,1191,1192,0,0,1,0.00283
1669262022,4,1192,1193,0,0,2,0.00283
1669262023,4,1193,1194,0,0,2,0.00283
1669262024,4,1194,1195,0,0,1,0.00141
1669262025,4,1195,1196,0,0,1,0.00141
1669262026,4,1196,1197,0,0,1,0.00283
1669262027,4,1197,1198,0,0,1,0.00283
1669262028,4,1198,1199,0,0,2,0.00283
1669262029,4,1199,1200,0,0,3,0.00283
1669262030,4,1200,1201,0,0,2,0.00283
1669262031,4,1201,1202,0,0,2,0.00283
1669262032,4,1202,1203,0,0,2,0.00283
1669262033,4,1203,1204,0,0,2,0.00283
1669262034,4,1204,1205,0,0,2,0.00283
1669262035,4,1205,1206,0,0,2,0.00283
1669262036,4,1206,1207,0,0,2,0.00283
1669262037,4,1207,1208,0,0,1,0.00141
1669262038,4,1208,1209,0,0,1,0.00141
1669262039,4,1209,1210,0,0,0,0.00283
1669262040,4,1210,1211,0,0,2,0.00283
1669262041,4,1211,1212,0,0,1,0.00141
1669262042,4,1212,1213,0.0636,0.522,2,0.00283
1669262043,4,1213,1214,0,0,1,0.00283
1669262044,4,1214,1215,0,0,0,0.00283
1669262045,4,1215,1216,0,0,1,0.00141
1669262046,4,1216,1217,0,0,0,0.00141
1669262047,4,1217,1218,0,0,0,0.00141
1669262048,4,1218,1219,0,0,1,0.00283
1669262049,4,1219,1220,0,0,0,0.00283
1669262050,4,1220,1221,0,0,0,0.00283
1669262051,4,1221,1222,0,0,1,0.00141
1669262052,4,1222,1223,0,0,2,0.00283
1669262053,4,1223,1224,0,0,0,0.00283
1669262054,4,1224,1225,0,0,0,0.00283
1669262055,4,1225,1226,0,0,1,0.00141
1669262056,4,1226,1227,0,0,2,0.00283
1669262057,4,1227,1228,0,0,0,0.00283
1669262058,4,1228,1229,0,0,0,0.00283
1669262059,4,1229,1230,0,0,2,0.00283
1669262060,4,1230,1231,0,0,0,0.00283
1669262061,4,1231,1232,0,0,0,0.00283
1669262062,4,1232,1233,0,0,0,0.00283
1669262063,4,1233,1234,0,0,2,0.00283
1669262064,4,1234,1235,0,0,0,0.00283
1669262065,4,1235,1236,0,0,0,0.00283
1669262066,4,1236,1237,0,0,1,0.00141
1669262067,4,1237,1238,0,0,1,0.00283
1669262068,4,1238,1239,0,0,0,0.00283
1669262069,4,1239,1240,0,0,1,0.00141
1669262070,4,1240,1241,0,0,1,0.00283
1669262071,4,1241,1242,0,0,0,0.00283
1669262072,4,1242,1243,0,0,0,0.00283
1669262073,4,1243,1244,0,0,2,0.00283
1669262074,4,1244,1245,0,0,0,0.00283
1669262075,4,1245,1246,0,0,0,0.00283
1669262076,4,1246,1247,0,0,2,0.00283
1669262077,4,1247,1248,0,0,0,0.00283
1669262078,4,1248,1249,0,0,0,0.00283
1669262079,4,1249,1250,0,0,2,0.00283
1669262080,4,1250,1251,0,0,0,0.00283
1669262081,4,1251,1252,0,0,1,0.00141
1669262082,4,1252,1253,0,0,1,0.00283
1669262083,4,1253,1254,0,0,0,0.00283
1669262084,4,1254,1255,0,0,2,0.00283
1669262085,4,1255,1256,0,0,0,0.00283
1669262086,4,1256,1257,0,0,1,0.00141
1669262087,4,1257,1258,0,0,1,0.00283
1669262088,4,1258,1259,0,0,2,0.00283
1669262089,4,1259,1260,0,0,0,0.00283
1669262090,4,1260,1261,0,0,2,0.00283
1669262091,4,1261,1262,0,0,1,0.00141
1669262092,4,1262,1263,0,0,1,0.00283
1669262093,4,1263,1264,0,0,2,0.00283
1669262094,4,1264,1265,0,0,1,0.00141
1669262095,4,1265,1266,0,0,0,0.00141
1669262096,4,1266,1267,0,0,1,0.00283
1669262097,4,1267,1268,0,0,1,0.00141
1669262098,4,1268,1269,0,0,2,0.00283
1669262099,4,1269,1270,0,0,2,0.00283
1669262100,4,1270,1271,0,0,2,0.00283
1669262101,4,1271,1272,0,0,1,0.00141
1669262102,4,1272,1273,0,0,1,0.00141
1669262103,4,1273,1274,0,0,0,0.00141
1669262104,4,1274,1275,0,0,0,0.00141
1669262105,4,1275,1276,0,0,0,0.00141
1669262106,4,1276,1277,0,0,1,0.00141
1669262107,4,1277,1278,0,0,0,0.00141
1669262108,4,1278,1279,0,0,0,0.00141
1669262109,4,1279,1280,0,0,0,0.00141
1669262110,4,1280,1281,0,0,0,0.00141
1669262111,4,1281,1282,0,0,0,0.00141
1669262112,4,1282,1283,0,0,0,0.00141
1669262113,4,1283,1284,0,0,1,0.00141
1669262114,4,1284,1285,0,0,0,0.00141
1669262115,4,1285,1286,0,0,0,0.00141
1669262116,4,1286,1287,0,0,0,0.00141
1669262117,4,1287,1288,0,0,0,0.00141
1669262118,4,1288,1289,0,0,0,0.00141
1669262119,4,1289,1290,0,0,0,0.00141
1669262120,4,1290,1291,0,0,0,0.00141
1669262121,4,1291,1292,0,0,0,0.00141
1669262122,4,1292,1293,0,0,0,0.00141
1669262123,4,1293,1294,0,0,0,0.00141
1669262124,4,1294,1295,0,0,0,0.00141
1669262125,4,1295,1296,0,0,0,0.00141
1669262126,4,1296,1297,0,0,0,0.00141
1669262127,4,1297,1298,0,0,1,0.00141
1669262128,4,1298,1299,0,0,0,0.00141
1669262129,4,1299,1300,0,0,0,0.00141
1669262130,4,1300,1301,0,0,0,0.00141
1669262131,4,1301,1302,0,0,0,0.00141
1669262132,4,1302,1303,0,0,0,0.00141
1669262133,4,1303,1304,0,0,0,0.00141
1669262134,4,1304,1305,0,0,0,0.00141
1669262135,4,1305,1306,0,0,0,0.00141
1669262136,4,1306,1307,0,0,0,0.00141
1669262137,4,1307,1308,0,0,0,0.00141
1669262138,4,1308,1309,0,0,0,0.00141
1669262139,4,1309,1310,0,0,0,0.00141
1669262140,4,1310,1311,0,0,0,0.00141
1669262141,4,1311,1312,0,0,0,0.00141
1669262142,4,1312,1313,0,0,0,0.00141
1669262143,4,1313,1314,0,0,0,0.00141
1669262144,4,1314,1315,0,0,0,0.00141
1669262145,4,1315,1316,0,0,0,0.00141
1669262146,4,1316,1317,0,0,0,0.00141
1669262147,4,1317,1318,0,0,0,0.00141
1669262148,4,1318,1319,0,0,0,0.00141
1669262149,4,1319,1320,0,0,0,0.00141
1669262150,4,1320,1321,0,0,0,0.00141
1669262151,4,1321,1322,0,0,0,0.00141
1669262152,4,1322,1323,0,0,0,0.00141
1669262153,4,1323,1324,0,0,0,0.00141
1669262154,4,1324,1325,0,0,1,0.00141
1669262155,4,1325,1326,0,0,0,0.00141
1669262156,4,1326,1327,0,0,0,0.00141
1669262157,4,1327,1328,0,0,0,0.00141
1669262158,4,1328,1329,0,0,0,0.00141
1669262159,4,1329,1330,0,0,0,0.00141
1669262160,4,1330,1331,0,0,0,0.00141
1669262161,4,1331,1332,0,0,0,0.00141
1669262162,4,1332,1333,0,0,0,0.00141
1669262163,4,1333,1334,0,0,0,0.00141
1669262164,4,1334,1335,0,0,0,0.00141
1669262165,4,1335,1336,0,0,0,0.00141
1669262166,4,1336,1337,0,0,0,0.00141
1669262167,4,1337,1338,0,0,0,0.00141
1669262168,4,1338,1339,0,0,0,0.00141
1669262169,4,1339,1340,0,0,0,0.00141
1669262170,4,1340,1341,0,0,0,0.00141
1669262171,4,1341,1342,0,0,0,0.00141
1669262172,4,1342,1343,0,0,0,0.00141
1669262173,4,1343,1344,0,0,0,0.00141
1669262174,4,1344,1345,0,0,0,0.00141
1669262175,4,1345,1346,0,0,0,0.00141
1669262176,4,1346,1347,0,0,0,0.00141
1669262177,4,1347,1348,0,0,0,0.00141
1669262178,4,1348,1349,0,0,0,0.00141
1669262179,4,1349,1350,0,0,0,0.00141
1669262180,4,1350,1351,0,0,0,0.00141
1669262181,4,1351,1352,0,0,0,0.00141
1669262182,4,1352,1353,0,0,0,0.00141
1669262183,4,1353,1354,0,0,0,0.00141
1669262184,4,1354,1355,0,0,0,0.00141
1669262185,4,1355,1356,0,0,0,0.00141
1669262186,4,1356,1357,0,0,0,0.00141
1669262187,4,1357,1358,0,0,0,0.00141
1669262188,4,1358,1359,0,0,0,0.00141
1669262189,4,1359,1360,0,0,0,0.00141
1669262190,4,1360,1361,0,0,0,0.00141
1669262191,4,1361,1362,0,0,0,0.00141
1669262192,4,1362,1363,0,0,0,0.00141
1669262193,4,1363,1364,0,0,0,0.00141
1669262194,4,1364,1365,0,0,0,0.00141
1669262195,4,1365,1366,0,0,0,0.00141
1669262196,4,1366,1367,0,0,0,0.00141
1669262197,4,1367,1368,0,0,0,0.00141
1669262198,4,1368,1369,0,0,0,0.00141
1669262199,4,1369,1370,0,0,0,0.00141
1669262200,4,1370,1371,0,0,0,0.00141
1669262201,4,1371,1372,0,0,0,0.00141
1669262202,4,1372,1373,0,0,0,0.00141
1669262203,4,1373,1374,0,0,0,0.00141
1669262204,4,1374,1375,0,0,0,0.00141
1669262205,4,1375,1376,0,0,0,0.00141
1669262206,4,1376,1377,0,0,0,0.00141
1669262207,4,1377,1378,0,0,0,0.00141
1669262208,4,1378,1379,0,0,0,0.00141
1669262209,4,1379,1380,0,0,1,0.00141
1669262210,4,1380,1381,0,0,0,0.00141
1669262211,4,1381,1382,0,0,0,0.00141
1669262212,4,1382,1383,0,0,0,0.00141
1669262213,4,1383,1384,0,0,0,0.00141
1669262214,4,1384,1385,0,0,0,0.00141
1669262215,4,1385,1386,0,0,0,0.00141
1669262216,4,1386,1387,0,0,0,0.00141
1669262217,4,1387,1388,0,0,0,0.00141
1669262218,4,1388,1389,0,0,0,0.00141
1669262219,4,1389,1390,0,0,0,0.00141
1669262220,4,1390,1391,0,0,0,0.00141
1669262221,4,1391,1392,0,0,0,0.00141
1669262222,4,1392,1393,0,0,0,0.00141
1669262223,4,1393,1394,0,0,0,0.00141
1669262224,4,1394,1395,0,0,0,0.00141
1669262225,4,1395,1396,0,0,0,0.00141
1669262226,4,1396,1397,0,0,0,0.00141
1669262227,4,1397,1398,0,0,0,0.00141
1669262228,4,1398,1399,0,0,0,0.00141
1669262229,4,1399,1400,0,0,0,0.00141
1669262230,4,1400,1401,0,0,0,0.00141
1669262231,4,1401,1402,0,0,0,0.00141
1669262232,4,1402,1403,0,0,0,0.00141
1669262233,4,1403,1404,0,0,0,0.00141
1669262234,4,1404,1405,0,0,0,0.00141
1669262235,4,1405,1406,0,0,0,0.00141
1669262236,4,1406,1407,0,0,0,0.00141
1669262237,4,1407,1408,0,0,0,0.00141
1669262238,4,1408,1409,0,0,0,0.00141
1669262239,4,1409,1410,0,0,0,0.00141
1669262240,4,1410,1411,0,0,0,0.00141
1669262241,4,1411,1412,0,0,0,0.00141
1669262242,4,1412,1413,0,0,0,0.00141
1669262243,4,1413,1414,0,0,0,0.00141
1669262244,4,1414,1415,0,0,0,0.00141
1669262245,4,1415,1416,0,0,0,0.00141
1669262246,4,1416,1417,0,0,0,0.00141
1669262247,4,1417,1418,0,0,0,0.00141
1669262248,4,1418,1419,0,0,0,0.00141
1669262249,4,1419,1420,0,0,0,0.00141
1669262250,4,1420,1421,0,0,0,0.00141
1669262251,4,1421,1422,0,0,0,0.00141
1669262252,4,1422,1423,0,0,0,0.00141
1669262253,4,1423,1424,0,0,0,0.00141
1669262254,4,1424,1425,0,0,0,0.00141
1669262255,4,1425,1426,0,0,0,0.00141
1669262256,4,1426,1427,0,0,0,0.00141
1669262257,4,1427,1428,0,0,0,0.00141
1669262258,4,1428,1429,0,0,0,0.00141
1669262259,4,1429,1430,0,0,0,0.00141
1669262260,4,1430,1431,0,0,0,0.00141
1669262261,4,1431,1432,0,0,0,0.00141
1669262262,4,1432,1433,0,0,0,0.00141
1669262263,4,1433,1434,0,0,0,0.00141
1669262264,4,1434,1435,0,0,0,0.00141
1669262265,4,1435,1436,0,0,0,0.00141
1669262266,4,1436,1437,0,0,0,0.00141
1669262267,4,1437,1438,0,0,0,0.00141
1669262268,4,1438,1439,0,0,0,0.00141
1669262269,4,1439,1440,0,0,0,0.00141
1669262270,4,1440,1441,0,0,0,0.00141
1669262271,4,1441,1442,0,0,0,0.00141
1669262272,4,1442,1443,0,0,0,0.00141
1669262273,4,1443,1444,0,0,0,0.00141
1669262274,4,1444,1445,0,0,0,0.00141
1669262275,4,1445,1446,0,0,0,0.00141
1669262276,4,1446,1447,0,0,0,0.00141
1669262277,4,1447,1448,0,0,0,0.00141
1669262278,4,1448,1449,0,0,0,0.00141
1669262279,4,1449,1450,0,0,0,0.00141
1669262280,4,1450,1451,0,0,0,0.00141
1669262281,4,1451,1452,0,0,0,0.00141
1669262282,4,1452,1453,0,0,0,0.00141
1669262283,4,1453,1454,0,0,0,0.00141
1669262284,4,1454,1455,0,0,0,0.00141
1669262285,4,1455,1456,0,0,0,0.00141
1669262286,4,1456,1457,0,0,0,0.00141
1669262287,4,1457,1458,0,0,0,0.00141
1669262288,4,1458,1459,0,0,0,0.00141
1669262289,4,1459,1460,0,0,0,0.00141
1669262290,4,1460,1461,0,0,0,0.00141
1669262291,4,1461,1462,0,0,0,0.00141
1669262292,4,1462,1463,0,0,0,0.00141
1669262293,4,1463,1464,0,0,0,0.00141
1669262294,4,1464,1465,0,0,0,0.00141
1669262295,4,1465,1466,0,0,0,0.00141
1669262296,4,1466,1467,0,0,0,0.00141
1669262297,4,1467,1468,0,0,0,0.00141
1669262298,4,1468,1469,0,0,0,0.00141
1669262299,4,1469,1470,0,0,0,0.00141
1669262300,4,1470,1471,0,0,0,0.00141
1669262301,4,1471,1472,0,0,0,0.00141
1669262302,4,1472,1473,0,0,0,0.00141
1669262303,4,1473,1474,0,0,0,0.00141
1669262304,4,1474,1475,0,0,0,0.00141
1669262305,4,1475,1476,0,0,0,0.00141
1669262306,4,1476,1477,0,0,0,0.00141
1669262307,4,1477,1478,0,0,0,0.00141
1669262308,4,1478,1479,0,0,0,0.00141
1669262309,4,1479,1480,0,0,0,0.00141
1669262310,4,1480,1481,0,0,0,0.00141
1669262311,4,1481,1482,0,0,0,0.00141
1669262312,4,1482,1483,0,0,0,0.00141
1669262313,4,1483,1484,0,0,0,0.00141
1669262314,4,1484,1485,0,0,0,0.00141
1669262315,4,1485,1486,0,0,0,0.00141
1669262316,4,1486,1487,0,0,0,0.00141
1669262317,4,1487,1488,0,0,0,0.00141
1669262318,4,1488,1489,0,0,0,0.00141
1669262319,4,1489,1490,0,0,0,0.00141
1669262320,4,1490,1491,0,0,1,0.00141
1669262321,4,1491,1492,0,0,0,0.00141
1669262322,4,1492,1493,0,0,0,0.00141
1669262323,4,1493,1494,0,0,0,0.00141
1669262324,4,1494,1495,0,0,0,0.00141
1669262325,4,1495,1496,0,0,0,0.00141
1669262326,4,1496,1497,0,0,0,0.00141
1669262327,4,1497,1498,0,0,0,0.00141
1669262328,4,1498,1499,0,0,0,0.00141
1669262329,4,1499,1500,0,0,0,0.00141
1669262330,4,1500,1501,0,0,0,0.00141
1669262331,4,1501,1502,0,0,0,0.00141
1669262332,4,1502,1503,0,0,0,0.00141
1669262333,4,1503,1504,0,0,0,0.00141
1669262334,4,1504,1505,0,0,0,0.00141
1669262335,4,1505,1506,0,0,0,0.00141
1669262336,4,1506,1507,0,0,0,0.00141
1669262337,4,1507,1508,0,0,0,0.00141
1669262338,4,1508,1509,0,0,0,0.00141
1669262339,4,1509,1510,0,0,0,0.00141
1669262340,4,1510,1511,0,0,0,0.00141
1669262341,4,1511,1512,0,0,0,0.00141
1669262342,4,1512,1513,0,0,0,0.00141
1669262343,4,1513,1514,0,0,0,0.00141
1669262344,4,1514,1515,0,0,0,0.00141
1669262345,4,1515,1516,0,0,0,0.00141
1669262346,4,1516,1517,0,0,0,0.00141
1669262347,4,1517,1518,0,0,0,0.00141
1669262348,4,1518,1519,0,0,0,0.00141
1669262349,4,1519,1520,0,0,0,0.00141
1669262350,4,1520,1521,0,0,0,0.00141
1669262351,4,1521,1522,0,0,0,0.00141
1669262352,4,1522,1523,0,0,0,0.00141
1669262353,4,1523,1524,0,0,0,0.00141
1669262354,4,1524,1525,0,0,0,0.00141
1669262355,4,1525,1526,0,0,0,0.00141
1669262356,4,1526,1527,0,0,0,0.00141
1669262357,4,1527,1528,0,0,0,0.00141
1669262358,4,1528,1529,0,0,0,0.00141
1669262359,4,1529,1530,0,0,0,0.00141
1669262360,4,1530,1531,0,0,0,0.00141
1669262361,4,1531,1532,0,0,0,0.00141
1669262362,4,1532,1533,0,0,0,0.00141
1669262363,4,1533,1534,0,0,0,0.00141
1669262364,4,1534,1535,0,0,0,0.00141
1669262365,4,1535,1536,0,0,0,0.00141
1669262366,4,1536,1537,0,0,0,0.00141
1669262367,4,1537,1538,0,0,0,0.00141
1669262368,4,1538,1539,0,0,0,0.00141
1669262369,4,1539,1540,0,0,0,0.00141
1669262370,4,1540,1541,0,0,0,0.00141
1669262371,4,1541,1542,0,0,0,0.00141
1669262372,4,1542,1543,0,0,0,0.00141
1669262373,4,1543,1544,0,0,0,0.00141
1669262374,4,1544,1545,0,0,0,0.00141
1669262375,4,1545,1546,0,0,0,0.00141
1669262376,4,1546,1547,0,0,0,0.00141
1669262377,4,1547,1548,0,0,0,0.00141
1669262378,4,1548,1549,0,0,0,0.00141
1669262379,4,1549,1550,0,0,0,0.00141
1669262380,4,1550,1551,0,0,0,0.00141
1669262381,4,1551,1552,0,0,0,0.00141
1669262382,4,1552,1553,0,0,0,0.00141
1669262383,4,1553,1554,0,0,0,0.00141
1669262384,4,1554,1555,0,0,0,0.00141
1669262385,4,1555,1556,0,0,0,0.00141
1669262386,4,1556,1557,0,0,0,0.00141
1669262387,4,1557,1558,0,0,0,0.00141
1669262388,4,1558,1559,0,0,0,0.00141
1669262389,4,1559,1560,0,0,0,0.00141
1669262390,4,1560,1561,0,0,0,0.00141
1669262391,4,1561,1562,0,0,0,0.00141
1669262392,4,1562,1563,0,0,0,0.00141
1669262393,4,1563,1564,0,0,0,0.00141
1669262394,4,1564,1565,0,0,0,0.00141
1669262395,4,1565,1566,0,0,0,0.00141
1669262396,4,1566,1567,0,0,0,0.00141
1669262397,4,1567,1568,0,0,0,0.00141
1669262398,4,1568,1569,0,0,0,0.00141
1669262399,4,1569,1570,0,0,0,0.00141
1669262400,4,1570,1571,0,0,0,0.00141
1669262401,4,1571,1572,0,0,0,0.00141
1669262402,4,1572,1573,0,0,0,0.00141
1669262403,4,1573,1574,0,0,0,0.00141
1669262404,4,1574,1575,0,0,0,0.00141
1669262405,4,1575,1576,0,0,0,0.00141
1669262406,4,1576,1577,0,0,0,0.00141
1669262407,4,1577,1578,0,0,0,0.00141
1669262408,4,1578,1579,0,0,0,0.00141
1669262409,4,1579,1580,0,0,0,0.00141
1669262410,4,1580,1581,0,0,0,0.00141
1669262411,4,1581,1582,0,0,0,0.00141
1669262412,4,1582,1583,0,0,0,0.00141
1669262413,4,1583,1584,0,0,0,0.00141
1669262414,4,1584,1585,0,0,0,0.00141
1669262415,4,1585,1586,0,0,0,0.00141
1669262416,4,1586,1587,0,0,0,0.00141
1669262417,4,1587,1588,0,0,0,0.00141
1669262418,4,1588,1589,0,0,0,0.00141
1669262419,4,1589,1590,0,0,0,0.00141
1669262420,4,1590,1591,0,0,0,0.00141
1669262421,4,1591,1592,0,0,0,0.00141
1669262422,4,1592,1593,0,0,0,0.00141
1669262423,4,1593,1594,0,0,0,0.00141
1669262424,4,1594,1595,0,0,0,0.00141
1669262425,4,1595,1596,0,0,0,0.00141
1669262426,4,1596,1597,0,0,0,0.00141
1669262427,4,1597,1598,0,0,0,0.00141
1669262428,4,1598,1599,0,0,0,0.00141
1669262429,4,1599,1600,0,0,0,0.00141
1669262430,4,1600,1601,0,0,0,0.00141
1669262431,4,1601,1602,0,0,0,0.00141
1669262432,4,1602,1603,0,0,0,0.00141
1669262433,4,1603,1604,0,0,0,0.00141
1669262434,4,1604,1605,0,0,0,0.00141
1669262435,4,1605,1606,0,0,0,0.00141
1669262436,4,1606,1607,0,0,0,0.00141
1669262437,4,1607,1608,0,0,0,0.00141
1669262438,4,1608,1609,0,0,0,0.00141
1669262439,4,1609,1610,0,0,0,0.00141
1669262440,4,1610,1611,0,0,0,0.00141
1669262441,4,1611,1612,0,0,0,0.00141
1669262442,4,1612,1613,0,0,0,0.00141
1669262443,4,1613,1614,0,0,1,0.00141
1669262444,4,1614,1615,0,0,0,0.00141
1669262445,4,1615,1616,0,0,0,0.00141
1669262446,4,1616,1617,0,0,0,0.00141
1669262447,4,1617,1618,0,0,0,0.00141
1669262448,4,1618,1619,0,0,0,0.00141
1669262449,4,1619,1620,0,0,0,0.00141
1669262450,4,1620,1621,0,0,0,0.00141
1669262451,4,1621,1622,0,0,0,0.00141
1669262452,4,1622,1623,0,0,0,0.00141
1669262453,4,1623,1624,0,0,0,0.00141
1669262454,4,1624,1625,0,0,0,0.00141
1669262455,4,1625,1626,0,0,0,0.00141
1669262456,4,1626,1627,0,0,0,0.00141
1669262457,4,1627,1628,0,0,0,0.00141
1669262458,4,1628,1629,0,0,0,0.00141
1669262459,4,1629,1630,0,0,0,0.00141
1669262460,4,1630,1631,0,0,0,0.00141
1669262461,4,1631,1632,0,0,0,0.00141
1669262462,4,1632,1633,0,0,0,0.00141
1669262463,4,1633,1634,0,0,0,0.00141
1669262464,4,1634,1635,0,0,0,0.00141
1669262465,4,1635,1636,0,0,0,0.00141
1669262466,4,1636,1637,0,0,0,0.00141
1669262467,4,1637,1638,0,0,0,0.00141
1669262468,4,1638,1639,0,0,0,0.00141
1669262469,4,1639,1640,0,0,0,0.00141
1669262470,4,1640,1641,0,0,0,0.00141
1669262471,4,1641,1642,0,0,0,0.00141
1669262472,4,1642,1643,0,0,0,0.00141
1669262473,4,1643,1644,0,0,0,0.00141
1669262474,4,1644,1645,0,0,0,0.00141
1669262475,4,1645,1646,0,0,0,0.00141
1669262476,4,1646,1647,0,0,0,0.00141
1669262477,4,1647,1648,0,0,0,0.00141
1669262478,4,1648,1649,0,0,0,0.00141
1669262479,4,1649,1650,0,0,0,0.00141
1669262480,4,1650,1651,0,0,0,0.00141
1669262481,4,1651,1652,0,0,0,0.00141
1669262482,4,1652,1653,0,0,0,0.00141
1669262483,4,1653,1654,0,0,0,0.00141
1669262484,4,1654,1655,0,0,0,0.00141
1669262485,4,1655,1656,0,0,0,0.00141
1669262486,4,1656,1657,0,0,0,0.00141
1669262487,4,1657,1658,0,0,0,0.00141
1669262488,4,1658,1659,0,0,0,0.00141
1669262489,4,1659,1660,0,0,0,0.00141
1669262490,4,1660,1661,0,0,0,0.00141
1669262491,4,1661,1662,0,0,0,0.00141
1669262492,4,1662,1663,0,0,0,0.00141
1669262493,4,1663,1664,0,0,0,0.00141
1669262494,4,1664,1665,0,0,0,0.00141
1669262495,4,1665,1666,0,0,0,0.00141
1669262496,4,1666,1667,0,0,0,0.00141
1669262497,4,1667,1668,0,0,0,0.00141
1669262498,4,1668,1669,0,0,0,0.00141
1669262499,4,1669,1670,0,0,0,0.00141
1669262500,4,1670,1671,0,0,0,0.00141
1669262501,4,1671,1672,0,0,0,0.00141
1669262502,4,1672,1673,0,0,0,0.00141
1669262503,4,1673,1674,0,0,0,0.00141
1669262504,4,1674,1675,0,0,0,0.00141
1669262505,4,1675,1676,0,0,0,0.00141
1669262506,4,1676,1677,0,0,0,0.00141
1669262507,4,1677,1678,0,0,0,0.00141
1669262508,4,1678,1679,0,0,0,0.00141
1669262509,4,1679,1680,0,0,0,0.00141
1669262510,4,1680,1681,0,0,0,0.00141
1669262511,4,1681,1682,0,0,0,0.00141
1669262512,4,1682,1683,0,0,0,0.00141
1669262513,4,1683,1684,0,0,0,0.00141
1669262514,4,1684,1685,0,0,0,0.00141
1669262515,4,1685,1686,0,0,0,0.00141
1669262516,4,1686,1687,0,0,0,0.00141
1669262517,4,1687,1688,0,0,0,0.00141
1669262518,4,1688,1689,0,0,0,0.00141
1669262519,4,1689,1690,0,0,0,0.00141
1669262520,4,1690,1691,0,0,0,0.00141
1669262521,4,1691,1692,0,0,0,0.00141
1669262522,4,1692,1693,0,0,0,0.00141
1669262523,4,1693,1694,0,0,0,0.00141
1669262524,4,1694,1695,0,0,0,0.00141
1669262525,4,1695,1696,0,0,0,0.00141
1669262526,4,1696,1697,0,0,0,0.00141
1669262527,4,1697,1698,0,0,0,0.00141
1669262528,4,1698,1699,0,0,0,0.00141
1669262529,4,1699,1700,0,0,0,0.00141
1669262530,4,1700,1701,0,0,0,0.00141
1669262531,4,1701,1702,0,0,0,0.00141
1669262532,4,1702,1703,0,0,0,0.00141
1669262533,4,1703,1704,0,0,0,0.00141
1669262534,4,1704,1705,0,0,0,0.00141
1669262535,4,1705,1706,0,0,0,0.00141
1669262536,4,1706,1707,0,0,0,0.00141
1669262537,4,1707,1708,0,0,0,0.00141
1669262538,4,1708,1709,0,0,0,0.00141
1669262539,4,1709,1710,0,0,0,0.00141
1669262540,4,1710,1711,0,0,0,0.00141
1669262541,4,1711,1712,0,0,0,0.00141
1669262542,4,1712,1713,0,0,0,0.00141
1669262543,4,1713,1714,0,0,0,0.00141
1669262544,4,1714,1715,0,0,0,0.00141
1669262545,4,1715,1716,0,0,0,0.00141
1669262546,4,1716,1717,0,0,0,0.00141
1669262547,4,1717,1718,0,0,0,0.00141
1669262548,4,1718,1719,0,0,0,0.00141
1669262549,4,1719,1720,0,0,0,0.00141
1669262550,4,1720,1721,0,0,0,0.00141
1669262551,4,1721,1722,0,0,0,0.00141
1669262552,4,1722,1723,0,0,0,0.00141
1669262553,4,1723,1724,0,0,0,0.00141
1669262554,4,1724,1725,0,0,0,0.00141
1669262555,4,1725,1726,0,0,0,0.00141
1669262556,4,1726,1727,0,0,0,0.00141
1669262557,4,1727,1728,0,0,0,0.00141
1669262558,4,1728,1729,0,0,0,0.00141
1669262559,4,1729,1730,0,0,0,0.00141
1669262560,4,1730,1731,0,0,0,0.00141
1669262561,4,1731,1732,0,0,0,0.00141
1669262562,4,1732,1733,0,0,0,0.00141
1669262563,4,1733,1734,0,0,0,0.00141
1669262564,4,1734,1735,0,0,0,0.00141
1669262565,4,1735,1736,0,0,1,0.00141
1669262566,4,1736,1737,0,0,0,0.00141
1669262567,4,1737,1738,0,0,0,0.00141
1669262568,4,1738,1739,0,0,0,0.00141
1669262569,4,1739,1740,0,0,0,0.00141
1669262570,4,1740,1741,0,0,0,0.00141
1669262571,4,1741,1742,0,0,0,0.00141
1669262572,4,1742,1743,0,0,0,0.00141
1669262573,4,1743,1744,0,0,0,0.00141
1669262574,4,1744,1745,0,0,0,0.00141
1669262575,4,1745,1746,0,0,0,0.00141
1669262576,4,1746,1747,0,0,0,0.00141
1669262577,4,1747,1748,0,0,0,0.00141
1669262578,4,1748,1749,0,0,0,0.00141
1669262579,4,1749,1750,0,0,0,0.00141
1669262580,4,1750,1751,0,0,0,0.00141
1669262581,4,1751,1752,0,0,0,0.00141
1669262582,4,1752,1753,0,0,0,0.00141
1669262583,4,1753,1754,0,0,0,0.00141
1669262584,4,1754,1755,0,0,0,0.00141
1669262585,4,1755,1756,0,0,0,0.00141
1669262586,4,1756,1757,0,0,0,0.00141
1669262587,4,1757,1758,0,0,0,0.00141
1669262588,4,1758,1759,0,0,0,0.00141
1669262589,4,1759,1760,0,0,0,0.00141
1669262590,4,1760,1761,0,0,0,0.00141
1669262591,4,1761,1762,0,0,0,0.00141
1669262592,4,1762,1763,0,0,0,0.00141
1669262593,4,1763,1764,0,0,0,0.00141
1669262594,4,1764,1765,0,0,0,0.00141
1669262595,4,1765,1766,0,0,0,0.00141
1669262596,4,1766,1767,0,0,0,0.00141
1669262597,4,1767,1768,0,0,0,0.00141
1669262598,4,1768,1769,0,0,0,0.00141
1669262599,4,1769,1770,0,0,0,0.00141
1669262600,4,1770,1771,0,0,0,0.00141
1669262601,4,1771,1772,0,0,0,0.00141
1669262602,4,1772,1773,0,0,0,0.00141
1669262603,4,1773,1774,0,0,0,0.00141
1669262604,4,1774,1775,0,0,0,0.00141
1669262605,4,1775,1776,0,0,0,0.00141
1669262606,4,1776,1777,0,0,0,0.00141
1669262607,4,1777,1778,0,0,0,0.00141
1669262608,4,1778,1779,0,0,0,0.00141
1669262609,4,1779,1780,0,0,0,0.00141
1669262610,4,1780,1781,0,0,0,0.00141
1669262611,4,1781,1782,0,0,0,0.00141
1669262612,4,1782,1783,0,0,0,0.00141
1669262613,4,1783,1784,0,0,0,0.00141
1669262614,4,1784,1785,0,0,0,0.00141
1669262615,4,1785,1786,0,0,0,0.00141
1669262616,4,1786,1787,0,0,0,0.00141
1669262617,4,1787,1788,0,0,0,0.00141
1669262618,4,1788,1789,0,0,0,0.00141
1669262619,4,1789,1790,0,0,0,0.00141
1669262620,4,1790,1791,0,0,0,0.00141
1669262621,4,1791,1792,0,0,0,0.00141
1669262622,4,1792,1793,0,0,0,0.00141
1669262623,4,1793,1794,0,0,0,0.00141
1669262624,4,1794,1795,0,0,0,0.00141
1669262625,4,1795,1796,0,0,0,0.00141
1669262626,4,1796,1797,0,0,0,0.00141
1669262627,4,1797,1798,0,0,0,0.00141
1669262628,4,1798,1799,0,0,0,0.00141
1669262629,4,1799,1800,0,0,0,0.00141
1669262630,4,1800,1801,0,0,0,0.00141
1669262631,4,1801,1802,0,0,0,0.00141
1669262632,4,1802,1803,0,0,0,0.00141
1669262633,4,1803,1804,0,0,0,0.00141
1669262634,4,1804,1805,0,0,0,0.00141
1669262635,4,1805,1806,0,0,0,0.00141
1669262636,4,1806,1807,0,0,0,0.00141
1669262637,4,1807,1808,0,0,0,0.00141
1669262638,4,1808,1809,0,0,0,0.00141
1669262639,4,1809,1810,0,0,0,0.00141
1669262640,4,1810,1811,0,0,0,0.00141
1669262641,4,1811,1812,0,0,0,0.00141
1669262642,4,1812,1813,0,0,0,0.00141
1669262643,4,1813,1814,0,0,0,0.00141
1669262644,4,1814,1815,0,0,0,0.00141
1669262645,4,1815,1816,0,0,0,0.00141
1669262646,4,1816,1817,0,0,0,0.00141
1669262647,4,1817,1818,0,0,0,0.00141
1669262648,4,1818,1819,0,0,0,0.00141
1669262649,4,1819,1820,0,0,0,0.00141
1669262650,4,1820,1821,0,0,0,0.00141
1669262651,4,1821,1822,0,0,0,0.00141
1669262652,4,1822,1823,0,0,0,0.00141
1669262653,4,1823,1824,0,0,0,0.00141
1669262654,4,1824,1825,0,0,0,0.00141
1669262655,4,1825,1826,0,0,0,0.00141
1669262656,4,1826,1827,0,0,0,0.00141
1669262657,4,1827,1828,0,0,0,0.00141
1669262658,4,1828,1829,0,0,0,0.00141
1669262659,4,1829,1830,0,0,0,0.00141
1669262660,4,1830,1831,0,0,0,0.00141
1669262661,4,1831,1832,0,0,0,0.00141
1669262662,4,1832,1833,0,0,0,0.00141
1669262663,4,1833,1834,0,0,0,0.00141
1669262664,4,1834,1835,0,0,0,0.00141
1669262665,4,1835,1836,0,0,0,0.00141
1669262666,4,1836,1837,0,0,0,0.00141
1669262667,4,1837,1838,0,0,0,0.00141
1669262668,4,1838,1839,0,0,0,0.00141
1669262669,4,1839,1840,0,0,0,0.00141
1669262670,4,1840,1841,0,0,0,0.00141
1669262671,4,1841,1842,0,0,0,0.00141
1669262672,4,1842,1843,0,0,0,0.00141
1669262673,4,1843,1844,0,0,0,0.00141
1669262674,4,1844,1845,0,0,0,0.00141
1669262675,4,1845,1846,0,0,0,0.00141
1669262676,4,1846,1847,0,0,0,0.00141
1669262677,4,1847,1848,0,0,0,0.00141
1669262678,4,1848,1849,0,0,0,0.00141
1669262679,4,1849,1850,0,0,0,0.00141
1669262680,4,1850,1851,0,0,0,0.00141
1669262681,4,1851,1852,0,0,0,0.00141
1669262682,4,1852,1853,0,0,0,0.00141
1669262683,4,1853,1854,0,0,0,0.00141
1669262684,4,1854,1855,0,0,0,0.00141
1669262685,4,1855,1856,0,0,0,0.00141
1669262686,4,1856,1857,0,0,0,0.00141
1669262687,4,1857,1858,0,0,0,0.00141
1669262688,4,1858,1859,0,0,1,0.00141
1669262689,4,1859,1860,0,0,1,0.00283
1669262690,4,1860,1861,0.0636,0.521,0,0.00707
1669262691,4,1861,1862,0.0636,0.521,0,0.0113
1669262692,4,1862,1863,0.0636,0.521,0,0.0212
1669262693,4,1863,1864,0.255,2.08,0,0.0438
1669262694,4,1864,1865,0.445,3.65,0,0.0806
1669262695,4,1865,1866,0.445,3.65,0,0.129
1669262696,4,1866,1867,0.382,3.13,0,0.194
1669262697,4,1867,1868,0.445,3.65,0,0.276
1669262698,4,1868,1869,0.382,3.13,0,0.378
1669262699,4,1869,1870,0.382,3.13,0,0.489
1669262700,4,1870,1871,0,0,72,0.341
1669262701,4,1871,1872,0.891,7.3,0,0.298
1669262702,4,1872,1873,0.509,4.17,0,0.245
1669262703,4,1873,1874,0.509,4.17,0,0.266
1669262704,4,1874,1875,0.382,3.13,0,0.28
1669262705,4,1875,1876,0.445,3.65,0,0.286
1669262706,4,1876,1877,0.445,3.65,0,0.288
1669262707,4,1877,1878,0.509,4.17,0,0.288
1669262708,4,1878,1879,0.445,3.65,0,0.291
1669262709,4,1879,1880,0.445,3.65,0,0.298
1669262710,4,1880,1881,0.382,3.13,0,0.314
1669262711,4,1881,1882,0.382,3.12,0,0.339
1669262712,4,1882,1883,0.382,3.13,0,0.379
1669262713,4,1883,1884,0.445,3.65,0,0.436
1669262714,4,1884,1885,0,0,40,0.31
1669262715,4,1885,1886,0.891,7.3,0,0.259
1669262716,4,1886,1887,0.509,4.17,0,0.228
1669262717,4,1887,1888,0.382,3.13,0,0.243
1669262718,4,1888,1889,0.318,2.61,0,0.255
1669262719,4,1889,1890,0.318,2.61,0,0.26
1669262720,4,1890,1891,0.318,2.6,0,0.263
1669262721,4,1891,1892,0.318,2.6,0,0.263
1669262722,4,1892,1893,0.382,3.13,0,0.267
1669262723,4,1893,1894,0.382,3.13,0,0.276
1669262724,4,1894,1895,0.382,3.13,0,0.294
1669262725,4,1895,1896,0.445,3.65,0,0.324
1669262726,4,1896,1897,0.445,3.65,0,0.368
1669262727,4,1897,1898,0.382,3.13,0,0.423
1669262728,4,1898,1899,0.127,1.04,20,0.361
1669262729,4,1899,1900,0.255,2.09,23,0.313
1669262730,4,1900,1901,0.827,6.77,0,0.334
1669262731,4,1901,1902,0.445,3.65,0,0.373
1669262732,4,1902,1903,0.445,3.65,0,0.404
1669262733,4,1903,1904,0.127,1.04,16,0.3
1669262734,4,1904,1905,0.7,5.74,2,0.288
1669262735,4,1905,1906,0.573,4.7,0,0.31
1669262736,4,1906,1907,0.445,3.65,0,0.331
1669262737,4,1907,1908,0.445,3.65,0,0.342
1669262738,4,1908,1909,0.445,3.65,0,0.348
1669262739,4,1909,1910,0.445,3.65,0,0.351
1669262740,4,1910,1911,0.445,3.65,0,0.352
1669262741,4,1911,1912,0.445,3.65,0,0.355
1669262742,4,1912,1913,0.445,3.65,0,0.363
1669262743,4,1913,1914,0.509,4.17,0,0.38
1669262744,4,1914,1915,0.382,3.13,0,0.409
1669262745,4,1915,1916,0,0,18,0.291
1669262746,4,1916,1917,0.954,7.81,3,0.297
1669262747,4,1917,1918,0.509,4.17,0,0.334
1669262748,4,1918,1919,0.445,3.65,0,0.366
1669262751,4,1919,1920,0.445,3.65,0,0.392
