Number,Longitude,Latitude,Altitude,Voltage,Battery Level,Time,Fix,Number of Satellites
1,-78.6961094,35.7272785,0.001,12.587,100,1669919061,6,10
2,-78.6961094,35.7272785,0.001,12.587,100,1669919062,6,10
3,-78.6961094,35.7272785,0.001,12.587,100,1669919063,6,10
4,-78.6961094,35.7272785,0.001,12.587,100,1669919064,6,10
5,-78.6961094,35.7272785,0.002,12.587,100,1669919065,6,10
6,-78.6961094,35.7272785,0.002,12.587,100,1669919066,6,10
7,-78.6961094,35.7272784,0.002,12.587,100,1669919067,6,10
8,-78.6961094,35.7272784,0.002,12.587,100,1669919068,6,10
9,-78.6961093,35.7272784,0.001,12.489,99,1669919069,6,10
10,-78.6961093,35.7272784,0.064,12.143,99,1669919070,6,10
11,-78.6961099,35.7272789,1.285,12.143,99,1669919071,6,10
12,-78.6961106,35.7272794,3.23,12.193,99,1669919072,6,10
13,-78.6961104,35.7272794,5.416,12.193,99,1669919073,6,10
14,-78.6961101,35.7272791,7.715,12.193,99,1669919074,6,10
15,-78.6961101,35.727279,10.082,12.193,98,1669919075,6,10
16,-78.6961102,35.7272791,12.494,12.193,98,1669919076,6,10
17,-78.6961103,35.7272792,14.938,12.193,98,1669919077,6,10
18,-78.6961103,35.7272792,17.396,12.193,98,1669919078,6,10
19,-78.6961102,35.7272791,19.867,12.193,98,1669919079,6,10
20,-78.6961101,35.727279,22.345,12.193,97,1669919080,6,10
21,-78.6961102,35.7272791,24.83,12.193,97,1669919081,6,10
22,-78.6961103,35.7272792,27.319,12.193,97,1669919082,6,10
23,-78.6961104,35.7272793,29.81,12.193,97,1669919083,6,10
24,-78.6961104,35.7272793,32.299,12.193,97,1669919084,6,10
25,-78.6961105,35.7272794,34.789,12.193,96,1669919085,6,10
26,-78.6961106,35.7272794,37.28,12.193,96,1669919086,6,10
27,-78.6961106,35.7272794,39.773,12.193,96,1669919087,6,10
28,-78.6961107,35.7272794,42.263,12.193,96,1669919088,6,10
29,-78.6961106,35.7272794,44.758,12.193,96,1669919089,6,10
30,-78.6961107,35.7272795,47.181,12.193,95,1669919090,6,10
31,-78.6961107,35.7272795,48.952,12.242,95,1669919091,6,10
32,-78.6961107,35.7272795,49.653,12.242,95,1669919092,6,10
33,-78.6961107,35.7272795,49.846,12.242,95,1669919093,6,10
34,-78.6961107,35.7272795,49.916,12.242,95,1669919094,6,10
35,-78.6961107,35.7272795,49.94,12.242,95,1669919095,6,10
36,-78.696111,35.7272795,49.957,12.242,94,1669919096,6,10
37,-78.6961162,35.7272792,49.962,12.242,94,1669919097,6,10
38,-78.6961295,35.7272782,49.966,12.242,94,1669919098,6,10
39,-78.6961453,35.727277,49.967,12.242,94,1669919099,6,10
40,-78.6961839,35.7272742,49.967,12.193,94,1669919100,6,10
41,-78.6962232,35.7272714,49.972,12.193,93,1669919101,6,10
42,-78.6962672,35.7272685,49.977,12.193,93,1669919102,6,10
43,-78.6963023,35.7272662,49.981,12.193,93,1669919103,6,10
44,-78.6963634,35.7272623,49.985,12.193,93,1669919104,6,10
45,-78.6964137,35.7272591,49.991,12.193,93,1669919105,6,10
46,-78.6964619,35.7272558,49.997,12.242,93,1669919106,6,10
47,-78.6965034,35.7272529,50.001,12.242,92,1669919107,6,10
48,-78.696527,35.7272511,50.003,12.242,92,1669919108,6,10
49,-78.6965467,35.7272456,50.003,12.242,92,1669919109,6,10
50,-78.6965483,35.7272375,50.005,12.242,92,1669919110,6,10
51,-78.6965458,35.727214,50.005,12.193,92,1669919111,6,10
52,-78.6965432,35.7271864,50.006,12.193,92,1669919112,6,10
53,-78.6965416,35.727162,50.005,12.193,91,1669919113,6,10
54,-78.6965393,35.7271168,50.002,12.193,91,1669919114,6,10
55,-78.6965379,35.7270779,50,12.193,91,1669919115,6,10
56,-78.6965368,35.7270477,49.998,12.193,91,1669919116,6,10
57,-78.6965354,35.7270065,49.998,12.193,91,1669919117,6,10
58,-78.6965339,35.7269646,49.998,12.193,90,1669919118,6,10
59,-78.6965322,35.7269221,49.997,12.193,90,1669919119,6,10
60,-78.6965305,35.7268792,49.998,12.193,90,1669919120,6,10
61,-78.6965285,35.7268359,49.996,12.193,90,1669919121,6,10
62,-78.6965265,35.7267923,49.994,12.193,90,1669919122,6,10
63,-78.6965244,35.7267484,49.996,12.193,90,1669919123,6,10
64,-78.6965224,35.7267044,49.998,12.193,89,1669919124,6,10
65,-78.6965203,35.7266603,49.997,12.193,89,1669919125,6,10
66,-78.6965182,35.7266163,49.997,12.193,89,1669919126,6,10
67,-78.6965162,35.7265722,49.997,12.193,89,1669919127,6,10
68,-78.6965142,35.7265282,49.994,12.193,89,1669919128,6,10
69,-78.6965122,35.726484,49.995,12.193,88,1669919129,6,10
70,-78.6965101,35.72644,49.997,12.193,88,1669919130,6,10
71,-78.6965081,35.7263959,49.997,12.193,88,1669919131,6,10
72,-78.696506,35.7263518,49.997,12.193,88,1669919132,6,10
73,-78.6965039,35.7263078,49.997,12.193,88,1669919133,6,10
74,-78.6965019,35.7262638,49.997,12.193,88,1669919134,6,10
75,-78.6964999,35.7262197,49.996,12.193,87,1669919135,6,10
76,-78.6964979,35.7261757,49.995,12.193,87,1669919136,6,10
77,-78.6964959,35.7261316,49.995,12.193,87,1669919137,6,10
78,-78.6964939,35.7260876,49.998,12.193,87,1669919138,6,10
79,-78.6964919,35.7260435,49.998,12.193,87,1669919139,6,10
80,-78.6964899,35.7259995,49.999,12.193,87,1669919140,6,10
81,-78.6964879,35.7259554,50,12.193,86,1669919141,6,10
82,-78.6964858,35.7259115,50.001,12.193,86,1669919142,6,10
83,-78.6964838,35.7258675,50.001,12.193,86,1669919143,6,10
84,-78.6964818,35.7258234,50.001,12.193,86,1669919144,6,10
85,-78.6964798,35.7257795,50.001,12.193,86,1669919145,6,10
86,-78.6964778,35.7257355,50.003,12.193,85,1669919146,6,10
87,-78.6964758,35.7256915,50.003,12.193,85,1669919147,6,10
88,-78.6964738,35.7256475,50.001,12.193,85,1669919148,6,10
89,-78.6964719,35.7256035,50.003,12.193,85,1669919149,6,10
90,-78.6964699,35.7255595,50.003,12.193,85,1669919150,6,10
91,-78.6964678,35.7255155,50.004,12.193,85,1669919151,6,10
92,-78.6964658,35.7254716,50.004,12.193,84,1669919152,6,10
93,-78.6964638,35.7254276,50.003,12.193,84,1669919153,6,10
94,-78.6964617,35.7253837,50.002,12.193,84,1669919154,6,10
95,-78.6964597,35.7253397,50.001,12.193,84,1669919155,6,10
96,-78.6964577,35.7252958,50.001,12.193,84,1669919156,6,10
97,-78.6964557,35.7252519,50.001,12.193,83,1669919157,6,10
98,-78.6964537,35.725208,50.003,12.193,83,1669919158,6,10
99,-78.6964517,35.725164,50,12.193,83,1669919159,6,10
100,-78.6964498,35.7251201,50,12.193,83,1669919160,6,10
101,-78.6964478,35.7250761,49.997,12.193,83,1669919161,6,10
102,-78.6964457,35.7250322,49.997,12.193,83,1669919162,6,10
103,-78.6964437,35.7249882,49.994,12.193,82,1669919163,6,10
104,-78.6964417,35.7249443,49.996,12.193,82,1669919164,6,10
105,-78.6964397,35.7249004,49.995,12.193,82,1669919165,6,10
106,-78.6964377,35.7248565,49.995,12.193,82,1669919166,6,10
107,-78.6964357,35.7248126,49.995,12.193,82,1669919167,6,10
108,-78.6964337,35.7247687,49.995,12.193,81,1669919168,6,10
109,-78.6964317,35.7247248,49.996,12.193,81,1669919169,6,10
110,-78.6964297,35.7246809,49.997,12.193,81,1669919170,6,10
111,-78.6964277,35.724637,49.998,12.193,81,1669919171,6,10
112,-78.6964257,35.7245932,50,12.193,81,1669919172,6,10
113,-78.6964237,35.7245493,50.002,12.193,81,1669919173,6,10
114,-78.6964217,35.7245054,50,12.193,80,1669919174,6,10
115,-78.6964197,35.7244615,50.001,12.193,80,1669919175,6,10
116,-78.6964177,35.7244176,50,12.193,80,1669919176,6,10
117,-78.6964157,35.7243736,50.001,12.193,80,1669919177,6,10
118,-78.6964137,35.7243298,50.003,12.193,80,1669919178,6,10
119,-78.6964117,35.7242859,50.001,12.193,79,1669919179,6,10
120,-78.6964097,35.724242,50,12.193,79,1669919180,6,10
121,-78.6964077,35.7241981,50.001,12.193,79,1669919181,6,10
122,-78.6964056,35.7241543,50.002,12.193,79,1669919182,6,10
123,-78.6964036,35.7241105,50.002,12.193,79,1669919183,6,10
124,-78.6964016,35.7240666,50.001,12.193,79,1669919184,6,10
125,-78.6963996,35.7240228,49.999,12.193,78,1669919185,6,10
126,-78.6963976,35.723979,49.999,12.193,78,1669919186,6,10
127,-78.6963957,35.7239352,49.997,12.193,78,1669919187,6,10
128,-78.6963937,35.7238914,49.998,12.193,78,1669919188,6,10
129,-78.6963917,35.7238476,49.997,12.193,78,1669919189,6,10
130,-78.6963896,35.7238039,49.997,12.193,77,1669919190,6,10
131,-78.6963876,35.7237601,49.998,12.193,77,1669919191,6,10
132,-78.6963856,35.7237163,50.001,12.193,77,1669919192,6,10
133,-78.6963837,35.7236725,50.002,12.193,77,1669919193,6,10
134,-78.6963817,35.7236288,50.002,12.193,77,1669919194,6,10
135,-78.6963797,35.723585,50.002,12.193,77,1669919195,6,10
136,-78.6963777,35.7235412,50.001,12.193,76,1669919196,6,10
137,-78.6963757,35.7234975,50.001,12.193,76,1669919197,6,10
138,-78.6963737,35.7234537,50.001,12.193,76,1669919198,6,10
139,-78.6963717,35.72341,49.999,12.193,76,1669919199,6,10
140,-78.6963698,35.7233662,50,12.193,76,1669919200,6,10
141,-78.6963678,35.723323,50,12.193,75,1669919201,6,10
142,-78.6963658,35.7232828,50.002,12.242,75,1669919202,6,10
143,-78.696364,35.7232493,50.005,12.242,75,1669919203,6,10
144,-78.6963622,35.7232254,50,12.242,75,1669919204,6,10
145,-78.6963608,35.7232132,49.992,12.242,75,1669919205,6,10
146,-78.6963604,35.7232119,49.986,12.242,75,1669919206,6,10
147,-78.6963609,35.723219,49.984,12.242,74,1669919207,6,10
148,-78.6963623,35.723233,49.982,12.242,74,1669919208,6,10
149,-78.6963644,35.7232544,49.981,12.193,74,1669919209,6,10
150,-78.6963674,35.723283,49.983,12.193,74,1669919210,6,10
151,-78.6963708,35.7233166,49.982,12.193,74,1669919211,6,10
152,-78.6963743,35.7233535,49.983,12.193,74,1669919212,6,10
153,-78.696378,35.7233926,49.986,12.193,73,1669919213,6,10
154,-78.6963817,35.7234331,49.988,12.193,73,1669919214,6,10
155,-78.6963854,35.7234746,49.99,12.193,73,1669919215,6,10
156,-78.6963893,35.7235168,49.992,12.193,73,1669919216,6,10
157,-78.6963934,35.7235597,49.993,12.193,73,1669919217,6,10
158,-78.6963975,35.723603,49.994,12.193,72,1669919218,6,10
159,-78.6964017,35.7236466,49.993,12.193,72,1669919219,6,10
160,-78.6964059,35.7236904,49.995,12.193,72,1669919220,6,10
161,-78.6964102,35.7237345,49.995,12.193,72,1669919221,6,10
162,-78.6964144,35.7237786,49.995,12.193,72,1669919222,6,10
163,-78.6964187,35.723823,49.996,12.193,72,1669919223,6,10
164,-78.696423,35.7238675,49.998,12.193,71,1669919224,6,10
165,-78.6964273,35.7239121,49.999,12.193,71,1669919225,6,10
166,-78.6964315,35.7239568,50,12.193,71,1669919226,6,10
167,-78.6964358,35.7240015,50.002,12.193,71,1669919227,6,10
168,-78.6964401,35.7240462,50.004,12.193,71,1669919228,6,10
169,-78.6964443,35.7240909,50.004,12.193,70,1669919229,6,10
170,-78.6964486,35.7241357,50.002,12.193,70,1669919230,6,10
171,-78.6964529,35.7241805,50.001,12.193,70,1669919231,6,10
172,-78.6964571,35.7242253,50.001,12.193,70,1669919232,6,10
173,-78.6964613,35.72427,50,12.193,70,1669919233,6,10
174,-78.6964656,35.7243148,50,12.193,70,1669919234,6,10
175,-78.6964698,35.7243596,50,12.193,69,1669919235,6,10
176,-78.696474,35.7244043,50.001,12.193,69,1669919236,6,10
177,-78.6964782,35.7244491,49.998,12.193,69,1669919237,6,10
178,-78.6964824,35.7244939,49.998,12.193,69,1669919238,6,10
179,-78.6964866,35.7245386,49.996,12.193,69,1669919239,6,10
180,-78.6964909,35.7245835,49.996,12.193,69,1669919240,6,10
181,-78.6964951,35.7246283,49.994,12.193,68,1669919241,6,10
182,-78.6964994,35.724673,49.994,12.193,68,1669919242,6,10
183,-78.6965036,35.7247178,49.994,12.193,68,1669919243,6,10
184,-78.6965079,35.7247626,49.996,12.193,68,1669919244,6,10
185,-78.6965122,35.7248073,49.995,12.193,68,1669919245,6,10
186,-78.6965164,35.7248521,49.995,12.193,67,1669919246,6,10
187,-78.6965206,35.7248969,49.997,12.193,67,1669919247,6,10
188,-78.6965248,35.7249418,49.998,12.193,67,1669919248,6,10
189,-78.6965291,35.7249866,49.997,12.193,67,1669919249,6,10
190,-78.6965333,35.7250315,49.998,12.193,67,1669919250,6,10
191,-78.6965375,35.7250762,49.997,12.193,67,1669919251,6,10
192,-78.6965418,35.7251211,49.997,12.193,66,1669919252,6,10
193,-78.6965461,35.7251658,49.998,12.193,66,1669919253,6,10
194,-78.6965503,35.7252106,49.999,12.193,66,1669919254,6,10
195,-78.6965545,35.7252554,49.998,12.193,66,1669919255,6,10
196,-78.6965587,35.7253002,49.998,12.193,66,1669919256,6,10
197,-78.696563,35.7253449,49.999,12.193,65,1669919257,6,10
198,-78.6965672,35.7253897,49.999,12.193,65,1669919258,6,10
199,-78.6965714,35.7254344,49.998,12.193,65,1669919259,6,10
200,-78.6965756,35.7254792,49.997,12.193,65,1669919260,6,10
201,-78.6965798,35.725524,49.997,12.193,65,1669919261,6,10
202,-78.696584,35.7255688,49.999,12.193,65,1669919262,6,10
203,-78.6965882,35.7256136,50,12.193,64,1669919263,6,10
204,-78.6965924,35.7256583,50.001,12.193,64,1669919264,6,10
205,-78.6965966,35.7257031,50,12.193,64,1669919265,6,10
206,-78.6966008,35.7257478,49.999,12.193,64,1669919266,6,10
207,-78.6966049,35.7257926,49.998,12.193,64,1669919267,6,10
208,-78.696609,35.7258372,49.997,12.193,63,1669919268,6,10
209,-78.6966132,35.7258819,49.997,12.193,63,1669919269,6,10
210,-78.6966174,35.7259266,49.996,12.193,63,1669919270,6,10
211,-78.6966216,35.7259714,49.996,12.193,63,1669919271,6,10
212,-78.6966258,35.7260161,49.998,12.193,63,1669919272,6,10
213,-78.69663,35.7260608,49.997,12.193,63,1669919273,6,10
214,-78.6966342,35.7261055,49.996,12.193,62,1669919274,6,10
215,-78.6966384,35.7261503,49.997,12.193,62,1669919275,6,10
216,-78.6966425,35.726195,49.998,12.193,62,1669919276,6,10
217,-78.6966467,35.7262397,50,12.193,62,1669919277,6,10
218,-78.6966509,35.7262844,50,12.193,62,1669919278,6,10
219,-78.6966551,35.7263291,50,12.193,61,1669919279,6,10
220,-78.6966593,35.7263738,50.001,12.193,61,1669919280,6,10
221,-78.6966636,35.7264185,50,12.193,61,1669919281,6,10
222,-78.6966677,35.7264632,49.998,12.193,61,1669919282,6,10
223,-78.6966719,35.7265079,49.997,12.193,61,1669919283,6,10
224,-78.696676,35.7265526,49.998,12.193,61,1669919284,6,10
225,-78.6966801,35.7265972,49.997,12.193,60,1669919285,6,10
226,-78.6966843,35.7266419,49.997,12.193,60,1669919286,6,10
227,-78.6966885,35.7266866,49.998,12.193,60,1669919287,6,10
228,-78.6966927,35.7267314,50,12.193,60,1669919288,6,10
229,-78.6966969,35.7267762,50,12.193,60,1669919289,6,10
230,-78.6967011,35.726821,50,12.193,59,1669919290,6,10
231,-78.6967053,35.7268658,49.997,12.193,59,1669919291,6,10
232,-78.6967095,35.7269105,50,12.193,59,1669919292,6,10
233,-78.6967136,35.7269551,49.998,12.193,59,1669919293,6,10
234,-78.6967178,35.7269998,49.998,12.193,59,1669919294,6,10
235,-78.696722,35.7270445,49.998,12.193,59,1669919295,6,10
236,-78.6967262,35.7270893,49.997,12.193,58,1669919296,6,10
237,-78.6967303,35.7271341,50,12.193,58,1669919297,6,10
238,-78.6967345,35.7271788,50,12.193,58,1669919298,6,10
239,-78.6967386,35.7272235,49.999,12.193,58,1669919299,6,10
240,-78.6967417,35.7272571,49.999,12.193,58,1669919300,6,10
241,-78.6967469,35.7273129,50.002,12.193,57,1669919301,6,10
242,-78.6967501,35.7273464,50.001,12.193,57,1669919302,6,10
243,-78.6967543,35.727391,50,12.193,57,1669919303,6,10
244,-78.6967595,35.7274469,50,12.193,57,1669919304,6,10
245,-78.6967627,35.7274805,50,12.193,57,1669919305,6,10
246,-78.6967669,35.7275252,50.002,12.193,57,1669919306,6,10
247,-78.6967721,35.7275811,50.002,12.193,56,1669919307,6,10
248,-78.6967753,35.7276146,50.003,12.193,56,1669919308,6,10
249,-78.6967795,35.7276594,50.004,12.193,56,1669919309,6,10
250,-78.6967837,35.7277041,50.003,12.193,56,1669919310,6,10
251,-78.6967889,35.7277601,50.001,12.193,56,1669919311,6,10
252,-78.6967921,35.7277936,50,12.193,56,1669919312,6,10
253,-78.6967962,35.7278384,50,12.193,55,1669919313,6,10
254,-78.6968003,35.7278831,50,12.193,55,1669919314,6,10
255,-78.6968044,35.7279278,49.999,12.193,55,1669919315,6,10
256,-78.6968086,35.7279725,49.999,12.193,55,1669919316,6,10
257,-78.6968138,35.7280283,49.997,12.193,55,1669919317,6,10
258,-78.696817,35.7280619,49.997,12.193,54,1669919318,6,10
259,-78.6968212,35.7281066,49.998,12.193,54,1669919319,6,10
260,-78.6968254,35.7281513,49.998,12.193,54,1669919320,6,10
261,-78.6968296,35.728196,49.997,12.193,54,1669919321,6,10
262,-78.6968338,35.7282408,49.996,12.193,54,1669919322,6,10
263,-78.6968391,35.7282967,49.998,12.193,53,1669919323,6,10
264,-78.6968421,35.7283303,49.998,12.193,53,1669919324,6,10
265,-78.6968473,35.7283862,49.997,12.193,53,1669919325,6,10
266,-78.6968515,35.728431,49.997,12.193,53,1669919326,6,10
267,-78.6968547,35.7284645,49.999,12.193,53,1669919327,6,10
268,-78.6968599,35.7285205,50.001,12.193,53,1669919328,6,10
269,-78.6968631,35.728554,49.999,12.193,52,1669919329,6,10
270,-78.6968672,35.7285988,49.998,12.193,52,1669919330,6,10
271,-78.6968714,35.7286435,49.997,12.193,52,1669919331,6,10
272,-78.6968767,35.7286994,49.997,12.193,52,1669919332,6,10
273,-78.6968808,35.7287441,49.997,12.193,52,1669919333,6,10
274,-78.696885,35.7287887,49.996,12.193,52,1669919334,6,10
275,-78.6968881,35.7288223,49.995,12.193,51,1669919335,6,10
276,-78.6968923,35.728867,49.994,12.193,51,1669919336,6,10
277,-78.6968965,35.7289118,49.994,12.193,51,1669919337,6,10
278,-78.6969007,35.7289565,49.994,12.193,51,1669919338,6,10
279,-78.6969059,35.7290125,49.994,12.193,51,1669919339,6,10
280,-78.696909,35.7290461,49.994,12.193,50,1669919340,6,10
281,-78.6969132,35.7290908,49.995,12.193,50,1669919341,6,10
282,-78.6969173,35.7291356,49.996,12.193,50,1669919342,6,10
283,-78.6969226,35.7291915,49.997,12.193,50,1669919343,6,10
284,-78.6969257,35.729225,49.998,12.193,50,1669919344,6,10
285,-78.6969299,35.7292697,50.001,12.193,50,1669919345,6,10
286,-78.6969351,35.7293256,50.001,12.193,49,1669919346,6,10
287,-78.6969383,35.7293591,50,12.193,49,1669919347,6,10
288,-78.6969425,35.7294039,50.001,12.193,49,1669919348,6,10
289,-78.6969467,35.7294486,50.001,12.193,49,1669919349,6,10
290,-78.6969509,35.7294934,50.003,12.193,49,1669919350,6,10
291,-78.6969561,35.7295493,50,12.193,48,1669919351,6,10
292,-78.6969603,35.729594,50,12.193,48,1669919352,6,10
293,-78.6969634,35.7296275,50,12.193,48,1669919353,6,10
294,-78.6969676,35.7296722,50,12.193,48,1669919354,6,10
295,-78.6969718,35.7297171,49.999,12.193,48,1669919355,6,10
296,-78.6969759,35.7297618,50,12.193,48,1669919356,6,10
297,-78.6969801,35.7298065,50,12.193,47,1669919357,6,10
298,-78.6969843,35.7298513,50.002,12.193,47,1669919358,6,10
299,-78.6969884,35.7298961,50.005,12.193,47,1669919359,6,10
300,-78.6969937,35.7299521,50.007,12.193,47,1669919360,6,10
301,-78.6969968,35.7299856,50.007,12.193,47,1669919361,6,10
302,-78.697001,35.7300303,50.006,12.193,46,1669919362,6,10
303,-78.6970052,35.7300751,50.005,12.193,46,1669919363,6,10
304,-78.6970094,35.7301198,50.004,12.193,46,1669919364,6,10
305,-78.6970136,35.7301645,50.004,12.193,46,1669919365,6,10
306,-78.6970178,35.7302093,50.004,12.193,46,1669919366,6,10
307,-78.6970219,35.7302526,50.007,12.242,46,1669919367,6,10
308,-78.6970254,35.7302913,50.009,12.242,45,1669919368,6,10
309,-78.6970279,35.730322,50.01,12.242,45,1669919369,6,10
310,-78.6970295,35.7303417,50.008,12.242,45,1669919370,6,10
311,-78.6970299,35.7303483,50.005,12.242,45,1669919371,6,10
312,-78.6970297,35.7303444,50,12.242,45,1669919372,6,10
313,-78.6970294,35.7303323,49.996,12.242,45,1669919373,6,10
314,-78.697029,35.7303125,49.994,12.242,44,1669919374,6,10
315,-78.6970286,35.7302852,49.996,12.193,44,1669919375,6,10
316,-78.6970282,35.7302526,49.997,12.193,44,1669919376,6,10
317,-78.6970278,35.7302163,49.997,12.193,44,1669919377,6,10
318,-78.6970273,35.7301778,49.998,12.193,44,1669919378,6,10
319,-78.6970268,35.7301377,50.001,12.193,43,1669919379,6,10
320,-78.6970263,35.7300965,50.003,12.193,43,1669919381,6,10
321,-78.6970256,35.7300545,50.003,12.193,43,1669919382,6,10
322,-78.6970248,35.7300118,50.003,12.193,43,1669919383,6,10
323,-78.697024,35.7299687,50.003,12.193,43,1669919384,6,10
324,-78.6970232,35.7299251,50.002,12.193,43,1669919385,6,10
325,-78.6970223,35.7298813,50.001,12.193,42,1669919386,6,10
326,-78.6970214,35.7298371,50.001,12.193,42,1669919387,6,10
327,-78.6970206,35.7297928,50.001,12.193,42,1669919388,6,10
328,-78.6970198,35.7297483,50.002,12.193,42,1669919389,6,10
329,-78.697019,35.7297037,50.002,12.193,42,1669919390,6,10
330,-78.6970182,35.729659,50.003,12.193,41,1669919391,6,10
331,-78.6970174,35.7296143,50.004,12.193,41,1669919392,6,10
332,-78.6970166,35.7295695,50.003,12.193,41,1669919393,6,10
333,-78.6970158,35.7295247,50.002,12.193,41,1669919394,6,10
334,-78.697015,35.7294798,50,12.193,41,1669919395,6,10
335,-78.6970142,35.729435,50.001,12.193,41,1669919396,6,10
336,-78.6970135,35.7293901,50.003,12.193,40,1669919397,6,10
337,-78.6970127,35.7293451,50.003,12.193,40,1669919398,6,10
338,-78.697012,35.7293002,50.001,12.193,40,1669919399,6,10
339,-78.6970112,35.7292553,49.999,12.193,40,1669919400,6,10
340,-78.6970104,35.7292104,50,12.193,40,1669919401,6,10
341,-78.6970096,35.7291655,49.999,12.193,39,1669919402,6,10
342,-78.6970089,35.7291205,50.001,12.193,39,1669919403,6,10
343,-78.6970081,35.7290756,50,12.193,39,1669919404,6,10
344,-78.6970073,35.7290306,50,12.193,39,1669919405,6,10
345,-78.6970065,35.7289857,50,12.193,39,1669919406,6,10
346,-78.6970057,35.7289408,50.002,12.193,39,1669919407,6,10
347,-78.697005,35.7288958,50.004,12.193,38,1669919408,6,10
348,-78.6970042,35.7288508,50.003,12.193,38,1669919409,6,10
349,-78.6970035,35.7288059,50.004,12.193,38,1669919410,6,10
350,-78.6970027,35.7287609,50.004,12.193,38,1669919411,6,10
351,-78.697002,35.7287159,50.004,12.193,38,1669919412,6,10
352,-78.6970013,35.728671,50.003,12.193,38,1669919413,6,10
353,-78.6970006,35.728626,50.003,12.193,37,1669919414,6,10
354,-78.6969998,35.7285811,50.003,12.193,37,1669919415,6,10
355,-78.696999,35.7285362,50.003,12.193,37,1669919416,6,10
356,-78.6969981,35.7284913,50.005,12.193,37,1669919417,6,10
357,-78.6969973,35.7284464,50.003,12.193,37,1669919418,6,10
358,-78.6969966,35.7284014,50.004,12.193,36,1669919419,6,10
359,-78.6969958,35.7283565,50.003,12.193,36,1669919420,6,10
360,-78.696995,35.7283115,50,12.193,36,1669919421,6,10
361,-78.6969943,35.7282666,49.999,12.193,36,1669919422,6,10
362,-78.6969936,35.7282216,49.997,12.193,36,1669919423,6,10
363,-78.6969928,35.7281766,49.997,12.193,36,1669919424,6,10
364,-78.6969921,35.7281316,49.996,12.193,35,1669919425,6,10
365,-78.6969913,35.7280867,49.995,12.193,35,1669919426,6,10
366,-78.6969906,35.7280417,49.997,12.193,35,1669919427,6,10
367,-78.6969898,35.7279968,49.997,12.193,35,1669919428,6,10
368,-78.696989,35.7279519,49.997,12.193,35,1669919429,6,10
369,-78.6969882,35.7279069,49.997,12.193,34,1669919430,6,10
370,-78.6969874,35.727862,49.999,12.193,34,1669919431,6,10
371,-78.6969867,35.727817,49.998,12.193,34,1669919432,6,10
372,-78.6969859,35.727772,49.997,12.193,34,1669919433,6,10
373,-78.6969851,35.7277271,49.996,12.193,34,1669919434,6,10
374,-78.6969844,35.7276821,49.996,12.193,34,1669919435,6,10
375,-78.6969836,35.7276371,49.993,12.193,33,1669919436,6,10
376,-78.6969829,35.7275921,49.994,12.193,33,1669919437,6,10
377,-78.6969822,35.7275472,49.994,12.193,33,1669919438,6,10
378,-78.6969815,35.7275023,49.995,12.193,33,1669919439,6,10
379,-78.6969808,35.7274574,49.995,12.193,33,1669919440,6,10
380,-78.69698,35.7274124,49.996,12.193,32,1669919441,6,10
381,-78.6969793,35.7273675,49.998,12.193,32,1669919442,6,10
382,-78.6969785,35.7273225,49.998,12.193,32,1669919443,6,10
383,-78.6969777,35.7272777,49.997,12.193,32,1669919444,6,10
384,-78.6969769,35.7272328,49.998,12.193,32,1669919445,6,10
385,-78.6969761,35.7271879,50,12.193,32,1669919446,6,10
386,-78.6969753,35.7271429,49.999,12.193,31,1669919447,6,10
387,-78.6969745,35.727098,49.997,12.193,31,1669919448,6,10
388,-78.6969738,35.727053,49.997,12.193,31,1669919449,6,10
389,-78.696973,35.7270079,49.999,12.193,31,1669919450,6,10
390,-78.6969723,35.7269629,50.001,12.193,31,1669919451,6,10
391,-78.6969715,35.726918,50.001,12.193,30,1669919452,6,10
392,-78.6969707,35.7268731,50.001,12.193,30,1669919453,6,10
393,-78.6969701,35.7268282,50,12.193,30,1669919454,6,10
394,-78.6969693,35.7267832,50.003,12.193,30,1669919455,6,10
395,-78.6969685,35.7267382,50.004,12.193,30,1669919456,6,10
396,-78.6969677,35.7266932,50.004,12.193,30,1669919457,6,10
397,-78.696967,35.7266483,50.005,12.193,29,1669919458,6,10
398,-78.6969662,35.7266034,50.006,12.193,29,1669919459,6,10
399,-78.6969655,35.7265584,50.005,12.193,29,1669919460,6,10
400,-78.6969648,35.7265135,50.003,12.193,29,1669919461,6,10
401,-78.696964,35.7264686,50,12.193,29,1669919462,6,10
402,-78.6969632,35.7264237,49.999,12.193,28,1669919463,6,10
403,-78.6969625,35.7263787,50.001,12.193,28,1669919464,6,10
404,-78.6969617,35.7263338,50.001,12.193,28,1669919465,6,10
405,-78.6969609,35.7262889,49.999,12.193,28,1669919466,6,10
406,-78.6969601,35.726244,50.001,12.193,28,1669919467,6,10
407,-78.6969594,35.726199,49.999,12.193,28,1669919468,6,10
408,-78.6969587,35.7261541,50,12.193,27,1669919469,6,10
409,-78.6969579,35.7261091,50.002,12.193,27,1669919470,6,10
410,-78.6969572,35.7260642,50,12.193,27,1669919471,6,10
411,-78.6969564,35.7260193,50.002,12.193,27,1669919472,6,10
412,-78.6969557,35.7259743,50.004,12.193,27,1669919473,6,10
413,-78.6969549,35.7259294,50.004,12.193,26,1669919474,6,10
414,-78.6969542,35.7258845,50.004,12.193,26,1669919475,6,10
415,-78.6969534,35.7258395,50.004,12.193,26,1669919476,6,10
416,-78.6969527,35.7257945,50.004,12.193,26,1669919477,6,10
417,-78.6969519,35.7257496,50.004,12.193,26,1669919478,6,10
418,-78.6969511,35.7257047,50.003,12.193,26,1669919479,6,10
419,-78.6969503,35.7256597,50.001,12.193,25,1669919480,6,10
420,-78.6969496,35.7256148,50,12.193,25,1669919481,6,10
421,-78.6969488,35.7255699,50.001,12.193,25,1669919482,6,10
422,-78.6969481,35.7255249,50.001,12.193,25,1669919483,6,10
423,-78.6969474,35.72548,50,12.193,25,1669919484,6,10
424,-78.6969466,35.7254351,49.999,12.193,24,1669919485,6,10
425,-78.6969458,35.7253901,49.997,12.193,24,1669919486,6,10
426,-78.6969451,35.7253452,49.999,12.193,24,1669919487,6,10
427,-78.6969444,35.7253003,50.002,12.193,24,1669919488,6,10
428,-78.6969436,35.7252554,50.002,12.193,24,1669919489,6,10
429,-78.6969429,35.7252104,50,12.193,24,1669919490,6,10
430,-78.6969421,35.7251654,50.001,12.193,23,1669919491,6,10
431,-78.6969413,35.7251205,50.004,12.193,23,1669919492,6,10
432,-78.6969405,35.7250756,50.004,12.193,23,1669919493,6,10
433,-78.6969398,35.7250306,50.001,12.193,23,1669919494,6,10
434,-78.696939,35.7249856,50.001,12.193,23,1669919495,6,10
435,-78.6969383,35.7249407,50.002,12.193,22,1669919496,6,10
436,-78.6969375,35.7248958,50.001,12.193,22,1669919497,6,10
437,-78.6969367,35.7248508,50.001,12.193,22,1669919498,6,10
438,-78.696936,35.7248058,49.999,12.193,22,1669919499,6,10
439,-78.6969353,35.7247608,49.998,12.193,22,1669919500,6,10
440,-78.6969346,35.7247159,50.001,12.193,22,1669919501,6,10
441,-78.6969339,35.724671,50.001,12.193,21,1669919502,6,10
442,-78.6969331,35.7246261,50.001,12.193,21,1669919503,6,10
443,-78.6969323,35.7245811,50,12.193,21,1669919504,6,10
444,-78.6969316,35.7245361,50.001,12.193,21,1669919505,6,10
445,-78.6969308,35.7244912,50,12.193,21,1669919506,6,10
446,-78.69693,35.7244463,50,12.193,20,1669919507,6,10
447,-78.6969293,35.7244013,49.998,12.193,20,1669919508,6,10
448,-78.6969285,35.7243564,49.997,12.193,20,1669919509,6,10
449,-78.6969278,35.7243115,49.997,12.193,20,1669919510,6,10
450,-78.696927,35.7242665,49.997,12.193,20,1669919511,6,10
451,-78.6969263,35.7242215,49.996,12.193,20,1669919512,6,10
452,-78.6969255,35.7241766,49.995,12.193,19,1669919513,6,10
453,-78.6969247,35.7241317,49.996,12.193,19,1669919514,6,10
454,-78.6969239,35.7240868,49.996,12.193,19,1669919515,6,10
455,-78.6969232,35.7240418,49.996,12.193,19,1669919516,6,10
456,-78.6969225,35.7239969,49.998,12.193,19,1669919517,6,10
457,-78.6969218,35.723952,49.998,12.193,19,1669919518,6,10
458,-78.6969211,35.7239071,49.999,12.193,18,1669919519,6,10
459,-78.6969203,35.7238621,49.999,12.193,18,1669919520,6,10
460,-78.6969196,35.7238172,49.998,12.193,18,1669919521,6,10
461,-78.6969188,35.7237722,49.999,12.193,18,1669919522,6,10
462,-78.6969181,35.7237273,49.999,12.193,18,1669919523,6,10
463,-78.6969173,35.7236823,49.999,12.193,17,1669919524,6,10
464,-78.6969165,35.7236375,50,12.193,17,1669919525,6,10
465,-78.6969158,35.7235925,50.002,12.193,17,1669919526,6,10
466,-78.696915,35.7235476,50.001,12.193,17,1669919527,6,10
467,-78.6969143,35.7235026,50.002,12.193,17,1669919528,6,10
468,-78.6969136,35.7234577,50.001,12.193,17,1669919529,6,10
469,-78.6969128,35.7234128,50,12.193,16,1669919530,6,10
470,-78.696912,35.7233679,50.002,12.193,16,1669919531,6,10
471,-78.6969112,35.7233234,50.003,12.193,16,1669919532,6,10
472,-78.6969107,35.723282,50.008,12.242,16,1669919533,6,10
473,-78.6969106,35.7232475,50.013,12.242,16,1669919534,6,10
474,-78.6969113,35.7232233,50.016,12.242,15,1669919535,6,10
475,-78.6969124,35.7232127,50.017,12.242,15,1669919536,6,10
476,-78.6969131,35.7232144,50.017,12.242,15,1669919537,6,10
477,-78.6969141,35.7232253,50.015,12.242,15,1669919538,6,10
478,-78.6969155,35.7232444,50.012,12.242,15,1669919539,6,10
479,-78.6969176,35.723271,50.012,12.193,15,1669919540,6,10
480,-78.6969205,35.723303,50.012,12.193,14,1669919541,6,10
481,-78.6969239,35.7233385,50.013,12.193,14,1669919542,6,10
482,-78.6969277,35.7233765,50.014,12.193,14,1669919543,6,10
483,-78.6969318,35.723416,50.012,12.193,14,1669919544,6,10
484,-78.6969362,35.7234567,50.01,12.193,14,1669919545,6,10
485,-78.6969406,35.7234983,50.009,12.193,13,1669919546,6,10
486,-78.6969449,35.7235406,50.006,12.193,13,1669919547,6,10
487,-78.6969493,35.7235834,50.004,12.193,13,1669919548,6,10
488,-78.6969537,35.7236266,50.002,12.193,13,1669919549,6,10
489,-78.696958,35.7236699,50.002,12.193,13,1669919550,6,10
490,-78.6969624,35.7237132,50.001,12.193,13,1669919551,6,10
491,-78.6969667,35.7237566,50.001,12.193,12,1669919552,6,10
492,-78.6969711,35.7237999,50.001,12.193,12,1669919553,6,10
493,-78.6969755,35.7238433,50.001,12.193,12,1669919554,6,10
494,-78.6969799,35.7238867,50.004,12.193,12,1669919555,6,10
495,-78.6969842,35.72393,50.004,12.193,12,1669919556,6,10
496,-78.6969886,35.7239734,50.002,12.193,12,1669919557,6,10
497,-78.696993,35.7240168,50,12.193,11,1669919558,6,10
498,-78.6969974,35.7240601,50.002,12.193,11,1669919559,6,10
499,-78.6970018,35.7241035,50.002,12.193,11,1669919560,6,10
500,-78.6970062,35.7241469,50.004,12.193,11,1669919561,6,10
501,-78.6970105,35.7241902,50.004,12.193,11,1669919562,6,10
502,-78.697015,35.7242336,50.004,12.193,10,1669919563,6,10
503,-78.6970194,35.724277,50.005,12.193,10,1669919564,6,10
504,-78.6970239,35.7243204,50.003,12.193,10,1669919565,6,10
505,-78.6970283,35.7243639,50.002,12.193,10,1669919566,6,10
506,-78.6970326,35.7244073,50,12.193,10,1669919567,6,10
507,-78.697037,35.7244508,49.999,12.193,10,1669919568,6,10
508,-78.6970414,35.7244942,49.998,12.193,9,1669919569,6,10
509,-78.6970459,35.7245377,49.998,12.193,9,1669919570,6,10
510,-78.6970504,35.7245812,49.998,12.193,9,1669919571,6,10
511,-78.6970548,35.7246247,49.996,12.193,9,1669919572,6,10
512,-78.6970593,35.7246681,49.995,12.193,9,1669919573,6,10
513,-78.6970638,35.7247118,49.995,12.193,8,1669919574,6,10
514,-78.6970683,35.7247554,49.997,12.193,8,1669919575,6,10
515,-78.6970727,35.724799,49.997,12.193,8,1669919576,6,10
516,-78.6970772,35.7248426,49.998,12.193,8,1669919577,6,10
517,-78.6970816,35.7248862,49.998,12.193,8,1669919578,6,10
518,-78.6970861,35.7249298,49.998,12.193,8,1669919579,6,10
519,-78.6970905,35.7249734,49.999,12.193,7,1669919580,6,10
520,-78.697095,35.7250171,50.001,12.193,7,1669919581,6,10
521,-78.6970995,35.7250607,50.002,12.193,7,1669919582,6,10
522,-78.697104,35.7251044,50.005,12.193,7,1669919583,6,10
523,-78.6971084,35.7251481,50.003,12.193,7,1669919584,6,10
524,-78.6971128,35.7251919,50.001,12.193,6,1669919585,6,10
525,-78.6971173,35.7252356,49.999,12.193,6,1669919586,6,10
526,-78.6971218,35.7252794,49.998,12.193,6,1669919587,6,10
527,-78.6971262,35.7253231,49.997,12.193,6,1669919588,6,10
528,-78.6971307,35.7253669,49.998,12.193,6,1669919589,6,10
529,-78.6971353,35.7254107,50.001,12.193,6,1669919590,6,10
530,-78.6971398,35.7254545,50,12.193,5,1669919591,6,10
531,-78.6971444,35.7254983,50,12.193,5,1669919592,6,10
532,-78.6971488,35.7255421,49.998,12.193,5,1669919593,6,10
533,-78.6971532,35.7255859,49.995,12.193,5,1669919594,6,10
534,-78.6971577,35.7256298,49.998,12.193,5,1669919595,6,10
535,-78.6971622,35.7256736,49.997,12.193,4,1669919596,6,10
536,-78.6971667,35.7257175,49.996,12.193,4,1669919597,6,10
537,-78.6971713,35.7257614,49.997,12.193,4,1669919598,6,10
538,-78.6971757,35.7258053,49.997,12.193,4,1669919599,6,10
539,-78.6971802,35.7258492,50.001,12.193,4,1669919600,6,10
540,-78.6971847,35.7258932,50.004,12.193,4,1669919601,6,10
541,-78.6971892,35.7259371,50.003,12.193,3,1669919602,6,10
542,-78.6971937,35.7259811,50.002,12.193,3,1669919603,6,10
543,-78.6971982,35.7260251,50,12.193,3,1669919604,6,10
544,-78.6972027,35.7260691,49.998,12.193,3,1669919605,6,10
545,-78.6972072,35.7261131,49.998,12.193,3,1669919606,6,10
546,-78.6972117,35.7261572,49.997,12.193,2,1669919607,6,10
547,-78.6972162,35.7262012,49.996,12.193,2,1669919608,6,10
548,-78.6972208,35.7262453,49.994,12.193,2,1669919609,6,10
549,-78.6972253,35.7262894,49.995,12.193,2,1669919610,6,10
550,-78.6972299,35.7263334,49.998,12.193,2,1669919611,6,10
551,-78.6972343,35.7263774,49.999,12.193,2,1669919612,6,10
552,-78.6972388,35.7264215,50,12.193,1,1669919613,6,10
553,-78.6972433,35.7264656,49.999,12.193,1,1669919614,6,10
554,-78.6972478,35.7265097,50,12.193,1,1669919615,6,10
555,-78.6972523,35.7265539,50.001,12.193,1,1669919616,6,10
556,-78.6972568,35.726598,50.001,12.193,1,1669919617,6,10
557,-78.6972613,35.7266422,50.001,12.193,1,1669919618,6,10
558,-78.6972659,35.7266863,50,12.193,0,1669919619,6,10
559,-78.6972704,35.7267305,50.001,12.193,0,1669919620,6,10
560,-78.6972749,35.7267747,50,12.193,0,1669919621,6,10
561,-78.6972795,35.7268189,49.999,12.193,0,1669919622,6,10
562,-78.697284,35.7268631,49.996,12.193,0,1669919623,6,10
563,-78.6972886,35.7269074,49.996,12.193,0,1669919624,6,10
564,-78.6972931,35.7269517,49.997,12.193,0,1669919625,6,10
565,-78.6972976,35.7269959,49.999,12.193,0,1669919626,6,10
566,-78.6973021,35.7270402,49.999,12.193,0,1669919627,6,10
567,-78.6973066,35.7270845,49.996,12.193,0,1669919628,6,10
568,-78.6973112,35.7271288,49.996,12.193,0,1669919629,6,10
569,-78.6973157,35.7271731,49.997,12.193,0,1669919630,6,10
570,-78.6973203,35.7272174,49.998,12.193,0,1669919631,6,10
571,-78.6973248,35.7272618,49.999,12.193,0,1669919632,6,10
572,-78.6973294,35.727306,50,12.193,0,1669919633,6,10
573,-78.6973339,35.7273503,50,12.193,0,1669919634,6,10
574,-78.6973385,35.7273947,50,12.193,0,1669919635,6,10
575,-78.697343,35.7274391,50,12.193,0,1669919636,6,10
576,-78.6973475,35.7274835,50,12.193,0,1669919637,6,10
577,-78.6973521,35.7275279,50,12.193,0,1669919638,6,10
578,-78.6973566,35.7275723,50,12.193,0,1669919639,6,10
579,-78.6973612,35.7276167,50,12.193,0,1669919640,6,10
580,-78.6973657,35.7276611,49.999,12.193,0,1669919641,6,10
581,-78.6973702,35.7277056,50,12.193,0,1669919642,6,10
582,-78.6973748,35.7277501,50,12.193,0,1669919643,6,10
583,-78.6973793,35.7277945,49.999,12.193,0,1669919644,6,10
584,-78.6973838,35.727839,49.999,12.193,0,1669919645,6,10
585,-78.6973884,35.7278835,49.999,12.193,0,1669919646,6,10
586,-78.6973929,35.727928,49.998,12.193,0,1669919647,6,10
587,-78.6973975,35.7279725,50,12.193,0,1669919648,6,10
588,-78.6974021,35.728017,50,12.193,0,1669919649,6,10
589,-78.6974067,35.7280615,50.001,12.193,0,1669919650,6,10
590,-78.6974113,35.7281061,50.002,12.193,0,1669919651,6,10
591,-78.6974159,35.7281506,50.003,12.193,0,1669919652,6,10
592,-78.6974204,35.7281953,50.004,12.193,0,1669919653,6,10
593,-78.697425,35.7282398,50.003,12.193,0,1669919654,6,10
594,-78.6974296,35.7282844,50.003,12.193,0,1669919655,6,10
595,-78.6974341,35.728329,50.002,12.193,0,1669919656,6,10
596,-78.6974387,35.7283737,50.003,12.193,0,1669919657,6,10
597,-78.6974432,35.7284182,50.002,12.193,0,1669919658,6,10
598,-78.6974478,35.7284629,50.001,12.193,0,1669919659,6,10
599,-78.6974523,35.7285075,50,12.193,0,1669919660,6,10
600,-78.6974569,35.7285522,50,12.193,0,1669919661,6,10
601,-78.6974615,35.7285969,50,12.193,0,1669919662,6,10
602,-78.697466,35.7286415,50,12.193,0,1669919663,6,10
603,-78.6974706,35.7286862,50,12.193,0,1669919664,6,10
604,-78.6974751,35.7287308,50,12.193,0,1669919665,6,10
605,-78.6974797,35.7287755,50,12.193,0,1669919666,6,10
606,-78.6974842,35.7288202,50,12.193,0,1669919667,6,10
607,-78.6974889,35.7288649,49.999,12.193,0,1669919668,6,10
608,-78.6974935,35.7289097,49.996,12.193,0,1669919669,6,10
609,-78.697498,35.7289545,49.997,12.193,0,1669919670,6,10
610,-78.6975026,35.7289992,49.998,12.193,0,1669919671,6,10
611,-78.6975072,35.729044,50,12.193,0,1669919672,6,10
612,-78.6975119,35.7290887,50,12.193,0,1669919673,6,10
613,-78.6975165,35.7291335,50,12.193,0,1669919674,6,10
614,-78.697521,35.7291783,50.001,12.193,0,1669919675,6,10
615,-78.6975256,35.7292231,50,12.193,0,1669919676,6,10
616,-78.6975302,35.7292678,50,12.193,0,1669919677,6,10
617,-78.6975347,35.7293127,49.999,12.193,0,1669919678,6,10
618,-78.6975392,35.7293575,49.999,12.193,0,1669919679,6,10
619,-78.6975439,35.7294023,49.999,12.193,0,1669919680,6,10
620,-78.6975485,35.7294471,50.001,12.193,0,1669919681,6,10
621,-78.6975531,35.7294919,50,12.193,0,1669919682,6,10
622,-78.6975577,35.7295367,50,12.193,0,1669919683,6,10
623,-78.6975623,35.7295814,49.998,12.193,0,1669919684,6,10
624,-78.6975669,35.7296262,49.996,12.193,0,1669919685,6,10
625,-78.6975715,35.7296711,49.997,12.193,0,1669919686,6,10
626,-78.697576,35.7297158,49.996,12.193,0,1669919687,6,10
627,-78.6975805,35.7297606,49.993,12.193,0,1669919688,6,10
628,-78.6975851,35.7298055,49.993,12.193,0,1669919689,6,10
629,-78.6975885,35.7298391,49.994,12.193,0,1669919690,6,10
630,-78.6975931,35.7298839,49.994,12.193,0,1669919691,6,10
631,-78.6975988,35.72994,49.993,12.193,0,1669919692,6,10
632,-78.6976022,35.7299736,49.994,12.193,0,1669919693,6,10
633,-78.6976068,35.7300184,49.995,12.193,0,1669919694,6,10
634,-78.6976126,35.7300744,49.995,12.193,0,1669919695,6,10
635,-78.6976172,35.7301192,49.997,12.193,0,1669919696,6,10
636,-78.6976206,35.7301525,50,12.193,0,1669919697,6,10
637,-78.6976248,35.7301943,50.004,12.242,0,1669919698,6,10
638,-78.6976285,35.7302299,50.006,12.242,0,1669919699,6,10
639,-78.697631,35.730256,50.007,12.242,0,1669919700,6,10
640,-78.6976322,35.7302696,50.006,12.242,0,1669919701,6,10
641,-78.6976324,35.7302711,50.003,12.242,0,1669919702,6,10
642,-78.6976321,35.730263,50.003,12.242,0,1669919703,6,10
643,-78.6976316,35.7302472,49.999,12.242,0,1669919704,6,10
644,-78.697631,35.7302235,49.998,12.193,0,1669919705,6,10
645,-78.6976303,35.7301933,50.003,12.193,0,1669919706,6,10
646,-78.6976296,35.7301588,50.003,12.193,0,1669919707,6,10
647,-78.6976288,35.7301214,50.002,12.193,0,1669919708,6,10
648,-78.6976279,35.7300821,50.003,12.193,0,1669919709,6,10
649,-78.6976269,35.7300415,50.004,12.193,0,1669919710,6,10
650,-78.6976259,35.73,50.003,12.193,0,1669919711,6,10
651,-78.697625,35.7299577,50,12.193,0,1669919712,6,10
652,-78.697624,35.7299148,50,12.193,0,1669919713,6,10
653,-78.6976229,35.7298715,49.999,12.193,0,1669919714,6,10
654,-78.6976218,35.7298279,50,12.193,0,1669919715,6,10
655,-78.6976206,35.729784,50,12.193,0,1669919716,6,10
656,-78.6976195,35.7297399,50.002,12.193,0,1669919717,6,10
657,-78.6976183,35.7296957,50.001,12.193,0,1669919718,6,10
658,-78.6976172,35.7296513,50.001,12.193,0,1669919719,6,10
659,-78.6976161,35.7296069,50.001,12.193,0,1669919720,6,10
660,-78.6976149,35.7295625,50.001,12.193,0,1669919721,6,10
661,-78.6976138,35.729518,49.999,12.193,0,1669919722,6,10
662,-78.6976127,35.7294736,50,12.193,0,1669919723,6,10
663,-78.6976116,35.7294291,50,12.193,0,1669919724,6,10
664,-78.6976105,35.7293847,50,12.193,0,1669919725,6,10
665,-78.6976093,35.7293403,50.002,12.193,0,1669919726,6,10
666,-78.6976082,35.7292959,50.003,12.193,0,1669919727,6,10
667,-78.6976071,35.7292515,50.004,12.193,0,1669919728,6,10
668,-78.6976059,35.729207,50.004,12.193,0,1669919729,6,10
669,-78.6976048,35.7291626,50.004,12.193,0,1669919730,6,10
670,-78.6976036,35.7291183,50.004,12.193,0,1669919731,6,10
671,-78.6976025,35.7290738,50.006,12.193,0,1669919732,6,10
672,-78.6976014,35.7290295,50.006,12.193,0,1669919733,6,10
673,-78.6976004,35.7289851,50.006,12.193,0,1669919734,6,10
674,-78.6975992,35.7289408,50.006,12.193,0,1669919735,6,10
675,-78.697598,35.7288964,50.005,12.193,0,1669919736,6,10
676,-78.6975968,35.728852,50.006,12.193,0,1669919737,6,10
677,-78.6975956,35.7288076,50.006,12.193,0,1669919738,6,10
678,-78.6975945,35.7287633,50.004,12.193,0,1669919739,6,10
679,-78.6975935,35.7287189,50.003,12.193,0,1669919740,6,10
680,-78.6975924,35.7286746,50.003,12.193,0,1669919741,6,10
681,-78.6975913,35.7286303,50.003,12.193,0,1669919742,6,10
682,-78.6975903,35.728586,50.003,12.193,0,1669919743,6,10
683,-78.6975892,35.7285417,50.004,12.193,0,1669919744,6,10
684,-78.697588,35.7284974,50.003,12.193,0,1669919745,6,10
685,-78.6975868,35.7284531,50.003,12.193,0,1669919746,6,10
686,-78.6975856,35.7284089,50.003,12.193,0,1669919747,6,10
687,-78.6975844,35.7283646,50.003,12.193,0,1669919748,6,10
688,-78.6975832,35.7283203,50.003,12.193,0,1669919749,6,10
689,-78.6975821,35.7282761,50.004,12.193,0,1669919750,6,10
690,-78.697581,35.7282319,50.004,12.193,0,1669919751,6,10
691,-78.69758,35.7281877,50.003,12.193,0,1669919752,6,10
692,-78.6975789,35.7281435,50.005,12.193,0,1669919753,6,10
693,-78.6975777,35.7280993,50.005,12.193,0,1669919754,6,10
694,-78.6975766,35.7280551,50.003,12.193,0,1669919755,6,10
695,-78.6975755,35.7280109,50.006,12.193,0,1669919756,6,10
696,-78.6975743,35.7279667,50.006,12.193,0,1669919757,6,10
697,-78.6975733,35.7279226,50.004,12.193,0,1669919758,6,10
698,-78.6975722,35.7278784,50.002,12.193,0,1669919759,6,10
699,-78.697571,35.7278342,50.002,12.193,0,1669919760,6,10
700,-78.6975699,35.72779,50.001,12.193,0,1669919761,6,10
701,-78.6975688,35.7277458,49.999,12.193,0,1669919762,6,10
702,-78.6975677,35.7277017,50.002,12.193,0,1669919763,6,10
703,-78.6975665,35.7276575,50.003,12.193,0,1669919764,6,10
704,-78.6975653,35.7276134,50.001,12.193,0,1669919765,6,10
705,-78.6975641,35.7275693,49.999,12.193,0,1669919766,6,10
706,-78.697563,35.7275252,49.998,12.193,0,1669919767,6,10
707,-78.6975619,35.727481,49.997,12.193,0,1669919768,6,10
708,-78.6975608,35.7274369,49.997,12.193,0,1669919769,6,10
709,-78.6975596,35.7273928,49.998,12.193,0,1669919770,6,10
710,-78.6975585,35.7273487,49.999,12.193,0,1669919771,6,10
711,-78.6975574,35.7273046,50.001,12.193,0,1669919772,6,10
712,-78.6975563,35.7272606,50,12.193,0,1669919773,6,10
713,-78.6975552,35.7272166,50.002,12.193,0,1669919774,6,10
714,-78.697554,35.7271726,50.002,12.193,0,1669919775,6,10
715,-78.6975529,35.7271286,50.005,12.193,0,1669919776,6,10
716,-78.6975518,35.7270846,50.005,12.193,0,1669919777,6,10
717,-78.6975507,35.7270405,50.004,12.193,0,1669919778,6,10
718,-78.6975495,35.7269965,50.004,12.193,0,1669919779,6,10
719,-78.6975483,35.7269524,50.004,12.193,0,1669919780,6,10
720,-78.6975472,35.7269084,50.005,12.193,0,1669919781,6,10
721,-78.697546,35.7268643,50.006,12.193,0,1669919782,6,10
722,-78.6975449,35.7268203,50.006,12.193,0,1669919783,6,10
723,-78.6975438,35.7267764,50.007,12.193,0,1669919784,6,10
724,-78.6975428,35.7267324,50.005,12.193,0,1669919785,6,10
725,-78.6975417,35.7266884,50.002,12.193,0,1669919786,6,10
726,-78.6975406,35.7266444,50.002,12.193,0,1669919787,6,10
727,-78.6975394,35.7266005,50.004,12.193,0,1669919788,6,10
728,-78.6975383,35.7265565,50.002,12.193,0,1669919789,6,10
729,-78.6975372,35.7265127,50.004,12.193,0,1669919790,6,10
730,-78.6975361,35.7264687,50.004,12.193,0,1669919791,6,10
731,-78.6975349,35.7264247,50.004,12.193,0,1669919792,6,10
732,-78.6975338,35.7263808,50.002,12.193,0,1669919793,6,10
733,-78.6975327,35.7263368,50.002,12.193,0,1669919794,6,10
734,-78.6975316,35.7262929,50.003,12.193,0,1669919795,6,10
735,-78.6975305,35.726249,50,12.193,0,1669919796,6,10
736,-78.6975293,35.7262051,50.001,12.193,0,1669919797,6,10
737,-78.6975282,35.7261612,50.001,12.193,0,1669919798,6,10
738,-78.697527,35.7261172,50,12.193,0,1669919799,6,10
739,-78.6975258,35.7260733,50,12.193,0,1669919800,6,10
740,-78.6975247,35.7260294,49.998,12.193,0,1669919801,6,10
741,-78.6975236,35.7259855,50.001,12.193,0,1669919802,6,10
742,-78.6975225,35.7259417,50.002,12.193,0,1669919803,6,10
743,-78.6975214,35.7258978,50.003,12.193,0,1669919804,6,10
744,-78.6975203,35.725854,50.002,12.193,0,1669919805,6,10
745,-78.6975192,35.7258102,50.001,12.193,0,1669919806,6,10
746,-78.6975181,35.7257663,50,12.193,0,1669919807,6,10
747,-78.6975169,35.7257225,50.001,12.193,0,1669919808,6,10
748,-78.6975158,35.7256785,50.001,12.193,0,1669919809,6,10
749,-78.6975147,35.7256347,50,12.193,0,1669919810,6,10
750,-78.6975136,35.725591,50.001,12.193,0,1669919811,6,10
751,-78.6975124,35.7255472,50.001,12.193,0,1669919812,6,10
752,-78.6975113,35.7255034,50.001,12.193,0,1669919813,6,10
753,-78.6975102,35.7254597,50.003,12.193,0,1669919814,6,10
754,-78.6975091,35.7254158,50.004,12.193,0,1669919815,6,10
755,-78.6975079,35.7253721,50.005,12.193,0,1669919816,6,10
756,-78.6975068,35.7253283,50.002,12.193,0,1669919817,6,10
757,-78.6975057,35.7252845,50.001,12.193,0,1669919818,6,10
758,-78.6975045,35.7252407,50.002,12.193,0,1669919819,6,10
759,-78.6975034,35.7251969,49.999,12.193,0,1669919820,6,10
760,-78.6975023,35.7251532,49.998,12.193,0,1669919821,6,10
761,-78.6975012,35.7251094,49.998,12.193,0,1669919822,6,10
762,-78.6975001,35.7250657,49.998,12.193,0,1669919823,6,10
763,-78.6974989,35.7250219,49.997,12.193,0,1669919824,6,10
764,-78.6974978,35.7249782,49.996,12.193,0,1669919825,6,10
765,-78.6974967,35.7249344,49.996,12.193,0,1669919826,6,10
766,-78.6974956,35.7248907,49.996,12.193,0,1669919827,6,10
767,-78.6974945,35.724847,49.996,12.193,0,1669919828,6,10
768,-78.6974934,35.7248033,49.995,12.193,0,1669919829,6,10
769,-78.6974922,35.7247595,49.995,12.193,0,1669919830,6,10
770,-78.6974911,35.7247158,49.997,12.193,0,1669919831,6,10
771,-78.69749,35.724672,49.998,12.193,0,1669919832,6,10
772,-78.6974888,35.7246283,49.998,12.193,0,1669919833,6,10
773,-78.6974878,35.7245847,49.999,12.193,0,1669919834,6,10
774,-78.6974867,35.724541,49.997,12.193,0,1669919835,6,10
775,-78.6974856,35.7244974,49.996,12.193,0,1669919836,6,10
776,-78.6974843,35.7244537,49.996,12.193,0,1669919837,6,10
777,-78.6974832,35.7244101,49.995,12.193,0,1669919838,6,10
778,-78.6974821,35.7243664,49.995,12.193,0,1669919839,6,10
779,-78.6974809,35.7243227,49.995,12.193,0,1669919840,6,10
780,-78.6974798,35.7242791,49.995,12.193,0,1669919841,6,10
781,-78.6974787,35.7242355,49.996,12.193,0,1669919842,6,10
782,-78.6974777,35.7241919,49.996,12.193,0,1669919843,6,10
783,-78.6974766,35.7241483,49.998,12.193,0,1669919844,6,10
784,-78.6974755,35.7241047,50.001,12.193,0,1669919845,6,10
785,-78.6974743,35.7240611,50.002,12.193,0,1669919846,6,10
786,-78.6974731,35.7240175,50.003,12.193,0,1669919847,6,10
787,-78.697472,35.7239739,50.004,12.193,0,1669919848,6,10
788,-78.6974709,35.7239303,50.005,12.193,0,1669919849,6,10
789,-78.6974697,35.7238867,50.002,12.193,0,1669919850,6,10
790,-78.6974686,35.7238431,50.001,12.193,0,1669919851,6,10
791,-78.6974675,35.7237995,49.998,12.193,0,1669919852,6,10
792,-78.6974664,35.7237559,49.998,12.193,0,1669919853,6,10
793,-78.6974653,35.7237123,50,12.193,0,1669919854,6,10
794,-78.6974642,35.7236688,50.001,12.193,0,1669919855,6,10
795,-78.6974631,35.7236253,50.001,12.193,0,1669919856,6,10
796,-78.697462,35.7235817,50.002,12.193,0,1669919857,6,10
797,-78.6974608,35.7235381,50.003,12.193,0,1669919858,6,10
798,-78.6974597,35.7234945,50.004,12.193,0,1669919859,6,10
799,-78.6974585,35.723451,50.005,12.193,0,1669919860,6,10
800,-78.6974573,35.7234074,50.005,12.193,0,1669919861,6,10
801,-78.6974561,35.7233638,50.005,12.193,0,1669919862,6,10
802,-78.6974549,35.723321,50.008,12.242,0,1669919863,6,10
803,-78.6974538,35.7232816,50.009,12.242,0,1669919864,6,10
804,-78.6974526,35.7232493,50.008,12.242,0,1669919865,6,10
805,-78.6974511,35.7232268,50.004,12.242,0,1669919866,6,10
806,-78.6974497,35.723216,49.999,12.242,0,1669919867,6,10
807,-78.6974493,35.7232155,49.992,12.242,0,1669919868,6,10
808,-78.6974499,35.7232232,49.988,12.242,0,1669919869,6,10
809,-78.6974517,35.7232375,49.986,12.242,0,1669919870,6,10
810,-78.6974546,35.7232591,49.986,12.193,0,1669919871,6,10
811,-78.6974586,35.7232879,49.989,12.193,0,1669919872,6,10
812,-78.6974631,35.7233215,49.99,12.193,0,1669919873,6,10
813,-78.6974678,35.7233583,49.992,12.193,0,1669919874,6,10
814,-78.6974726,35.7233972,49.996,12.193,0,1669919875,6,10
815,-78.6974775,35.7234376,50,12.193,0,1669919876,6,10
816,-78.6974826,35.723479,50.001,12.193,0,1669919877,6,10
817,-78.6974878,35.7235211,50.002,12.193,0,1669919878,6,10
818,-78.6974931,35.7235637,50.002,12.193,0,1669919879,6,10
819,-78.6974986,35.7236069,50.002,12.193,0,1669919880,6,10
820,-78.6975042,35.7236504,50.002,12.193,0,1669919881,6,10
821,-78.6975098,35.7236941,50.002,12.193,0,1669919882,6,10
822,-78.6975154,35.723738,50,12.193,0,1669919883,6,10
823,-78.6975211,35.7237821,50,12.193,0,1669919884,6,10
824,-78.6975268,35.7238263,49.998,12.193,0,1669919885,6,10
825,-78.6975326,35.7238705,49.997,12.193,0,1669919886,6,10
826,-78.6975382,35.7239149,49.996,12.193,0,1669919887,6,10
827,-78.6975439,35.7239594,49.997,12.193,0,1669919888,6,10
828,-78.6975495,35.7240039,49.998,12.193,0,1669919889,6,10
829,-78.6975552,35.7240484,49.997,12.193,0,1669919890,6,10
830,-78.6975609,35.7240929,49.997,12.193,0,1669919891,6,10
831,-78.6975666,35.7241374,49.997,12.193,0,1669919892,6,10
832,-78.6975722,35.724182,49.997,12.193,0,1669919893,6,10
833,-78.6975779,35.7242265,49.996,12.193,0,1669919894,6,10
834,-78.6975836,35.7242711,49.998,12.193,0,1669919895,6,10
835,-78.6975893,35.7243157,50,12.193,0,1669919896,6,10
836,-78.697595,35.7243604,50.001,12.193,0,1669919897,6,10
837,-78.6976007,35.7244049,50.004,12.193,0,1669919898,6,10
838,-78.6976064,35.7244496,50.004,12.193,0,1669919899,6,10
839,-78.697612,35.7244942,50.005,12.193,0,1669919900,6,10
840,-78.6976177,35.7245387,50.006,12.193,0,1669919901,6,10
841,-78.6976234,35.7245833,50.005,12.193,0,1669919902,6,10
842,-78.6976292,35.7246279,50.003,12.193,0,1669919903,6,10
843,-78.6976348,35.7246726,50.003,12.193,0,1669919904,6,10
844,-78.6976404,35.7247172,50.001,12.193,0,1669919905,6,10
845,-78.697646,35.7247618,50,12.193,0,1669919906,6,10
846,-78.6976516,35.7248065,50,12.193,0,1669919907,6,10
847,-78.6976573,35.7248511,50.002,12.193,0,1669919908,6,10
848,-78.697663,35.7248957,50.004,12.193,0,1669919909,6,10
849,-78.6976687,35.7249403,50.003,12.193,0,1669919910,6,10
850,-78.6976744,35.7249849,50.003,12.193,0,1669919911,6,10
851,-78.69768,35.7250295,50.003,12.193,0,1669919912,6,10
852,-78.6976857,35.7250741,50.002,12.193,0,1669919913,6,10
853,-78.6976914,35.7251188,50.001,12.193,0,1669919914,6,10
854,-78.697697,35.7251633,50.003,12.193,0,1669919915,6,10
855,-78.6977027,35.725208,50.002,12.193,0,1669919916,6,10
856,-78.6977084,35.7252525,49.999,12.193,0,1669919917,6,10
857,-78.6977141,35.7252972,49.996,12.193,0,1669919918,6,10
858,-78.6977197,35.7253418,49.995,12.193,0,1669919919,6,10
859,-78.6977254,35.7253864,49.994,12.193,0,1669919920,6,10
860,-78.6977311,35.725431,49.995,12.193,0,1669919921,6,10
861,-78.6977368,35.7254757,49.993,12.193,0,1669919922,6,10
862,-78.6977424,35.7255203,49.993,12.193,0,1669919923,6,10
863,-78.6977481,35.725565,49.995,12.193,0,1669919924,6,10
864,-78.6977538,35.7256096,49.997,12.193,0,1669919925,6,10
865,-78.6977594,35.7256542,49.997,12.193,0,1669919926,6,10
866,-78.6977651,35.7256988,49.999,12.193,0,1669919927,6,10
867,-78.6977708,35.7257434,49.997,12.193,0,1669919928,6,10
868,-78.6977764,35.7257881,49.997,12.193,0,1669919929,6,10
869,-78.6977821,35.7258327,49.996,12.193,0,1669919930,6,10
870,-78.6977877,35.7258773,49.996,12.193,0,1669919931,6,10
871,-78.6977934,35.7259219,49.997,12.193,0,1669919932,6,10
872,-78.697799,35.7259665,49.996,12.193,0,1669919933,6,10
873,-78.6978047,35.7260111,49.997,12.193,0,1669919934,6,10
874,-78.6978104,35.7260557,50,12.193,0,1669919935,6,10
875,-78.697816,35.7261003,50,12.193,0,1669919936,6,10
876,-78.6978216,35.726145,49.998,12.193,0,1669919937,6,10
877,-78.6978273,35.7261896,49.996,12.193,0,1669919938,6,10
878,-78.697833,35.7262343,49.997,12.193,0,1669919939,6,10
879,-78.6978387,35.7262789,49.997,12.193,0,1669919940,6,10
880,-78.6978444,35.7263235,49.996,12.193,0,1669919941,6,10
881,-78.69785,35.7263681,49.996,12.193,0,1669919942,6,10
882,-78.6978557,35.7264127,49.997,12.193,0,1669919943,6,10
883,-78.6978613,35.7264574,49.997,12.193,0,1669919944,6,10
884,-78.697867,35.726502,49.996,12.193,0,1669919945,6,10
885,-78.6978727,35.7265467,49.996,12.193,0,1669919946,6,10
886,-78.6978784,35.7265913,49.994,12.193,0,1669919947,6,10
887,-78.6978841,35.726636,49.994,12.193,0,1669919948,6,10
888,-78.6978898,35.7266806,49.994,12.193,0,1669919949,6,10
889,-78.6978955,35.7267252,49.994,12.193,0,1669919950,6,10
890,-78.6979012,35.7267698,49.995,12.193,0,1669919951,6,10
891,-78.6979068,35.7268144,49.995,12.193,0,1669919952,6,10
892,-78.6979124,35.726859,49.997,12.193,0,1669919953,6,10
893,-78.697918,35.7269036,49.998,12.193,0,1669919954,6,10
894,-78.6979237,35.7269483,50,12.193,0,1669919955,6,10
895,-78.6979294,35.7269929,50.001,12.193,0,1669919956,6,10
896,-78.6979351,35.7270376,50.003,12.193,0,1669919957,6,10
897,-78.6979407,35.7270822,50.003,12.193,0,1669919958,6,10
898,-78.6979464,35.7271269,50.003,12.193,0,1669919959,6,10
899,-78.6979521,35.7271714,50.002,12.193,0,1669919960,6,10
900,-78.6979578,35.727216,50,12.193,0,1669919961,6,10
901,-78.6979635,35.7272606,50.001,12.193,0,1669919962,6,10
902,-78.6979691,35.7273051,50.001,12.193,0,1669919963,6,10
903,-78.6979747,35.7273497,50.002,12.193,0,1669919964,6,10
904,-78.6979804,35.7273944,50.002,12.193,0,1669919965,6,10
905,-78.697986,35.727439,50.001,12.193,0,1669919966,6,10
906,-78.6979917,35.7274836,50,12.193,0,1669919967,6,10
907,-78.6979974,35.7275283,50.002,12.193,0,1669919968,6,10
908,-78.6980031,35.7275729,50.003,12.193,0,1669919969,6,10
909,-78.6980088,35.7276176,50.004,12.193,0,1669919970,6,10
910,-78.6980144,35.7276622,50.003,12.193,0,1669919971,6,10
911,-78.6980201,35.7277068,49.999,12.193,0,1669919972,6,10
912,-78.6980258,35.7277514,49.997,12.193,0,1669919973,6,10
913,-78.6980314,35.727796,49.997,12.193,0,1669919974,6,10
914,-78.6980371,35.7278406,50,12.193,0,1669919975,6,10
915,-78.6980428,35.7278853,49.999,12.193,0,1669919976,6,10
916,-78.6980485,35.72793,49.998,12.193,0,1669919977,6,10
917,-78.6980542,35.7279746,49.999,12.193,0,1669919978,6,10
918,-78.6980598,35.7280193,49.999,12.193,0,1669919979,6,10
919,-78.6980655,35.7280639,50,12.193,0,1669919980,6,10
920,-78.6980712,35.7281085,50,12.193,0,1669919981,6,10
921,-78.6980769,35.7281531,50,12.193,0,1669919982,6,10
922,-78.6980826,35.7281977,49.999,12.193,0,1669919983,6,10
923,-78.6980882,35.7282423,50,12.193,0,1669919984,6,10
924,-78.6980938,35.7282869,49.999,12.193,0,1669919985,6,10
925,-78.6980995,35.7283314,49.998,12.193,0,1669919986,6,10
926,-78.6981051,35.728376,49.997,12.193,0,1669919987,6,10
927,-78.6981107,35.7284205,49.997,12.193,0,1669919988,6,10
928,-78.6981164,35.728465,49.997,12.193,0,1669919989,6,10
929,-78.6981221,35.7285095,49.996,12.193,0,1669919990,6,10
930,-78.6981278,35.728554,49.997,12.193,0,1669919991,6,10
931,-78.6981334,35.7285985,50,12.193,0,1669919992,6,10
932,-78.6981391,35.728643,49.999,12.193,0,1669919993,6,10
933,-78.6981448,35.7286874,50,12.193,0,1669919994,6,10
934,-78.6981505,35.7287319,50.001,12.193,0,1669919995,6,10
935,-78.6981561,35.7287763,49.999,12.193,0,1669919996,6,10
936,-78.6981617,35.7288207,49.998,12.193,0,1669919997,6,10
937,-78.6981673,35.7288651,49.998,12.193,0,1669919998,6,10
938,-78.6981729,35.7289095,49.996,12.193,0,1669919999,6,10
939,-78.6981786,35.728954,49.996,12.193,0,1669920000,6,10
940,-78.6981842,35.7289985,49.995,12.193,0,1669920001,6,10
941,-78.6981899,35.7290429,49.992,12.193,0,1669920002,6,10
942,-78.6981956,35.7290873,49.994,12.193,0,1669920003,6,10
943,-78.6982013,35.7291317,49.995,12.193,0,1669920004,6,10
944,-78.6982069,35.729176,49.996,12.193,0,1669920005,6,10
945,-78.6982125,35.7292204,49.997,12.193,0,1669920006,6,10
946,-78.6982182,35.7292647,49.998,12.193,0,1669920007,6,10
947,-78.6982239,35.729309,49.997,12.193,0,1669920008,6,10
948,-78.6982294,35.7293534,49.999,12.193,0,1669920009,6,10
949,-78.698235,35.7293977,50,12.193,0,1669920010,6,10
950,-78.6982406,35.729442,50.002,12.193,0,1669920011,6,10
951,-78.6982462,35.7294863,50.003,12.193,0,1669920012,6,10
952,-78.6982519,35.7295305,50.004,12.193,0,1669920013,6,10
953,-78.6982575,35.7295748,50.004,12.193,0,1669920014,6,10
954,-78.6982632,35.729619,50.003,12.193,0,1669920015,6,10
955,-78.6982689,35.7296633,50.004,12.193,0,1669920016,6,10
956,-78.6982745,35.7297076,50.003,12.193,0,1669920017,6,10
957,-78.6982802,35.7297518,50.004,12.193,0,1669920018,6,10
958,-78.6982858,35.7297961,50.002,12.193,0,1669920019,6,10
959,-78.6982913,35.7298403,50.003,12.193,0,1669920020,6,10
960,-78.6982968,35.7298846,49.999,12.193,0,1669920021,6,10
961,-78.6983024,35.7299288,50,12.193,0,1669920022,6,10
962,-78.6983081,35.729973,49.999,12.193,0,1669920023,6,10
963,-78.6983138,35.7300172,49.998,12.193,0,1669920024,6,10
964,-78.6983193,35.7300612,49.998,12.193,0,1669920025,6,10
965,-78.6983247,35.7301028,50,12.242,0,1669920026,6,10
966,-78.6983293,35.7301388,50,12.242,0,1669920027,6,10
967,-78.6983329,35.7301657,49.999,12.242,0,1669920028,6,10
968,-78.6983351,35.730181,49.993,12.242,0,1669920029,6,10
969,-78.6983356,35.7301844,49.988,12.242,0,1669920030,6,10
970,-78.6983351,35.7301784,49.985,12.242,0,1669920031,6,10
971,-78.698334,35.7301649,49.984,12.242,0,1669920032,6,10
972,-78.6983324,35.7301437,49.983,12.193,0,1669920033,6,10
973,-78.6983305,35.7301154,49.985,12.193,0,1669920034,6,10
974,-78.6983282,35.730082,49.99,12.193,0,1669920035,6,10
975,-78.6983256,35.7300454,49.993,12.193,0,1669920036,6,10
976,-78.6983229,35.7300065,49.996,12.193,0,1669920037,6,10
977,-78.6983202,35.7299662,49.999,12.193,0,1669920038,6,10
978,-78.6983175,35.7299248,50.001,12.193,0,1669920039,6,10
979,-78.6983148,35.7298827,50.003,12.193,0,1669920040,6,10
980,-78.6983119,35.7298399,50.004,12.193,0,1669920041,6,10
981,-78.698309,35.7297966,50.003,12.193,0,1669920042,6,10
982,-78.6983061,35.729753,50.002,12.193,0,1669920043,6,10
983,-78.6983032,35.7297091,50.002,12.193,0,1669920044,6,10
984,-78.6983002,35.7296649,50.004,12.193,0,1669920045,6,10
985,-78.6982973,35.7296206,50.004,12.193,0,1669920046,6,10
986,-78.6982944,35.7295761,50.003,12.193,0,1669920047,6,10
987,-78.6982915,35.7295316,50.003,12.193,0,1669920048,6,10
988,-78.6982886,35.7294869,50.003,12.193,0,1669920049,6,10
989,-78.6982856,35.7294422,50.001,12.193,0,1669920050,6,10
990,-78.6982826,35.7293974,49.999,12.193,0,1669920051,6,10
991,-78.6982804,35.7293638,49.999,12.193,0,1669920052,6,10
992,-78.6982767,35.7293079,50.001,12.193,0,1669920053,6,10
993,-78.6982739,35.7292631,50,12.193,0,1669920054,6,10
994,-78.6982717,35.7292295,50.001,12.193,0,1669920055,6,10
995,-78.6982681,35.7291734,49.998,12.193,0,1669920056,6,10
996,-78.698266,35.7291398,49.997,12.193,0,1669920057,6,10
997,-78.6982625,35.7290836,49.994,12.193,0,1669920058,6,10
998,-78.6982595,35.7290387,49.994,12.193,0,1669920059,6,10
999,-78.6982573,35.729005,49.995,12.193,0,1669920060,6,10
1000,-78.6982536,35.7289489,49.998,12.193,0,1669920061,6,10
1001,-78.6982514,35.7289152,49.998,12.193,0,1669920062,6,10
1002,-78.6982477,35.7288591,49.999,12.193,0,1669920063,6,10
1003,-78.6982449,35.7288142,50,12.193,0,1669920064,6,10
1004,-78.6982427,35.7287806,50.001,12.193,0,1669920065,6,10
1005,-78.698239,35.7287244,50.003,12.193,0,1669920066,6,10
1006,-78.6982368,35.7286908,50.004,12.193,0,1669920067,6,10
1007,-78.6982332,35.7286347,50.004,12.193,0,1669920068,6,10
1008,-78.6982304,35.7285899,50.005,12.193,0,1669920069,6,10
1009,-78.6982282,35.7285563,50.005,12.193,0,1669920070,6,10
1010,-78.6982253,35.7285114,50.005,12.193,0,1669920071,6,10
1011,-78.6982224,35.7284665,50.004,12.193,0,1669920072,6,10
1012,-78.6982187,35.7284103,50.002,12.193,0,1669920073,6,10
1013,-78.6982158,35.7283654,50.004,12.193,0,1669920074,6,10
1014,-78.6982135,35.7283318,50.002,12.193,0,1669920075,6,10
1015,-78.6982106,35.7282869,50.002,12.193,0,1669920076,6,10
1016,-78.6982078,35.728242,50.001,12.193,0,1669920077,6,10
1017,-78.6982049,35.7281971,50.001,12.193,0,1669920078,6,10
1018,-78.6982021,35.7281522,50,12.193,0,1669920079,6,10
1019,-78.6981992,35.7281073,50.001,12.193,0,1669920080,6,10
1020,-78.6981962,35.7280624,50.004,12.193,0,1669920081,6,10
1021,-78.6981932,35.7280175,50.005,12.193,0,1669920082,6,10
1022,-78.6981904,35.7279726,50.004,12.193,0,1669920083,6,10
1023,-78.6981875,35.7279278,50.003,12.193,0,1669920084,6,10
1024,-78.6981845,35.7278829,50.004,12.193,0,1669920085,6,10
1025,-78.6981816,35.727838,50.005,12.193,0,1669920086,6,10
1026,-78.6981787,35.7277931,50.004,12.193,0,1669920087,6,10
1027,-78.6981758,35.7277483,50.004,12.193,0,1669920088,6,10
1028,-78.6981729,35.7277033,50.004,12.193,0,1669920089,6,10
1029,-78.69817,35.7276585,50.001,12.193,0,1669920090,6,10
1030,-78.6981671,35.7276136,50,12.193,0,1669920091,6,10
1031,-78.6981641,35.7275687,50,12.193,0,1669920092,6,10
1032,-78.6981612,35.7275238,49.999,12.193,0,1669920093,6,10
1033,-78.6981584,35.7274789,49.998,12.193,0,1669920094,6,10
1034,-78.6981555,35.727434,50.001,12.193,0,1669920095,6,10
1035,-78.6981527,35.7273892,50.003,12.193,0,1669920096,6,10
1036,-78.6981498,35.7273443,50.004,12.193,0,1669920097,6,10
1037,-78.6981468,35.7272994,50.005,12.193,0,1669920098,6,10
1038,-78.6981439,35.7272546,50.004,12.193,0,1669920099,6,10
1039,-78.6981409,35.7272097,50.005,12.193,0,1669920100,6,10
1040,-78.698138,35.7271649,50.005,12.193,0,1669920101,6,10
1041,-78.6981351,35.72712,50.005,12.193,0,1669920102,6,10
1042,-78.6981323,35.7270751,50.004,12.193,0,1669920103,6,10
1043,-78.6981294,35.7270302,50.004,12.193,0,1669920104,6,10
1044,-78.6981265,35.7269854,50.005,12.193,0,1669920105,6,10
1045,-78.6981236,35.7269406,50.006,12.193,0,1669920106,6,10
1046,-78.6981207,35.7268958,50.005,12.193,0,1669920107,6,10
1047,-78.6981177,35.7268509,50.004,12.193,0,1669920108,6,10
1048,-78.6981149,35.7268059,50.003,12.193,0,1669920109,6,10
1049,-78.6981119,35.726761,50.004,12.193,0,1669920110,6,10
1050,-78.698109,35.726716,50.003,12.193,0,1669920111,6,10
1051,-78.6981061,35.7266711,50.002,12.193,0,1669920112,6,10
1052,-78.6981032,35.7266262,50,12.193,0,1669920113,6,10
1053,-78.6981003,35.7265813,49.999,12.193,0,1669920114,6,10
1054,-78.6980974,35.7265364,49.997,12.193,0,1669920115,6,10
1055,-78.6980945,35.7264915,49.998,12.193,0,1669920116,6,10
1056,-78.6980915,35.7264466,49.998,12.193,0,1669920117,6,10
1057,-78.6980886,35.7264018,49.997,12.193,0,1669920118,6,10
1058,-78.6980858,35.7263569,49.995,12.193,0,1669920119,6,10
1059,-78.6980829,35.726312,49.999,12.193,0,1669920120,6,10
1060,-78.69808,35.7262672,49.999,12.193,0,1669920121,6,10
1061,-78.6980772,35.7262223,50.001,12.193,0,1669920122,6,10
1062,-78.6980742,35.7261775,50.001,12.193,0,1669920123,6,10
1063,-78.6980713,35.7261326,50,12.193,0,1669920124,6,10
1064,-78.6980684,35.7260876,50.001,12.193,0,1669920125,6,10
1065,-78.6980654,35.7260428,50,12.193,0,1669920126,6,10
1066,-78.6980625,35.7259979,49.999,12.193,0,1669920127,6,10
1067,-78.6980597,35.725953,50.001,12.193,0,1669920128,6,10
1068,-78.6980568,35.7259081,50.003,12.193,0,1669920129,6,10
1069,-78.6980539,35.7258632,50.004,12.193,0,1669920130,6,10
1070,-78.6980511,35.7258183,50.004,12.193,0,1669920131,6,10
1071,-78.6980482,35.7257734,50.002,12.193,0,1669920132,6,10
1072,-78.6980452,35.7257286,50.001,12.193,0,1669920133,6,10
1073,-78.6980422,35.7256836,50.001,12.193,0,1669920134,6,10
1074,-78.6980393,35.7256387,49.999,12.193,0,1669920135,6,10
1075,-78.6980363,35.7255938,49.998,12.193,0,1669920136,6,10
1076,-78.6980334,35.725549,49.999,12.193,0,1669920137,6,10
1077,-78.6980305,35.7255041,49.997,12.193,0,1669920138,6,10
1078,-78.6980277,35.7254592,49.996,12.193,0,1669920139,6,10
1079,-78.6980249,35.7254143,49.995,12.193,0,1669920140,6,10
1080,-78.6980221,35.7253694,49.994,12.193,0,1669920141,6,10
1081,-78.6980192,35.7253246,49.993,12.193,0,1669920142,6,10
1082,-78.6980162,35.7252797,49.994,12.193,0,1669920143,6,10
1083,-78.6980133,35.7252348,49.995,12.193,0,1669920144,6,10
1084,-78.6980105,35.7251899,49.998,12.193,0,1669920145,6,10
1085,-78.6980075,35.7251451,49.998,12.193,0,1669920146,6,10
1086,-78.6980046,35.7251001,49.999,12.193,0,1669920147,6,10
1087,-78.6980016,35.7250553,49.999,12.193,0,1669920148,6,10
1088,-78.6979987,35.7250104,49.999,12.193,0,1669920149,6,10
1089,-78.6979957,35.7249654,49.999,12.193,0,1669920150,6,10
1090,-78.6979927,35.7249206,49.998,12.193,0,1669920151,6,10
1091,-78.6979898,35.7248758,49.998,12.193,0,1669920152,6,10
1092,-78.697987,35.724831,49.998,12.193,0,1669920153,6,10
1093,-78.6979841,35.7247861,49.998,12.193,0,1669920154,6,10
1094,-78.6979813,35.7247413,49.999,12.193,0,1669920155,6,10
1095,-78.6979784,35.7246964,49.997,12.193,0,1669920156,6,10
1096,-78.6979756,35.7246515,49.996,12.193,0,1669920157,6,10
1097,-78.6979727,35.7246066,49.998,12.193,0,1669920158,6,10
1098,-78.6979698,35.7245617,49.998,12.193,0,1669920159,6,10
1099,-78.6979669,35.7245168,49.998,12.193,0,1669920160,6,10
1100,-78.697964,35.724472,50,12.193,0,1669920161,6,10
1101,-78.6979611,35.7244271,50.002,12.193,0,1669920162,6,10
1102,-78.6979583,35.7243823,50.003,12.193,0,1669920163,6,10
1103,-78.6979555,35.7243374,50.002,12.193,0,1669920164,6,10
1104,-78.6979526,35.7242926,50.001,12.193,0,1669920165,6,10
1105,-78.6979498,35.7242478,50,12.193,0,1669920166,6,10
1106,-78.6979469,35.724203,49.999,12.193,0,1669920167,6,10
1107,-78.6979441,35.7241581,49.998,12.193,0,1669920168,6,10
1108,-78.6979413,35.7241134,49.999,12.193,0,1669920169,6,10
1109,-78.6979385,35.7240686,49.998,12.193,0,1669920170,6,10
1110,-78.6979357,35.7240238,50,12.193,0,1669920171,6,10
1111,-78.697933,35.723979,50.002,12.193,0,1669920172,6,10
1112,-78.6979301,35.7239342,50.002,12.193,0,1669920173,6,10
1113,-78.6979273,35.7238893,50.001,12.193,0,1669920174,6,10
1114,-78.6979244,35.7238446,50.002,12.193,0,1669920175,6,10
1115,-78.6979216,35.7237998,50.004,12.193,0,1669920176,6,10
1116,-78.6979188,35.723755,50.006,12.193,0,1669920177,6,10
1117,-78.697916,35.7237102,50.005,12.193,0,1669920178,6,10
1118,-78.6979132,35.7236654,50.004,12.193,0,1669920179,6,10
1119,-78.6979103,35.7236207,50.006,12.193,0,1669920180,6,10
1120,-78.6979075,35.7235759,50.007,12.193,0,1669920181,6,10
1121,-78.6979047,35.7235311,50.007,12.193,0,1669920182,6,10
1122,-78.697902,35.7234874,50.009,12.193,0,1669920183,6,10
1123,-78.6978997,35.7234476,50.012,12.242,0,1669920184,6,10
1124,-78.6978982,35.7234158,50.015,12.242,0,1669920185,6,10
1125,-78.697898,35.7233952,50.017,12.242,0,1669920186,6,10
1126,-78.6978984,35.7233883,50.017,12.242,0,1669920187,6,10
1127,-78.6978993,35.7233928,50.016,12.242,0,1669920188,6,10
1128,-78.6979011,35.7234058,50.013,12.242,0,1669920189,6,10
1129,-78.6979041,35.7234269,50.01,12.242,0,1669920190,6,10
1130,-78.6979083,35.723455,50.01,12.193,0,1669920191,6,10
1131,-78.6979134,35.723488,50.009,12.193,0,1669920192,6,10
1132,-78.6979193,35.7235242,50.009,12.193,0,1669920193,6,10
1133,-78.6979256,35.7235624,50.007,12.193,0,1669920194,6,10
1134,-78.6979322,35.7236022,50.004,12.193,0,1669920195,6,10
1135,-78.6979389,35.723643,50.003,12.193,0,1669920196,6,10
1136,-78.6979458,35.7236847,50.001,12.193,0,1669920197,6,10
1137,-78.6979527,35.723727,50.001,12.193,0,1669920198,6,10
1138,-78.6979597,35.7237698,50.001,12.193,0,1669920199,6,10
1139,-78.6979667,35.723813,50,12.193,0,1669920200,6,10
1140,-78.6979738,35.7238564,50,12.193,0,1669920201,6,10
1141,-78.6979807,35.7239,50.002,12.193,0,1669920202,6,10
1142,-78.6979878,35.7239437,50.001,12.193,0,1669920203,6,10
1143,-78.6979948,35.7239874,50.003,12.193,0,1669920204,6,10
1144,-78.6980018,35.7240312,50.003,12.193,0,1669920205,6,10
1145,-78.698009,35.7240749,50.001,12.193,0,1669920206,6,10
1146,-78.698016,35.7241187,50.001,12.193,0,1669920207,6,10
1147,-78.6980231,35.7241625,50.004,12.193,0,1669920208,6,10
1148,-78.6980302,35.7242063,50.004,12.193,0,1669920209,6,10
1149,-78.6980373,35.7242501,50.004,12.193,0,1669920210,6,10
1150,-78.6980444,35.7242939,50.003,12.193,0,1669920211,6,10
1151,-78.6980515,35.7243377,50.004,12.193,0,1669920212,6,10
1152,-78.6980586,35.7243815,50.003,12.193,0,1669920213,6,10
1153,-78.6980657,35.7244253,50.004,12.193,0,1669920214,6,10
1154,-78.6980728,35.7244691,50.003,12.193,0,1669920215,6,10
1155,-78.6980799,35.724513,50.003,12.193,0,1669920216,6,10
1156,-78.698087,35.7245568,50.002,12.193,0,1669920217,6,10
1157,-78.6980941,35.7246007,50.001,12.193,0,1669920218,6,10
1158,-78.6981012,35.7246446,50,12.193,0,1669920219,6,10
1159,-78.6981083,35.7246885,49.999,12.193,0,1669920220,6,10
1160,-78.6981155,35.7247323,49.998,12.193,0,1669920221,6,10
1161,-78.6981227,35.7247763,49.995,12.193,0,1669920222,6,10
1162,-78.6981298,35.7248203,49.994,12.193,0,1669920223,6,10
1163,-78.698137,35.7248642,49.996,12.193,0,1669920224,6,10
1164,-78.698144,35.7249082,49.997,12.193,0,1669920225,6,10
1165,-78.6981512,35.7249522,49.997,12.193,0,1669920226,6,10
1166,-78.6981583,35.7249962,49.997,12.193,0,1669920227,6,10
1167,-78.6981655,35.7250402,49.997,12.193,0,1669920228,6,10
1168,-78.6981726,35.7250842,49.996,12.193,0,1669920229,6,10
1169,-78.6981798,35.7251282,49.995,12.193,0,1669920230,6,10
1170,-78.6981869,35.7251723,49.994,12.193,0,1669920231,6,10
1171,-78.698194,35.7252164,49.994,12.193,0,1669920232,6,10
1172,-78.6982012,35.7252605,49.995,12.193,0,1669920233,6,10
1173,-78.6982083,35.7253045,49.997,12.193,0,1669920234,6,10
1174,-78.6982155,35.7253487,50,12.193,0,1669920235,6,10
1175,-78.6982227,35.7253928,50.001,12.193,0,1669920236,6,10
1176,-78.6982298,35.725437,50.001,12.193,0,1669920237,6,10
1177,-78.6982369,35.7254812,50.001,12.193,0,1669920238,6,10
1178,-78.698244,35.7255254,50.001,12.193,0,1669920239,6,10
1179,-78.6982512,35.7255695,50,12.193,0,1669920240,6,10
1180,-78.6982584,35.7256137,49.999,12.193,0,1669920241,6,10
1181,-78.6982656,35.7256578,49.997,12.193,0,1669920242,6,10
1182,-78.6982728,35.7257021,49.998,12.193,0,1669920243,6,10
1183,-78.69828,35.7257463,49.999,12.193,0,1669920244,6,10
1184,-78.6982872,35.7257906,50,12.193,0,1669920245,6,10
1185,-78.6982944,35.7258348,50.001,12.193,0,1669920246,6,10
1186,-78.6983015,35.7258791,50.001,12.193,0,1669920247,6,10
1187,-78.6983086,35.7259233,50,12.193,0,1669920248,6,10
1188,-78.6983159,35.7259676,49.999,12.193,0,1669920249,6,10
1189,-78.6983231,35.7260119,50,12.193,0,1669920250,6,10
1190,-78.6983302,35.7260561,50,12.193,0,1669920251,6,10
1191,-78.6983374,35.7261004,49.999,12.193,0,1669920252,6,10
1192,-78.6983446,35.7261447,50.001,12.193,0,1669920253,6,10
1193,-78.6983518,35.726189,50,12.193,0,1669920254,6,10
1194,-78.698359,35.7262333,50.004,12.193,0,1669920255,6,10
1195,-78.6983662,35.7262777,50.003,12.193,0,1669920256,6,10
1196,-78.6983734,35.726322,50.003,12.193,0,1669920257,6,10
1197,-78.6983806,35.7263663,50.002,12.193,0,1669920258,6,10
1198,-78.6983878,35.7264107,50.001,12.193,0,1669920259,6,10
1199,-78.6983949,35.7264552,50,12.193,0,1669920260,6,10
1200,-78.6984022,35.7264996,49.998,12.193,0,1669920261,6,10
1201,-78.6984094,35.7265441,49.996,12.193,0,1669920262,6,10
1202,-78.6984165,35.7265885,49.996,12.193,0,1669920263,6,10
1203,-78.6984237,35.7266329,49.997,12.193,0,1669920264,6,10
1204,-78.698431,35.7266773,49.997,12.193,0,1669920265,6,10
1205,-78.6984382,35.7267218,49.997,12.193,0,1669920266,6,10
1206,-78.6984454,35.7267662,49.996,12.193,0,1669920267,6,10
1207,-78.6984526,35.7268107,49.997,12.193,0,1669920268,6,10
1208,-78.6984599,35.7268552,49.998,12.193,0,1669920269,6,10
1209,-78.6984671,35.7268999,50,12.193,0,1669920270,6,10
1210,-78.6984742,35.7269444,50.001,12.193,0,1669920271,6,10
1211,-78.6984815,35.7269889,50.001,12.193,0,1669920272,6,10
1212,-78.6984887,35.7270334,50,12.193,0,1669920273,6,10
1213,-78.6984959,35.727078,50,12.193,0,1669920274,6,10
1214,-78.6985032,35.7271225,50,12.193,0,1669920275,6,10
1215,-78.6985105,35.7271671,50.001,12.193,0,1669920276,6,10
1216,-78.6985177,35.7272116,50,12.193,0,1669920277,6,10
1217,-78.6985249,35.7272562,50,12.193,0,1669920278,6,10
1218,-78.6985321,35.7273007,50.002,12.193,0,1669920279,6,10
1219,-78.6985393,35.7273452,49.999,12.193,0,1669920280,6,10
1220,-78.6985465,35.7273897,50,12.193,0,1669920281,6,10
1221,-78.6985537,35.7274343,50,12.193,0,1669920282,6,10
1222,-78.6985609,35.7274789,50,12.193,0,1669920283,6,10
1223,-78.6985681,35.7275235,50,12.193,0,1669920284,6,10
1224,-78.6985754,35.7275681,50,12.193,0,1669920285,6,10
1225,-78.6985826,35.7276127,50,12.193,0,1669920286,6,10
1226,-78.6985899,35.7276572,49.999,12.193,0,1669920287,6,10
1227,-78.6985971,35.7277018,49.997,12.193,0,1669920288,6,10
1228,-78.6986043,35.7277464,49.998,12.193,0,1669920289,6,10
1229,-78.6986116,35.727791,49.996,12.193,0,1669920290,6,10
1230,-78.6986188,35.7278355,49.995,12.193,0,1669920291,6,10
1231,-78.698626,35.7278801,49.997,12.193,0,1669920292,6,10
1232,-78.6986332,35.7279247,49.997,12.193,0,1669920293,6,10
1233,-78.6986405,35.7279693,49.997,12.193,0,1669920294,6,10
1234,-78.6986478,35.7280139,50,12.193,0,1669920295,6,10
1235,-78.698655,35.7280585,50.001,12.193,0,1669920296,6,10
1236,-78.6986622,35.728103,50.001,12.193,0,1669920297,6,10
1237,-78.6986695,35.7281476,50.004,12.193,0,1669920298,6,10
1238,-78.6986767,35.7281922,50.006,12.193,0,1669920299,6,10
1239,-78.6986839,35.7282368,50.007,12.193,0,1669920300,6,10
1240,-78.6986911,35.7282814,50.007,12.193,0,1669920301,6,10
1241,-78.6986983,35.728326,50.006,12.193,0,1669920302,6,10
1242,-78.6987055,35.7283706,50.005,12.193,0,1669920303,6,10
1243,-78.6987128,35.7284151,50.005,12.193,0,1669920304,6,10
1244,-78.6987201,35.7284598,50.003,12.193,0,1669920305,6,10
1245,-78.6987273,35.7285043,50.004,12.193,0,1669920306,6,10
1246,-78.6987346,35.7285489,50.006,12.193,0,1669920307,6,10
1247,-78.6987417,35.7285934,50.004,12.193,0,1669920308,6,10
1248,-78.6987489,35.728638,50.002,12.193,0,1669920309,6,10
1249,-78.6987561,35.7286825,50.002,12.193,0,1669920310,6,10
1250,-78.6987633,35.7287271,50.004,12.193,0,1669920311,6,10
1251,-78.6987705,35.7287717,50.003,12.193,0,1669920312,6,10
1252,-78.6987777,35.7288163,50.001,12.193,0,1669920313,6,10
1253,-78.6987849,35.7288609,50,12.193,0,1669920314,6,10
1254,-78.6987921,35.7289054,50,12.193,0,1669920315,6,10
1255,-78.6987994,35.72895,50,12.193,0,1669920316,6,10
1256,-78.6988066,35.7289946,50,12.193,0,1669920317,6,10
1257,-78.6988139,35.7290392,49.997,12.193,0,1669920318,6,10
1258,-78.6988211,35.7290838,49.996,12.193,0,1669920319,6,10
1259,-78.6988284,35.7291284,49.996,12.193,0,1669920320,6,10
1260,-78.6988356,35.7291729,49.994,12.193,0,1669920321,6,10
1261,-78.6988429,35.7292175,49.993,12.193,0,1669920322,6,10
1262,-78.6988501,35.7292621,49.995,12.193,0,1669920323,6,10
1263,-78.6988573,35.7293067,49.996,12.193,0,1669920324,6,10
1264,-78.6988646,35.7293513,49.997,12.193,0,1669920325,6,10
1265,-78.6988719,35.7293959,49.998,12.193,0,1669920326,6,10
1266,-78.6988791,35.7294405,49.997,12.193,0,1669920327,6,10
1267,-78.6988863,35.7294851,49.997,12.193,0,1669920328,6,10
1268,-78.6988934,35.7295296,49.996,12.193,0,1669920329,6,10
1269,-78.6989005,35.7295742,49.994,12.193,0,1669920330,6,10
1270,-78.6989077,35.7296188,49.994,12.193,0,1669920332,6,10
1271,-78.6989149,35.7296634,49.994,12.193,0,1669920333,6,10
1272,-78.6989222,35.729708,49.994,12.193,0,1669920334,6,10
1273,-78.6989295,35.7297525,49.996,12.193,0,1669920335,6,10
1274,-78.6989368,35.7297971,49.998,12.193,0,1669920336,6,10
1275,-78.698944,35.7298417,49.997,12.193,0,1669920337,6,10
1276,-78.6989513,35.7298862,49.998,12.193,0,1669920338,6,10
1277,-78.6989585,35.7299304,49.999,12.193,0,1669920339,6,10
1278,-78.6989652,35.7299724,49.999,12.242,0,1669920340,6,10
1279,-78.6989708,35.7300084,50.005,12.242,0,1669920341,6,10
1280,-78.6989746,35.730035,50.008,12.242,0,1669920342,6,10
1281,-78.6989763,35.7300491,50.007,12.242,0,1669920343,6,10
1282,-78.698975,35.7300507,50.006,12.242,0,1669920344,6,10
1283,-78.6989683,35.7300438,50.006,12.242,0,1669920345,6,10
1284,-78.6989554,35.7300313,50.005,12.242,0,1669920346,6,10
1285,-78.6989354,35.7300133,50.006,12.193,0,1669920347,6,10
1286,-78.6989099,35.729991,50.01,12.193,0,1669920348,6,10
1287,-78.6988809,35.7299658,50.014,12.193,0,1669920349,6,10
1288,-78.6988496,35.7299385,50.013,12.193,0,1669920350,6,10
1289,-78.6988167,35.7299099,50.012,12.193,0,1669920351,6,10
1290,-78.6987826,35.7298803,50.013,12.193,0,1669920352,6,10
1291,-78.6987478,35.72985,50.011,12.193,0,1669920353,6,10
1292,-78.6987123,35.729819,50.01,12.193,0,1669920354,6,10
1293,-78.6986762,35.7297877,50.011,12.193,0,1669920355,6,10
1294,-78.6986398,35.7297562,50.01,12.193,0,1669920356,6,10
1295,-78.698603,35.7297245,50.008,12.193,0,1669920357,6,10
1296,-78.6985661,35.7296926,50.008,12.193,0,1669920358,6,10
1297,-78.6985292,35.7296607,50.006,12.193,0,1669920359,6,10
1298,-78.6984923,35.7296288,50.007,12.193,0,1669920360,6,10
1299,-78.6984554,35.7295969,50.006,12.193,0,1669920361,6,10
1300,-78.6984185,35.729565,50.005,12.193,0,1669920362,6,10
1301,-78.6983816,35.7295332,50.006,12.193,0,1669920363,6,10
1302,-78.6983446,35.7295014,50.004,12.193,0,1669920364,6,10
1303,-78.6983077,35.7294695,50.003,12.193,0,1669920365,6,10
1304,-78.6982708,35.7294377,50.002,12.193,0,1669920366,6,10
1305,-78.6982339,35.7294058,50.001,12.193,0,1669920367,6,10
1306,-78.698197,35.7293739,50.002,12.193,0,1669920368,6,10
1307,-78.6981601,35.729342,50.003,12.193,0,1669920369,6,10
1308,-78.6981233,35.7293101,50.004,12.193,0,1669920370,6,10
1309,-78.6980864,35.7292783,50.005,12.193,0,1669920371,6,10
1310,-78.6980495,35.7292465,50.006,12.193,0,1669920372,6,10
1311,-78.6980127,35.7292147,50.006,12.193,0,1669920373,6,10
1312,-78.6979758,35.7291829,50.005,12.193,0,1669920374,6,10
1313,-78.697939,35.7291512,50.004,12.193,0,1669920375,6,10
1314,-78.6979022,35.7291194,50.004,12.193,0,1669920376,6,10
1315,-78.6978654,35.7290876,50.003,12.193,0,1669920377,6,10
1316,-78.6978286,35.7290559,50.004,12.193,0,1669920378,6,10
1317,-78.6977918,35.7290241,50.003,12.193,0,1669920379,6,10
1318,-78.697755,35.7289923,50.003,12.193,0,1669920380,6,10
1319,-78.6977183,35.7289606,50.001,12.193,0,1669920381,6,10
1320,-78.6976815,35.7289289,50.001,12.193,0,1669920382,6,10
1321,-78.6976448,35.7288971,50.004,12.193,0,1669920383,6,10
1322,-78.697608,35.7288654,50.004,12.193,0,1669920384,6,10
1323,-78.6975713,35.7288337,50.005,12.193,0,1669920385,6,10
1324,-78.6975347,35.728802,50.004,12.193,0,1669920386,6,10
1325,-78.697498,35.7287703,50.005,12.193,0,1669920387,6,10
1326,-78.6974613,35.7287387,50.006,12.193,0,1669920388,6,10
1327,-78.6974247,35.728707,50.008,12.193,0,1669920389,6,10
1328,-78.697388,35.7286754,50.009,12.193,0,1669920390,6,10
1329,-78.6973513,35.7286437,50.009,12.193,0,1669920391,6,10
1330,-78.6973146,35.7286121,50.006,12.193,0,1669920392,6,10
1331,-78.697278,35.7285804,50.005,12.193,0,1669920393,6,10
1332,-78.6972413,35.7285488,50.005,12.193,0,1669920394,6,10
1333,-78.6972047,35.728517,50.003,12.193,0,1669920395,6,10
1334,-78.697168,35.7284854,50.003,12.193,0,1669920396,6,10
1335,-78.6971314,35.7284537,50.001,12.193,0,1669920397,6,10
1336,-78.6970947,35.728422,50,12.193,0,1669920398,6,10
1337,-78.6970581,35.7283904,50,12.193,0,1669920399,6,10
1338,-78.6970215,35.7283588,50,12.193,0,1669920400,6,10
1339,-78.6969849,35.7283272,50,12.193,0,1669920401,6,10
1340,-78.6969483,35.7282957,49.999,12.193,0,1669920402,6,10
1341,-78.6969118,35.7282641,49.998,12.193,0,1669920403,6,10
1342,-78.6968752,35.7282325,49.998,12.193,0,1669920404,6,10
1343,-78.6968386,35.7282009,50.001,12.193,0,1669920405,6,10
1344,-78.6968021,35.7281693,50.001,12.193,0,1669920406,6,10
1345,-78.6967656,35.7281378,50.001,12.193,0,1669920407,6,10
1346,-78.6967291,35.7281063,50.002,12.193,0,1669920408,6,10
1347,-78.6966926,35.7280748,50.002,12.193,0,1669920409,6,10
1348,-78.6966561,35.7280433,50.003,12.193,0,1669920410,6,10
1349,-78.6966196,35.7280118,50.002,12.193,0,1669920411,6,10
1350,-78.6965831,35.7279802,50.003,12.193,0,1669920412,6,10
1351,-78.6965466,35.7279487,50.004,12.193,0,1669920413,6,10
1352,-78.6965101,35.7279173,50.004,12.193,0,1669920414,6,10
1353,-78.6964736,35.7278857,50.004,12.193,0,1669920415,6,10
1354,-78.6964371,35.7278543,50.001,12.193,0,1669920416,6,10
1355,-78.6964006,35.7278228,50.001,12.193,0,1669920417,6,10
1356,-78.6963642,35.7277913,50.001,12.193,0,1669920418,6,10
1357,-78.6963278,35.7277598,50.001,12.193,0,1669920419,6,10
1358,-78.6962913,35.7277284,50.003,12.193,0,1669920420,6,10
1359,-78.696255,35.727697,50.004,12.193,0,1669920421,6,10
1360,-78.6962204,35.727667,50.007,12.242,0,1669920422,6,10
1361,-78.6961901,35.7276408,50.007,12.242,0,1669920423,6,10
1362,-78.696167,35.7276209,50.001,12.242,0,1669920424,6,10
1363,-78.6961526,35.7276085,49.993,12.242,0,1669920425,6,10
1364,-78.6961469,35.7275964,49.982,12.242,0,1669920426,6,10
1365,-78.6961445,35.7275767,49.984,12.242,0,1669920427,6,10
1366,-78.696142,35.7275496,49.994,12.193,0,1669920428,6,10
1367,-78.6961387,35.7275174,50.003,12.193,0,1669920429,6,10
1368,-78.6961348,35.7274818,50.008,12.193,0,1669920430,6,10
1369,-78.6961307,35.7274438,50.009,12.193,0,1669920431,6,10
1370,-78.6961265,35.7274042,50.009,12.193,0,1669920432,6,10
1371,-78.6961223,35.7273649,50.013,12.242,0,1669920433,6,10
1372,-78.6961186,35.7273294,50.015,12.242,0,1669920434,6,10
1373,-78.6961154,35.7273016,50.008,12.242,0,1669920435,6,10
1374,-78.696113,35.7272842,49.994,12.242,0,1669920436,6,10
1375,-78.6961118,35.7272784,49.59,12.291,0,1669920437,6,10
1376,-78.6961115,35.7272788,48.242,12.291,0,1669920438,6,10
1377,-78.6961113,35.7272804,46.656,12.242,0,1669920439,6,10
1378,-78.696111,35.7272815,45.154,12.242,0,1669920440,6,10
1379,-78.6961107,35.7272817,43.666,12.242,0,1669920441,6,10
1380,-78.6961104,35.7272816,42.172,12.242,0,1669920442,6,10
1381,-78.6961103,35.7272813,40.675,12.242,0,1669920443,6,10
1382,-78.6961103,35.7272811,39.177,12.242,0,1669920444,6,10
1383,-78.6961104,35.7272811,37.678,12.242,0,1669920445,6,10
1384,-78.6961105,35.7272811,36.181,12.242,0,1669920446,6,10
1385,-78.6961106,35.7272811,34.684,12.242,0,1669920447,6,10
1386,-78.6961107,35.7272811,33.186,12.242,0,1669920448,6,10
1387,-78.6961107,35.7272812,31.688,12.242,0,1669920449,6,10
1388,-78.6961108,35.7272812,30.189,12.242,0,1669920450,6,10
1389,-78.6961108,35.7272812,28.691,12.242,0,1669920451,6,10
1390,-78.6961108,35.7272812,27.192,12.242,0,1669920452,6,10
1391,-78.6961108,35.7272812,25.692,12.242,0,1669920453,6,10
1392,-78.6961108,35.7272812,24.192,12.242,0,1669920454,6,10
1393,-78.6961108,35.7272812,22.694,12.242,0,1669920455,6,10
1394,-78.6961108,35.7272813,21.197,12.242,0,1669920456,6,10
1395,-78.6961108,35.7272813,19.697,12.242,0,1669920457,6,10
1396,-78.6961108,35.7272812,18.198,12.242,0,1669920458,6,10
1397,-78.6961108,35.7272812,16.697,12.242,0,1669920459,6,10
1398,-78.6961108,35.7272812,15.198,12.242,0,1669920460,6,10
1399,-78.6961108,35.7272813,13.697,12.242,0,1669920461,6,10
1400,-78.6961108,35.7272813,12.197,12.242,0,1669920462,6,10
1401,-78.6961108,35.7272812,10.722,12.242,0,1669920463,6,10
1402,-78.6961108,35.7272812,9.779,12.242,0,1669920464,6,10
1403,-78.6961109,35.7272812,9.357,12.242,0,1669920465,6,10
1404,-78.6961108,35.7272812,8.878,12.242,0,1669920466,6,10
1405,-78.6961108,35.7272812,8.371,12.242,0,1669920467,6,10
1406,-78.6961108,35.7272811,7.867,12.242,0,1669920468,6,10
1407,-78.6961107,35.7272811,7.364,12.242,0,1669920469,6,10
1408,-78.6961107,35.7272811,6.86,12.242,0,1669920470,6,10
1409,-78.6961107,35.7272811,6.357,12.242,0,1669920471,6,10
1410,-78.6961107,35.7272811,5.854,12.242,0,1669920472,6,10
1411,-78.6961106,35.7272811,5.353,12.242,0,1669920473,6,10
1412,-78.6961106,35.7272811,4.852,12.242,0,1669920474,6,10
1413,-78.6961106,35.7272811,4.35,12.242,0,1669920475,6,10
1414,-78.6961106,35.727281,3.848,12.242,0,1669920476,6,10
1415,-78.6961106,35.727281,3.349,12.242,0,1669920477,6,10
1416,-78.6961105,35.727281,2.849,12.242,0,1669920478,6,10
1417,-78.6961106,35.7272811,2.348,12.242,0,1669920479,6,10
1418,-78.6961105,35.727281,1.849,12.242,0,1669920480,6,10
1419,-78.6961105,35.7272809,1.347,12.242,0,1669920481,6,10
1420,-78.6961105,35.727281,0.847,12.242,0,1669920482,6,10
1421,-78.6961105,35.7272809,0.347,12.242,0,1669920483,6,10
1422,-78.6961104,35.7272809,0.082,12.538,0,1669920484,6,10
1423,-78.6961105,35.7272809,0.06,12.538,0,1669920485,6,10
1424,-78.6961105,35.727281,0.048,12.587,0,1669920486,6,10
