num,Longitude,Latitude,Altitude,Volt,Battery Level,time,Fix,Number of Satellite
1,-78.696109,35.7272781,0.0,12.587,100,2022-11-07 23:49:31.197536,6,10
2,-78.696109,35.7272781,0.001,12.587,100,2022-11-07 23:49:32.198004,6,10
3,-78.696109,35.7272781,0.001,12.587,100,2022-11-07 23:49:33.199087,6,10
4,-78.696109,35.7272781,0.001,12.587,100,2022-11-07 23:49:34.200059,6,10
5,-78.696109,35.7272781,0.001,12.587,100,2022-11-07 23:49:35.200706,6,10
6,-78.696109,35.7272781,0.001,12.587,100,2022-11-07 23:49:36.201851,6,10
7,-78.696109,35.7272781,0.001,12.587,100,2022-11-07 23:49:37.202236,6,10
8,-78.696109,35.7272781,0.001,12.587,100,2022-11-07 23:49:38.202594,6,10
9,-78.696109,35.7272781,0.001,12.489,99,2022-11-07 23:49:39.204608,6,10
10,-78.696109,35.7272781,0.07,12.094,99,2022-11-07 23:49:40.204682,6,10
11,-78.6961099,35.7272789,1.316,12.143,99,2022-11-07 23:49:41.204794,6,10
12,-78.6961111,35.7272799,3.262,12.193,99,2022-11-07 23:49:42.205689,6,10
13,-78.6961109,35.7272797,5.448,12.193,99,2022-11-07 23:49:43.206262,6,10
14,-78.6961104,35.7272794,7.747,12.193,99,2022-11-07 23:49:44.207058,6,10
15,-78.6961104,35.7272794,10.117,12.193,98,2022-11-07 23:49:45.207854,6,10
16,-78.6961107,35.7272796,12.531,12.193,98,2022-11-07 23:49:46.208851,6,10
17,-78.6961109,35.7272797,14.978,12.193,98,2022-11-07 23:49:47.209401,6,10
18,-78.6961109,35.7272797,17.435,12.193,98,2022-11-07 23:49:48.210247,6,10
19,-78.6961109,35.7272797,19.911,12.193,98,2022-11-07 23:49:49.210525,6,10
20,-78.696111,35.7272797,22.31,12.193,97,2022-11-07 23:49:50.211107,6,10
21,-78.696111,35.7272798,24.041,12.242,97,2022-11-07 23:49:51.212207,6,10
22,-78.6961111,35.7272798,24.693,12.242,97,2022-11-07 23:49:52.213322,6,10
23,-78.6961111,35.7272798,24.873,12.242,97,2022-11-07 23:49:53.214447,6,10
24,-78.6961111,35.7272799,24.938,12.242,97,2022-11-07 23:49:54.215581,6,10
25,-78.6961111,35.7272799,24.964,12.242,96,2022-11-07 23:49:55.216720,6,10
26,-78.6961112,35.7272799,24.974,12.242,96,2022-11-07 23:49:56.217531,6,10
27,-78.6961116,35.7272805,24.978,12.242,96,2022-11-07 23:49:57.218335,6,10
28,-78.6961149,35.7272856,24.978,12.242,96,2022-11-07 23:49:58.219290,6,10
29,-78.696122,35.7272964,24.975,12.242,96,2022-11-07 23:49:59.220274,6,10
30,-78.6961334,35.7273134,24.971,12.193,96,2022-11-07 23:50:00.220597,6,10
31,-78.6961491,35.7273373,24.968,12.193,95,2022-11-07 23:50:01.221016,6,10
32,-78.6961675,35.7273655,24.971,12.242,95,2022-11-07 23:50:02.221934,6,10
33,-78.6961853,35.7273935,24.976,12.242,95,2022-11-07 23:50:03.222566,6,10
34,-78.696199,35.7274164,24.983,12.242,95,2022-11-07 23:50:04.223331,6,10
35,-78.6962114,35.7274294,24.986,12.242,95,2022-11-07 23:50:05.225355,6,10
36,-78.6962323,35.7274344,24.991,12.242,95,2022-11-07 23:50:06.225746,6,10
37,-78.696263,35.7274372,24.991,12.242,94,2022-11-07 23:50:07.227218,6,10
38,-78.6962975,35.7274398,24.991,12.242,94,2022-11-07 23:50:08.227372,6,10
39,-78.696328,35.7274423,24.994,12.242,94,2022-11-07 23:50:09.227636,6,10
40,-78.696353,35.7274442,24.995,12.242,94,2022-11-07 23:50:10.228208,6,10
41,-78.6963828,35.7274447,24.994,12.242,94,2022-11-07 23:50:11.229164,6,10
42,-78.6964195,35.7274445,24.993,12.193,94,2022-11-07 23:50:12.229787,6,10
43,-78.6964615,35.7274439,24.994,12.193,93,2022-11-07 23:50:13.230853,6,10
44,-78.6965067,35.7274434,24.995,12.242,93,2022-11-07 23:50:14.231567,6,10
45,-78.6965499,35.7274429,24.999,12.242,93,2022-11-07 23:50:15.232631,6,10
46,-78.6965854,35.7274425,25.002,12.242,93,2022-11-07 23:50:16.233239,6,10
47,-78.6966087,35.727442,25.007,12.242,93,2022-11-07 23:50:17.233813,6,10
48,-78.6966318,35.7274413,25.002,12.242,92,2022-11-07 23:50:18.234778,6,10
49,-78.6966628,35.7274401,25.0,12.193,92,2022-11-07 23:50:19.234901,6,10
50,-78.696701,35.7274385,24.999,12.193,92,2022-11-07 23:50:20.235301,6,10
51,-78.6967444,35.7274367,24.994,12.193,92,2022-11-07 23:50:21.236314,6,10
52,-78.6967913,35.7274348,24.992,12.193,92,2022-11-07 23:50:22.236926,6,10
53,-78.6968404,35.727433,24.994,12.193,92,2022-11-07 23:50:23.237562,6,10
54,-78.696891,35.7274314,24.995,12.193,91,2022-11-07 23:50:24.238362,6,10
55,-78.6969397,35.7274298,25.001,12.242,91,2022-11-07 23:50:25.239469,6,10
56,-78.6969822,35.7274283,25.005,12.242,91,2022-11-07 23:50:26.240471,6,10
57,-78.6970128,35.7274271,25.006,12.242,91,2022-11-07 23:50:27.240799,6,10
58,-78.6970353,35.7274258,25.003,12.242,91,2022-11-07 23:50:28.241696,6,10
59,-78.6970629,35.7274241,24.999,12.242,91,2022-11-07 23:50:29.242894,6,10
60,-78.6970984,35.7274216,24.996,12.193,90,2022-11-07 23:50:30.243949,6,10
61,-78.6971396,35.7274187,24.992,12.193,90,2022-11-07 23:50:31.244722,6,10
62,-78.6971851,35.7274156,24.99,12.193,90,2022-11-07 23:50:32.244908,6,10
63,-78.6972332,35.7274125,24.991,12.193,90,2022-11-07 23:50:33.245469,6,10
64,-78.6972811,35.7274095,24.996,12.242,90,2022-11-07 23:50:34.246052,6,10
65,-78.6973239,35.727407,25.002,12.242,89,2022-11-07 23:50:35.247157,6,10
66,-78.697356,35.727405,25.007,12.242,89,2022-11-07 23:50:36.247849,6,10
67,-78.6973801,35.7274031,25.007,12.242,89,2022-11-07 23:50:37.248445,6,10
68,-78.6974087,35.7274,25.003,12.242,89,2022-11-07 23:50:38.248748,6,10
69,-78.6974446,35.7273958,25.0,12.193,89,2022-11-07 23:50:39.249183,6,10
70,-78.6974859,35.7273907,24.997,12.193,89,2022-11-07 23:50:40.250226,6,10
71,-78.6975314,35.7273853,24.991,12.193,88,2022-11-07 23:50:41.250513,6,10
72,-78.6975793,35.7273797,24.99,12.193,88,2022-11-07 23:50:42.251443,6,10
73,-78.6976292,35.7273741,24.99,12.193,88,2022-11-07 23:50:43.252455,6,10
74,-78.6976802,35.7273685,24.991,12.193,88,2022-11-07 23:50:44.253624,6,10
75,-78.6977323,35.7273629,24.994,12.193,88,2022-11-07 23:50:45.253885,6,10
76,-78.6977847,35.7273572,24.995,12.193,88,2022-11-07 23:50:46.254551,6,10
77,-78.6978368,35.7273514,24.999,12.193,87,2022-11-07 23:50:47.255383,6,10
78,-78.6978845,35.727346,25.005,12.242,87,2022-11-07 23:50:48.256125,6,10
79,-78.6979233,35.7273413,25.01,12.242,87,2022-11-07 23:50:49.256347,6,10
80,-78.6979484,35.7273378,25.013,12.242,87,2022-11-07 23:50:50.256937,6,10
81,-78.6979592,35.7273397,25.014,12.242,87,2022-11-07 23:50:51.257569,6,10
82,-78.6979644,35.727349,25.011,12.242,86,2022-11-07 23:50:52.258295,6,10
83,-78.6979713,35.7273641,24.999,12.242,86,2022-11-07 23:50:53.259085,6,10
84,-78.6979829,35.7273856,24.992,12.193,86,2022-11-07 23:50:54.260170,6,10
85,-78.6979988,35.727413,24.986,12.193,86,2022-11-07 23:50:55.260834,6,10
86,-78.6980169,35.7274441,24.985,12.193,86,2022-11-07 23:50:56.261323,6,10
87,-78.6980365,35.7274781,24.984,12.193,86,2022-11-07 23:50:57.262172,6,10
88,-78.6980569,35.7275139,24.984,12.193,85,2022-11-07 23:50:58.263277,6,10
89,-78.6980778,35.7275512,24.987,12.193,85,2022-11-07 23:50:59.264024,6,10
90,-78.6980991,35.7275893,24.989,12.193,85,2022-11-07 23:51:00.264704,6,10
91,-78.6981208,35.7276282,24.991,12.193,85,2022-11-07 23:51:01.265376,6,10
92,-78.6981428,35.7276675,24.995,12.193,85,2022-11-07 23:51:02.266490,6,10
93,-78.6981651,35.7277071,24.995,12.193,84,2022-11-07 23:51:03.267310,6,10
94,-78.6981877,35.7277471,24.997,12.193,84,2022-11-07 23:51:04.268416,6,10
95,-78.6982105,35.7277871,24.999,12.193,84,2022-11-07 23:51:05.269332,6,10
96,-78.6982335,35.7278275,24.999,12.193,84,2022-11-07 23:51:06.269490,6,10
97,-78.6982565,35.7278679,25.0,12.193,84,2022-11-07 23:51:07.269981,6,10
98,-78.6982796,35.7279085,25.0,12.193,84,2022-11-07 23:51:08.270366,6,10
99,-78.6983027,35.727949,25.002,12.193,83,2022-11-07 23:51:09.270698,6,10
100,-78.6983259,35.7279896,25.004,12.193,83,2022-11-07 23:51:10.271141,6,10
101,-78.6983491,35.7280302,25.002,12.193,83,2022-11-07 23:51:11.271461,6,10
102,-78.6983723,35.728071,25.002,12.193,83,2022-11-07 23:51:12.271976,6,10
103,-78.6983954,35.7281117,25.002,12.193,83,2022-11-07 23:51:13.272546,6,10
104,-78.6984186,35.7281525,25.0,12.193,82,2022-11-07 23:51:14.273443,6,10
105,-78.6984418,35.7281933,24.999,12.193,82,2022-11-07 23:51:15.273838,6,10
106,-78.698465,35.7282341,24.999,12.193,82,2022-11-07 23:51:16.274262,6,10
107,-78.6984881,35.7282748,25.0,12.193,82,2022-11-07 23:51:17.274934,6,10
108,-78.6985113,35.7283157,24.999,12.193,82,2022-11-07 23:51:18.275445,6,10
109,-78.6985344,35.7283564,25.0,12.193,82,2022-11-07 23:51:19.276376,6,10
110,-78.6985576,35.7283973,24.998,12.193,81,2022-11-07 23:51:20.277061,6,10
111,-78.6985808,35.728438,24.996,12.193,81,2022-11-07 23:51:21.277510,6,10
112,-78.698604,35.7284788,24.994,12.193,81,2022-11-07 23:51:22.277731,6,10
113,-78.6986272,35.7285196,24.993,12.193,81,2022-11-07 23:51:23.278466,6,10
114,-78.6986504,35.7285604,24.992,12.193,81,2022-11-07 23:51:24.279049,6,10
115,-78.6986736,35.7286012,24.994,12.193,81,2022-11-07 23:51:25.279860,6,10
116,-78.6986968,35.728642,24.997,12.193,80,2022-11-07 23:51:26.280250,6,10
117,-78.6987201,35.7286829,24.995,12.193,80,2022-11-07 23:51:27.280404,6,10
118,-78.6987432,35.7287236,24.996,12.193,80,2022-11-07 23:51:28.281034,6,10
119,-78.6987665,35.7287645,24.997,12.193,80,2022-11-07 23:51:29.281496,6,10
120,-78.6987896,35.7288053,24.997,12.193,80,2022-11-07 23:51:30.282022,6,10
121,-78.6988128,35.7288462,24.996,12.193,79,2022-11-07 23:51:31.282200,6,10
122,-78.698836,35.7288869,24.999,12.193,79,2022-11-07 23:51:32.282428,6,10
123,-78.6988593,35.7289277,24.999,12.193,79,2022-11-07 23:51:33.283072,6,10
124,-78.6988824,35.7289685,24.997,12.193,79,2022-11-07 23:51:34.283778,6,10
125,-78.6989057,35.7290094,24.999,12.193,79,2022-11-07 23:51:35.284719,6,10
126,-78.6989288,35.7290501,25.0,12.193,79,2022-11-07 23:51:36.285402,6,10
127,-78.698952,35.729091,25.001,12.193,78,2022-11-07 23:51:37.285735,6,10
128,-78.6989751,35.7291317,24.999,12.193,78,2022-11-07 23:51:38.286780,6,10
129,-78.6989983,35.7291726,24.999,12.193,78,2022-11-07 23:51:39.287764,6,10
130,-78.6990214,35.7292133,24.997,12.193,78,2022-11-07 23:51:40.288222,6,10
131,-78.6990446,35.7292541,24.997,12.193,78,2022-11-07 23:51:41.288866,6,10
132,-78.6990678,35.7292948,24.995,12.193,77,2022-11-07 23:51:42.289364,6,10
133,-78.699091,35.7293357,24.996,12.193,77,2022-11-07 23:51:43.290000,6,10
134,-78.6991141,35.7293764,24.999,12.193,77,2022-11-07 23:51:44.290438,6,10
135,-78.6991373,35.7294173,25.0,12.193,77,2022-11-07 23:51:45.290934,6,10
136,-78.6991604,35.7294579,25.0,12.193,77,2022-11-07 23:51:46.291300,6,10
137,-78.6991836,35.7294987,24.999,12.193,77,2022-11-07 23:51:47.291961,6,10
138,-78.6992067,35.7295393,25.0,12.193,76,2022-11-07 23:51:48.292128,6,10
139,-78.6992298,35.72958,24.997,12.193,76,2022-11-07 23:51:49.292618,6,10
140,-78.6992529,35.7296207,24.996,12.193,76,2022-11-07 23:51:50.293201,6,10
141,-78.699276,35.7296614,24.995,12.193,76,2022-11-07 23:51:51.293656,6,10
142,-78.6992991,35.7297023,24.995,12.193,76,2022-11-07 23:51:52.293970,6,10
143,-78.6993222,35.729743,24.996,12.193,75,2022-11-07 23:51:53.294314,6,10
144,-78.6993454,35.7297838,24.997,12.193,75,2022-11-07 23:51:54.294694,6,10
145,-78.6993685,35.7298244,24.995,12.193,75,2022-11-07 23:51:55.294907,6,10
146,-78.6993917,35.7298652,24.996,12.193,75,2022-11-07 23:51:56.295173,6,10
147,-78.6994147,35.7299058,24.998,12.193,75,2022-11-07 23:51:57.295593,6,10
148,-78.6994379,35.7299465,25.0,12.193,75,2022-11-07 23:51:58.295951,6,10
149,-78.699461,35.7299871,25.0,12.193,74,2022-11-07 23:51:59.296851,6,10
150,-78.6994841,35.7300279,25.0,12.193,74,2022-11-07 23:52:00.297293,6,10
151,-78.6995072,35.7300686,25.0,12.193,74,2022-11-07 23:52:01.297856,6,10
152,-78.6995304,35.7301093,25.001,12.193,74,2022-11-07 23:52:02.298301,6,10
153,-78.6995535,35.7301499,24.999,12.193,74,2022-11-07 23:52:03.298706,6,10
154,-78.6995766,35.7301907,24.999,12.193,73,2022-11-07 23:52:04.299413,6,10
155,-78.6995997,35.7302313,24.999,12.193,73,2022-11-07 23:52:05.300472,6,10
156,-78.6996224,35.7302715,25.001,12.193,73,2022-11-07 23:52:06.300794,6,10
157,-78.6996432,35.7303084,25.004,12.242,73,2022-11-07 23:52:07.300991,6,10
158,-78.6996599,35.7303392,25.008,12.242,73,2022-11-07 23:52:08.301748,6,10
159,-78.6996708,35.7303603,25.011,12.242,73,2022-11-07 23:52:09.301971,6,10
160,-78.6996744,35.7303687,25.013,12.242,72,2022-11-07 23:52:10.302396,6,10
161,-78.699672,35.7303663,25.014,12.242,72,2022-11-07 23:52:11.303974,6,10
162,-78.6996643,35.730356,25.012,12.242,72,2022-11-07 23:52:12.304297,6,10
163,-78.6996516,35.7303388,25.01,12.242,72,2022-11-07 23:52:13.305239,6,10
164,-78.6996342,35.7303153,25.012,12.193,72,2022-11-07 23:52:14.306207,6,10
165,-78.6996134,35.7302875,25.012,12.193,72,2022-11-07 23:52:15.307151,6,10
166,-78.6995906,35.7302567,25.012,12.193,71,2022-11-07 23:52:16.307753,6,10
167,-78.6995661,35.730224,25.012,12.193,71,2022-11-07 23:52:17.308310,6,10
168,-78.6995406,35.7301901,25.013,12.193,71,2022-11-07 23:52:18.308527,6,10
169,-78.699514,35.7301552,25.01,12.193,71,2022-11-07 23:52:19.309399,6,10
170,-78.6994867,35.7301197,25.008,12.193,71,2022-11-07 23:52:20.309693,6,10
171,-78.6994588,35.7300836,25.006,12.193,70,2022-11-07 23:52:21.310154,6,10
172,-78.6994305,35.7300473,25.007,12.193,70,2022-11-07 23:52:22.311263,6,10
173,-78.6994017,35.7300105,25.007,12.193,70,2022-11-07 23:52:23.311964,6,10
174,-78.6993728,35.7299736,25.006,12.193,70,2022-11-07 23:52:24.312735,6,10
175,-78.699344,35.7299365,25.006,12.193,70,2022-11-07 23:52:25.313734,6,10
176,-78.6993151,35.7298995,25.005,12.193,70,2022-11-07 23:52:26.313958,6,10
177,-78.6992861,35.7298623,25.006,12.193,69,2022-11-07 23:52:27.315022,6,10
178,-78.699257,35.7298253,25.005,12.193,69,2022-11-07 23:52:28.315424,6,10
179,-78.6992279,35.7297881,25.005,12.193,69,2022-11-07 23:52:29.316383,6,10
180,-78.699199,35.7297509,25.005,12.193,69,2022-11-07 23:52:30.317052,6,10
181,-78.6991699,35.7297137,25.006,12.193,69,2022-11-07 23:52:31.317931,6,10
182,-78.699141,35.7296766,25.007,12.193,68,2022-11-07 23:52:32.318249,6,10
183,-78.699112,35.7296394,25.007,12.193,68,2022-11-07 23:52:33.319002,6,10
184,-78.699083,35.7296022,25.004,12.193,68,2022-11-07 23:52:34.319792,6,10
185,-78.6990539,35.7295649,25.003,12.193,68,2022-11-07 23:52:35.320653,6,10
186,-78.6990249,35.7295277,25.002,12.193,68,2022-11-07 23:52:36.321270,6,10
187,-78.6989957,35.7294903,25.0,12.193,68,2022-11-07 23:52:37.321873,6,10
188,-78.6989667,35.729453,25.001,12.193,67,2022-11-07 23:52:38.322404,6,10
189,-78.6989375,35.7294157,25.0,12.193,67,2022-11-07 23:52:39.322818,6,10
190,-78.6989084,35.7293783,24.999,12.193,67,2022-11-07 23:52:40.323529,6,10
191,-78.6988794,35.7293409,24.999,12.193,67,2022-11-07 23:52:41.324343,6,10
192,-78.6988503,35.7293035,24.998,12.193,67,2022-11-07 23:52:42.324917,6,10
193,-78.6988213,35.7292662,24.998,12.193,66,2022-11-07 23:52:43.325081,6,10
194,-78.6987921,35.7292287,24.996,12.193,66,2022-11-07 23:52:44.325596,6,10
195,-78.698763,35.7291914,24.998,12.193,66,2022-11-07 23:52:45.325988,6,10
196,-78.6987337,35.7291538,24.998,12.193,66,2022-11-07 23:52:46.326156,6,10
197,-78.6987046,35.7291165,24.999,12.193,66,2022-11-07 23:52:47.326726,6,10
198,-78.6986753,35.7290789,24.999,12.193,66,2022-11-07 23:52:48.327642,6,10
199,-78.6986462,35.7290415,25.0,12.193,65,2022-11-07 23:52:49.328695,6,10
200,-78.698617,35.7290039,25.001,12.193,65,2022-11-07 23:52:50.329828,6,10
201,-78.6985878,35.7289665,25.0,12.193,65,2022-11-07 23:52:51.329964,6,10
202,-78.6985586,35.7289289,25.001,12.193,65,2022-11-07 23:52:52.330088,6,10
203,-78.6985295,35.7288914,24.999,12.193,65,2022-11-07 23:52:53.330277,6,10
204,-78.6985002,35.7288538,24.999,12.193,64,2022-11-07 23:52:54.331315,6,10
205,-78.698471,35.7288163,24.999,12.193,64,2022-11-07 23:52:55.332402,6,10
206,-78.6984416,35.7287786,24.995,12.193,64,2022-11-07 23:52:56.332974,6,10
207,-78.6984123,35.7287411,24.995,12.193,64,2022-11-07 23:52:57.333969,6,10
208,-78.698383,35.7287034,24.995,12.193,64,2022-11-07 23:52:58.334338,6,10
209,-78.6983537,35.7286658,24.994,12.193,64,2022-11-07 23:52:59.334905,6,10
210,-78.6983244,35.7286281,24.995,12.193,63,2022-11-07 23:53:00.335548,6,10
211,-78.6982951,35.7285905,24.995,12.193,63,2022-11-07 23:53:01.336219,6,10
212,-78.6982657,35.7285528,24.997,12.193,63,2022-11-07 23:53:02.336764,6,10
213,-78.6982363,35.7285152,24.999,12.193,63,2022-11-07 23:53:03.337746,6,10
214,-78.698207,35.7284775,24.999,12.193,63,2022-11-07 23:53:04.338137,6,10
215,-78.6981776,35.7284398,24.999,12.193,62,2022-11-07 23:53:05.338666,6,10
216,-78.6981482,35.7284021,24.999,12.193,62,2022-11-07 23:53:06.339567,6,10
217,-78.6981188,35.7283643,25.001,12.193,62,2022-11-07 23:53:07.340037,6,10
218,-78.6980895,35.7283265,25.001,12.193,62,2022-11-07 23:53:08.341210,6,10
219,-78.69806,35.7282886,25.001,12.193,62,2022-11-07 23:53:09.342240,6,10
220,-78.6980307,35.7282509,25.002,12.193,62,2022-11-07 23:53:10.342435,6,10
221,-78.6980012,35.728213,25.002,12.193,61,2022-11-07 23:53:11.343346,6,10
222,-78.6979719,35.7281753,25.002,12.193,61,2022-11-07 23:53:12.343844,6,10
223,-78.6979424,35.7281375,25.0,12.193,61,2022-11-07 23:53:13.344475,6,10
224,-78.697913,35.7280997,24.999,12.193,61,2022-11-07 23:53:14.344651,6,10
225,-78.6978836,35.7280618,24.999,12.193,61,2022-11-07 23:53:15.346053,6,10
226,-78.6978541,35.728024,25.001,12.193,60,2022-11-07 23:53:16.346221,6,10
227,-78.6978246,35.7279861,25.001,12.193,60,2022-11-07 23:53:17.347168,6,10
228,-78.6977951,35.7279483,25.002,12.193,60,2022-11-07 23:53:18.348107,6,10
229,-78.6977655,35.7279104,25.002,12.193,60,2022-11-07 23:53:19.348508,6,10
230,-78.697736,35.7278726,25.006,12.193,60,2022-11-07 23:53:20.349237,6,10
231,-78.6977064,35.7278346,25.01,12.193,60,2022-11-07 23:53:21.349725,6,10
232,-78.697677,35.7277967,25.011,12.193,59,2022-11-07 23:53:22.350691,6,10
233,-78.6976474,35.7277587,25.01,12.193,59,2022-11-07 23:53:23.351590,6,10
234,-78.6976179,35.7277208,25.007,12.193,59,2022-11-07 23:53:24.351865,6,10
235,-78.6975884,35.7276827,25.005,12.193,59,2022-11-07 23:53:25.352178,6,10
236,-78.6975589,35.7276447,25.003,12.193,59,2022-11-07 23:53:26.352747,6,10
237,-78.6975292,35.7276067,25.005,12.193,59,2022-11-07 23:53:27.354418,6,10
238,-78.6974997,35.7275688,25.004,12.193,58,2022-11-07 23:53:28.355222,6,10
239,-78.6974702,35.7275308,25.004,12.193,58,2022-11-07 23:53:29.355947,6,10
240,-78.697441,35.7274934,25.004,12.193,58,2022-11-07 23:53:30.356369,6,10
241,-78.6974139,35.7274586,25.009,12.242,58,2022-11-07 23:53:31.356998,6,10
242,-78.6973916,35.7274297,25.012,12.242,58,2022-11-07 23:53:32.357250,6,10
243,-78.697376,35.7274093,25.011,12.242,57,2022-11-07 23:53:33.358157,6,10
244,-78.6973636,35.7274002,25.005,12.242,57,2022-11-07 23:53:34.358942,6,10
245,-78.6973451,35.7274,24.997,12.242,57,2022-11-07 23:53:35.359253,6,10
246,-78.6973165,35.7274031,24.994,12.193,57,2022-11-07 23:53:36.360072,6,10
247,-78.6972795,35.7274068,24.995,12.193,57,2022-11-07 23:53:37.360889,6,10
248,-78.6972364,35.7274104,24.996,12.193,57,2022-11-07 23:53:38.361889,6,10
249,-78.6971898,35.7274138,24.995,12.193,56,2022-11-07 23:53:39.362310,6,10
250,-78.6971413,35.7274168,24.999,12.242,56,2022-11-07 23:53:40.363133,6,10
251,-78.6970953,35.7274195,25.003,12.242,56,2022-11-07 23:53:41.363357,6,10
252,-78.6970566,35.7274216,25.005,12.242,56,2022-11-07 23:53:42.364352,6,10
253,-78.6970305,35.727423,25.004,12.242,56,2022-11-07 23:53:43.366363,6,10
254,-78.6970125,35.7274239,25.0,12.242,56,2022-11-07 23:53:44.367022,6,10
255,-78.6969881,35.727425,24.994,12.242,55,2022-11-07 23:53:45.367672,6,10
256,-78.6969546,35.7274267,24.994,12.193,55,2022-11-07 23:53:46.368503,6,10
257,-78.6969145,35.7274287,24.995,12.193,55,2022-11-07 23:53:47.369108,6,10
258,-78.6968698,35.7274309,24.995,12.193,55,2022-11-07 23:53:48.369854,6,10
259,-78.6968221,35.7274332,24.997,12.193,55,2022-11-07 23:53:49.370392,6,10
260,-78.6967724,35.7274355,24.997,12.193,54,2022-11-07 23:53:50.371024,6,10
261,-78.6967224,35.7274377,25.001,12.242,54,2022-11-07 23:53:51.372037,6,10
262,-78.6966757,35.7274398,25.005,12.242,54,2022-11-07 23:53:52.372349,6,10
263,-78.6966378,35.7274414,25.007,12.242,54,2022-11-07 23:53:53.372770,6,10
264,-78.6966114,35.7274424,25.004,12.242,54,2022-11-07 23:53:54.372924,6,10
265,-78.6965854,35.7274425,24.997,12.242,54,2022-11-07 23:53:55.373160,6,10
266,-78.6965527,35.7274422,24.995,12.193,53,2022-11-07 23:53:56.373307,6,10
267,-78.6965136,35.7274418,24.997,12.193,53,2022-11-07 23:53:57.374299,6,10
268,-78.6964699,35.7274412,24.999,12.193,53,2022-11-07 23:53:58.374538,6,10
269,-78.6964254,35.7274407,25.001,12.242,53,2022-11-07 23:53:59.374595,6,10
270,-78.6963857,35.7274401,25.002,12.242,53,2022-11-07 23:54:00.375037,6,10
271,-78.6963565,35.7274398,25.003,12.242,52,2022-11-07 23:54:01.375760,6,10
272,-78.696335,35.7274386,24.999,12.242,52,2022-11-07 23:54:02.376460,6,10
273,-78.6963081,35.7274358,24.995,12.242,52,2022-11-07 23:54:03.377017,6,10
274,-78.696275,35.7274319,24.999,12.242,52,2022-11-07 23:54:04.377600,6,10
275,-78.6962413,35.7274279,25.001,12.242,52,2022-11-07 23:54:05.377794,6,10
276,-78.6962149,35.7274249,25.002,12.242,52,2022-11-07 23:54:06.378602,6,10
277,-78.6961994,35.7274192,24.999,12.242,51,2022-11-07 23:54:07.378854,6,10
278,-78.696188,35.727405,24.995,12.242,51,2022-11-07 23:54:08.379268,6,10
279,-78.696174,35.7273824,24.992,12.193,51,2022-11-07 23:54:09.379535,6,10
280,-78.6961566,35.7273547,24.989,12.242,51,2022-11-07 23:54:10.379794,6,10
281,-78.696138,35.7273257,24.992,12.242,51,2022-11-07 23:54:11.380924,6,10
282,-78.6961215,35.7273002,24.996,12.242,51,2022-11-07 23:54:12.381991,6,10
283,-78.6961103,35.727283,24.986,12.242,50,2022-11-07 23:54:13.383002,6,10
284,-78.6961065,35.7272769,24.554,12.291,50,2022-11-07 23:54:14.383808,6,10
285,-78.6961068,35.7272772,23.182,12.291,50,2022-11-07 23:54:15.384207,6,10
286,-78.696108,35.727279,21.598,12.242,50,2022-11-07 23:54:16.385075,6,10
287,-78.6961085,35.7272801,20.089,12.242,50,2022-11-07 23:54:17.385640,6,10
288,-78.6961084,35.7272802,18.595,12.242,50,2022-11-07 23:54:18.386173,6,10
289,-78.6961082,35.7272799,17.097,12.242,49,2022-11-07 23:54:19.386582,6,10
290,-78.696108,35.7272796,15.599,12.242,49,2022-11-07 23:54:20.387395,6,10
291,-78.6961079,35.7272795,14.1,12.242,49,2022-11-07 23:54:21.388521,6,10
292,-78.6961079,35.7272794,12.6,12.242,49,2022-11-07 23:54:22.389395,6,10
293,-78.696108,35.7272794,11.105,12.242,49,2022-11-07 23:54:23.390202,6,10
294,-78.6961081,35.7272794,9.941,12.193,49,2022-11-07 23:54:24.390620,6,10
295,-78.6961081,35.7272794,9.468,12.242,49,2022-11-07 23:54:25.391196,6,10
296,-78.6961081,35.7272794,9.011,12.242,48,2022-11-07 23:54:26.391702,6,10
297,-78.6961081,35.7272794,8.51,12.242,48,2022-11-07 23:54:27.392406,6,10
298,-78.6961081,35.7272794,8.005,12.242,48,2022-11-07 23:54:28.393006,6,10
299,-78.696108,35.7272794,7.503,12.242,48,2022-11-07 23:54:29.393883,6,10
300,-78.696108,35.7272794,6.999,12.242,48,2022-11-07 23:54:30.394520,6,10
301,-78.696108,35.7272794,6.499,12.242,48,2022-11-07 23:54:31.395446,6,10
302,-78.696108,35.7272794,5.998,12.242,47,2022-11-07 23:54:32.395933,6,10
303,-78.696108,35.7272794,5.497,12.242,47,2022-11-07 23:54:33.396629,6,10
304,-78.696108,35.7272794,4.992,12.242,47,2022-11-07 23:54:34.397448,6,10
305,-78.6961079,35.7272794,4.491,12.242,47,2022-11-07 23:54:35.398110,6,10
306,-78.6961079,35.7272793,3.99,12.242,47,2022-11-07 23:54:36.398759,6,10
307,-78.696108,35.7272793,3.489,12.242,47,2022-11-07 23:54:37.399682,6,10
308,-78.696108,35.7272794,2.989,12.242,46,2022-11-07 23:54:38.400427,6,10
309,-78.696108,35.7272794,2.49,12.242,46,2022-11-07 23:54:39.401165,6,10
310,-78.6961079,35.7272794,1.989,12.242,46,2022-11-07 23:54:40.401724,6,10
311,-78.696108,35.7272794,1.49,12.242,46,2022-11-07 23:54:41.402732,6,10
312,-78.6961079,35.7272793,0.99,12.242,46,2022-11-07 23:54:42.403419,6,10
313,-78.6961079,35.7272793,0.491,12.242,46,2022-11-07 23:54:43.403658,6,10
314,-78.6961078,35.7272793,0.049,12.39,45,2022-11-07 23:54:44.403863,6,10
315,-78.6961079,35.7272793,0.03,12.538,45,2022-11-07 23:54:45.404698,6,10
