Time,eNB rnti,eNB DL cqi,eNB DL ri,eNB DL mcs,eNB DL brate [Mbps],eNB DL ACK,eNB DL NACK,eNB DL NACK:ACK [%],eNB UL pusch,eNB UL pucch,eNB UL phr,eNB UL mcs,eNB UL brate [Mbps],eNB UL ACK,eNB UL NACK,eNB UL NACK:ACK [%],eNB UL bsr [kilo]
1669919054,46,15,0,2,0.01,5,0,0,52.2,29,40,10,0.102,4,0,0,0
1669919055,46,15,2,5,0.014,11,0,0,48.8,29,40,17,0.104,8,0,0,0
1669919056,46,15,0,0,0,0,0,0,0,13.9,0,0,0,0,0,0,0
1669919057,46,15,2,13,0.049,18,0,0,46.9,30.1,40,18,1.4,42,0,0,23.2
1669919058,46,15,2,12,0.48,171,0,0,40,0,40,23,22,231,5,2,46.3
1669919059,46,15,2,11,0.467,211,0,0,40.3,0,40,23,23,243,0,0,72.3
1669919060,46,15,2,11,0.479,208,0,0,39.3,0,40,23,22,240,1,0,107
1669919061,46,15,0,11,0.492,214,0,0,39.8,0,40,23,22,253,1,0,128
1669919062,46,15,2,11,0.494,217,0,0,39.3,0,40,23,22,252,1,0,131
1669919063,46,15,2,11,0.484,202,0,0,40,0,40,23,22,245,2,0,132
1669919064,46,15,2,11,0.469,191,0,0,39.8,0,40,23,22,239,4,1,128
1669919065,46,15,0,11,0.444,179,0,0,39.5,36.9,40,23,22,243,6,2,129
1669919066,46,15,2,11,0.491,215,0,0,41.7,0,40,23,23,248,0,0,128
1669919067,46,15,2,16,0.906,217,0,0,39,0,40,23,22,250,2,0,131
1669919068,46,15,2,18,1.1,217,0,0,39.8,36.9,40,23,22,246,1,0,129
1669919069,46,15,2,17,0.892,200,0,0,39.6,0,40,23,22,243,4,1,130
1669919070,46,15,0,14,0.689,217,0,0,40,0,40,23,22,246,1,0,132
1669919071,46,15,2,20,1.3,224,0,0,39.8,0,40,23,22,248,1,0,129
1669919072,46,15,2,11,0.515,215,0,0,39.2,0,40,23,23,249,0,0,132
1669919073,46,15,2,11,0.439,210,0,0,38.5,0,40,23,23,251,0,0,129
1669919074,46,15,0,11,0.419,194,0,0,40.1,0,40,23,22,244,3,1,131
1669919075,46,15,2,11,0.436,190,0,0,40,0,40,23,22,240,1,0,131
1669919076,46,15,2,11,0.428,189,0,0,40,0,40,23,22,248,2,0,129
1669919077,46,15,2,11,0.437,198,0,0,39.7,0,40,23,22,245,1,0,131
1669919078,46,15,2,11,0.442,210,0,0,41.1,0,40,23,23,250,0,0,128
1669919079,46,15,0,11,0.419,188,0,0,39.4,0,40,23,22,247,3,1,131
1669919080,46,15,2,11,0.439,203,0,0,39.2,0,40,23,23,245,0,0,132
1669919081,46,15,2,11,0.432,210,0,0,39.6,0,40,23,22,254,1,0,131
1669919082,46,15,2,19,1.2,201,0,0,39.5,0,40,23,22,244,3,1,132
1669919083,46,15,0,13,0.639,215,0,0,39.5,0,40,23,23,249,0,0,130
1669919084,46,15,2,11,0.435,198,0,0,39.7,0,40,23,22,246,1,0,131
1669919085,46,15,2,11,0.416,189,0,0,39.9,33.4,40,23,22,246,2,0,129
1669919086,46,15,2,11,0.448,202,0,0,40,0,40,23,22,245,1,0,130
1669919087,46,15,2,19,1.3,219,0,0,39.5,0,40,23,22,250,2,0,128
1669919088,46,15,0,11,0.437,199,0,0,39.2,0,40,23,22,248,2,0,131
1669919089,46,15,2,11,0.433,193,0,0,41.2,0,40,23,22,238,1,0,130
1669919090,46,15,2,11,0.439,202,0,0,39.8,0,40,23,23,242,0,0,131
1669919091,46,15,2,11,0.437,207,0,0,40.2,0,40,23,23,252,0,0,129
1669919092,46,15,0,11,0.433,203,0,0,39.3,0,40,23,22,245,1,0,130
1669919093,46,15,2,11,0.443,200,0,0,39.4,0,40,23,22,248,1,0,128
1669919094,46,15,2,11,0.432,204,0,0,40.6,0,40,23,22,249,1,0,130
1669919095,46,15,2,11,0.424,194,0,0,38.6,0,40,23,22,251,3,1,129
1669919096,46,15,0,11,0.426,190,0,0,39.1,0,40,23,22,245,2,0,131
1669919097,46,15,2,11,0.431,188,0,0,40,0,40,23,22,249,3,1,129
1669919098,46,15,2,18,1.2,206,0,0,39.5,0,40,23,22,236,2,0,128
1669919099,46,15,2,13,0.68,196,0,0,38.9,0,40,23,22,242,1,0,129
1669919100,46,15,2,11,0.417,174,0,0,37.8,36.9,40,23,22,242,6,2,131
1669919101,46,15,0,11,0.431,183,0,0,36.8,0,40,23,22,244,3,1,128
1669919102,46,15,2,11,0.389,154,0,0,34.4,33.3,40,23,22,238,10,4,130
1669919103,46,15,2,11,0.4,162,0,0,33.9,0,40,23,22,241,9,3,128
1669919104,46,15,2,12,0.338,110,0,0,31.3,36.9,40,23,21,231,16,6,130
1669919105,46,15,0,12,0.363,120,0,0,29.5,0,40,23,20,229,23,9,128
1669919106,46,15,2,12,0.304,95,0,0,28.9,36.9,40,23,20,221,27,10,129
1669919107,46,15,2,13,0.268,74,0,0,26.4,0,40,23,19,216,37,14,132
1669919108,46,15,2,14,0.291,72,0,0,25.8,0,40,23,19,211,39,15,132
1669919109,46,15,2,14,0.241,56,0,0,23.8,0,40,23,17,187,55,22,129
1669919110,46,15,0,15,0.229,52,0,0,24.8,0,40,23,18,181,41,18,127
1669919111,46,15,2,14,0.279,46,0,0,21.5,35.1,40,23,16,156,49,23,130
1669919112,46,15,2,21,1,57,0,0,23.1,34.5,40,22,17,178,51,22,131
1669919113,46,15,2,15,0.41,73,0,0,22.8,0,40,22,17,200,45,18,128
1669919114,46,15,0,13,0.189,59,0,0,22.8,34.1,40,22,16,196,47,19,132
1669919115,46,15,2,14,0.219,65,0,0,22.8,34.2,40,21,16,202,44,17,134
1669919116,46,15,2,18,0.822,80,0,0,23.2,35.3,40,21,16,210,38,15,129
1669919117,46,15,2,16,0.511,72,0,0,22.1,0,40,19,15,206,39,15,133
1669919118,46,15,0,14,0.204,53,0,0,22.7,34.7,40,20,15,208,37,15,138
1669919119,46,15,2,13,0.208,65,0,0,21.7,34.3,40,18,14,213,31,12,138
1669919120,46,15,2,12,0.206,74,0,0,21.2,35.5,40,17,13,224,24,9,135
1669919121,46,15,2,13,0.227,76,0,0,21.6,33.4,40,17,13,222,28,11,133
1669919122,46,15,2,12,0.189,70,0,0,21.3,33.4,40,17,13,216,32,12,137
1669919123,46,15,0,11,0.188,79,0,0,19.8,0,40,14,11,234,19,7,139
1669919124,46,15,2,12,0.198,80,1,1,19.7,0,40,14,11,230,17,6,144
1669919125,46,15,2,13,0.163,48,0,0,19.8,0,40,14,10,221,24,9,142
1669919126,46,15,2,12,0.155,67,3,4,18.5,0,40,12,8.7,237,18,7,137
1669919127,46,15,0,11,0.129,56,3,5,16.5,0,40,10,7.4,233,18,7,146
1669919128,46,13,2,13,0.341,81,2,2,17.5,33.4,40,11,7.8,234,19,7,143
1669919129,46,15,2,16,0.486,70,3,4,17.7,35.1,40,12,8.3,227,24,9,147
1669919130,46,15,2,14,0.411,91,6,6,16,0,40,9,6.7,235,13,5,144
1669919131,46,15,2,13,0.271,72,6,7,15.6,36.9,40,9,6.6,235,18,7,143
1669919132,46,15,0,13,0.33,88,11,11,15.2,0,40,8,6.3,235,14,5,145
1669919133,46,15,2,12,0.151,60,3,4,15,0,40,8,6.2,241,15,5,146
1669919134,46,15,2,11,0.107,50,10,16,14.4,0,40,7,5.4,238,11,4,146
1669919135,46,15,2,12,0.106,45,6,11,14.6,33.4,40,8,5.9,241,17,6,149
1669919136,46,15,2,11,0.09,41,10,19,13,0,40,6,4.4,242,16,6,149
1669919137,46,15,0,11,0.094,44,5,10,13.8,33.4,40,6,4.8,245,14,5,148
1669919138,46,15,2,11,0.066,33,13,28,11.1,0,40,4,3.1,246,12,4,151
1669919139,46,15,2,11,0.057,29,4,12,11.2,0,40,3,3,243,14,5,147
1669919140,46,15,2,11,0.069,35,5,12,11.7,33.4,40,4,3.3,244,10,3,148
1669919141,46,15,2,11,0.052,25,10,28,11.3,0,40,3,2.9,240,16,6,151
1669919142,46,15,0,11,0.06,29,10,25,10.8,35.1,40,4,3.1,233,23,8,147
1669919143,46,15,2,12,0.071,26,8,23,10.2,33.4,40,3,2.4,237,18,7,151
1669919144,46,15,2,14,0.125,39,24,38,10.2,0,40,3,2.5,232,21,8,148
1669919145,46,15,2,11,0.104,39,22,36,9.2,0,40,1,1.8,231,23,9,152
1669919146,46,15,2,12,0.089,30,12,28,9,35.9,40,1,1.8,230,23,9,148
1669919147,46,13,0,12,0.079,28,18,39,8.3,0,40,1,1.5,223,31,12,151
1669919148,46,12,2,11,0.085,27,18,40,8.6,35.9,40,1,1.6,217,31,12,150
1669919149,46,15,2,11,0.055,25,17,40,8.5,0,40,1,1.7,228,28,10,149
1669919150,46,12,2,8,0.034,21,18,46,8.5,0,40,1,1.5,221,34,13,152
1669919151,46,15,2,10,0.033,17,13,43,7.8,35.5,40,1,1.5,222,32,12,148
1669919152,46,11,0,8,0.018,9,29,76,6.5,34.4,40,1,1.2,189,57,23,149
1669919153,46,15,2,11,0.051,20,19,48,6.8,33.4,40,1,1.3,200,53,20,152
1669919154,46,15,2,13,0.05,17,16,48,6.1,33.4,40,1,1,201,51,20,154
1669919155,46,11,2,12,0.065,17,14,45,7,33.4,40,1,1.2,198,44,18,151
1669919156,46,15,2,14,0.071,19,23,54,7.2,0,40,1,1.3,193,61,24,150
1669919157,46,15,0,13,0.043,14,33,70,5.3,0,40,1,0.987,191,62,24,150
1669919158,46,15,2,15,0.046,14,15,51,5.2,0,40,1,0.892,170,75,30,150
1669919159,46,13,2,11,0.037,11,20,64,4.8,33.4,40,0,0.991,191,61,24,153
1669919160,46,15,2,14,0.047,15,19,55,4.6,36.9,40,0,0.892,181,67,27,149
1669919161,46,15,2,14,0.046,12,15,55,4.8,0,40,0,0.985,187,67,26,153
1669919162,46,13,0,15,0.035,11,20,64,4.5,35.1,40,1,0.967,171,81,32,152
1669919163,46,15,2,11,0.041,12,15,55,4.5,34.7,40,1,0.831,166,80,32,149
1669919164,46,11,2,7,0.038,12,31,72,4.8,33.4,40,1,0.88,163,81,33,150
1669919165,46,11,2,9,0.0098,2,17,89,4.8,0,40,1,0.829,124,91,42,151
1669919166,46,12,0,10,0.027,8,14,63,3.3,36.9,40,1,0.72,126,83,39,156
1669919167,46,11,2,7,0.021,4,9,69,4.2,33.4,40,1,0.821,129,82,38,149
1669919168,46,13,2,12,0.028,5,2,28,4.2,33.4,40,1,0.736,122,77,38,152
1669919169,46,14,0,14,0.018,4,4,50,4,0,40,1,0.665,111,93,45,152
1669919170,46,15,2,9,0.021,7,27,79,3.6,30.1,40,1,0.747,129,79,37,129
1669919171,46,12,2,13,0.025,4,16,80,4.8,35.9,40,1,0.797,116,91,43,128
1669919172,46,11,2,6,0.026,8,18,69,4.4,34.3,40,1,0.723,133,97,42,130
1669919173,46,14,0,7,0.021,6,17,73,3.3,0,40,1,0.691,144,105,42,113
1669919174,46,15,2,8,0.018,8,10,55,3.5,0,40,1,0.637,125,110,46,92.8
1669919175,46,14,2,0,0.0061,1,8,88,3.4,33.3,40,1,0.56,109,134,55,95.6
1669919176,46,14,2,13,0.0083,2,6,75,4,33.3,40,2,0.749,113,136,54,65.3
1669919177,46,12,2,8,0.017,3,5,62,3.1,0,40,1,0.588,111,134,54,58.1
1669919178,46,14,0,14,0,0,8,100,2.6,33.4,40,1,0.505,105,141,57,42.3
1669919179,46,13,2,18,0.0029,1,2,66,3.1,33.3,40,2,0.579,109,136,55,22.5
1669919180,46,13,2,10,0.011,2,5,71,2.9,33.3,40,1,0.487,101,146,59,13.1
1669919181,46,13,2,9,0.0029,1,7,87,3.3,0,40,1,0.532,107,139,56,0
1669919182,46,15,2,14,0.0087,2,5,71,2.6,0,40,1,0.404,87,150,63,37.1
1669919183,46,13,0,0,0.0029,1,5,83,2.8,33.4,40,2,0.614,107,138,56,35.3
1669919184,46,12,2,0,0.0059,2,3,60,2.4,33.4,40,3,0.495,82,164,66,16.5
1669919185,46,13,2,0,0,0,0,0,2.1,28.3,40,2,0.396,82,140,63,0
1669919186,46,15,2,0,0,0,0,0,0,9.1,0,0,0,0,0,0,0
1669919187,46,15,2,0,0,0,0,0,0,10.8,0,0,0,0,0,0,0
1669919188,46,15,2,0,0,0,0,0,0,12.5,0,0,0,0,0,0,0
1669919189,46,15,2,0,0,0,0,0,0,13.5,0,0,0,0,0,0,0
1669919190,46,15,0,0,0,0,0,0,0,12.5,0,0,0,0,0,0,0
1669919191,46,15,2,0,0,0,0,0,0,10.3,0,0,0,0,0,0,0
1669919192,46,15,2,0,0,0,0,0,0,11.2,0,0,0,0,0,0,0
1669919193,46,15,2,0,0,0,0,0,0,13.6,0,0,0,0,2,100,0
1669919194,46,15,2,0,0,0,0,0,0,13.9,0,0,0,0,2,100,0
1669919195,46,15,2,0,0,0,0,0,2.1,10.3,40,0,0.05,11,19,63,0
1669919196,46,15,0,0,0,0,0,0,0,9.8,0,0,0,0,0,0,0
1669919197,46,15,2,0,0,0,0,0,0,10.8,0,0,0,0,0,0,0
1669919198,46,15,2,0,0,0,0,0,0,10.3,0,0,0,0,0,0,0
1669919199,46,15,2,0,0,0,0,0,0,11.5,0,0,0,0,0,0,0
1669919200,46,15,2,0,0,0,0,0,0,9.8,0,0,0,0,0,0,0
1669919201,46,15,2,0,0,0,0,0,0,11.3,0,0,0,0,0,0,0
1669919202,46,15,2,0,0,0,0,0,0,10.1,0,0,0,0,0,0,0
1669919203,46,15,0,0,0,0,0,0,0,7.9,0,0,0,0,0,0,0
1669919204,46,15,2,0,0,0,0,0,0,7.4,0,0,0,0,0,0,0
1669919205,46,15,2,0,0,0,0,0,0,10.6,0,0,0,0,0,0,0
1669919206,46,15,2,0,0,0,0,0,0,12.5,0,0,0,0,0,0,0
1669919207,46,15,2,0,0,0,0,0,0,9,0,0,0,0,0,0,0
1669919208,46,15,2,0,0,0,0,0,0,13.8,0,0,0,0,0,0,0
1669919209,46,15,0,0,0,0,0,0,0,12.2,0,0,0,0,0,0,0
1669919210,46,15,2,0,0,0,0,0,0,6.2,0,0,0,0,0,0,0
1669919211,46,15,2,0,0,0,0,0,0.7,10.1,0,0,0,0,4,100,0
1669919212,46,15,0,0,0,0,0,0,0.5,13,0,0,0,0,2,100,0
1669919213,46,15,2,0,0,0,0,0,0.7,12,0,0,0,0,2,100,0
1669919214,46,15,2,0,0,0,0,0,43.9,13.9,40,12,0.087,4,0,0,0
1669919215,46,15,2,0,0,0,0,0,0,10.4,0,0,0,0,0,0,0
1669919216,46,15,0,0,0,0,0,0,0,10.3,0,0,0,0,0,0,0
1669919217,46,15,2,0,0,0,0,0,0,11.2,0,0,0,0,0,0,0
1669919218,46,15,2,0,0,0,0,0,0,12.8,0,0,0,0,0,0,0
1669919219,46,15,2,0,0,0,0,0,0,8.5,0,0,0,0,0,0,0
1669919220,46,15,2,0,0,0,0,0,0,9.8,0,0,0,0,0,0,0
1669919221,46,15,0,0,0,0,0,0,0,9.5,0,0,0,0,0,0,0
1669919222,46,15,2,0,0,0,0,0,0,8.8,0,0,0,0,0,0,0
1669919223,46,15,2,0,0,0,0,0,0,8.9,0,0,0,0,0,0,0
1669919224,46,15,2,0,0,0,0,0,0,6.9,0,0,0,0,0,0,0
1669919225,46,15,2,0,0,0,0,0,0,7.2,0,0,0,0,0,0,0
1669919226,46,15,0,0,0,0,0,0,0,9.8,0,0,0,0,0,0,0
1669919227,46,15,2,0,0,0,0,0,0,7.7,0,0,0,0,0,0,0
1669919228,46,15,2,0,0,0,0,0,0,10.1,0,0,0,0,0,0,0
1669919229,46,15,2,0,0,0,0,0,0,9.4,0,0,0,0,0,0,0
1669919230,46,15,2,0,0,0,0,0,0,13.8,0,0,0,0,0,0,0
1669919231,46,15,2,0,0,0,0,0,0,9.6,0,0,0,0,0,0,0
1669919232,46,15,0,0,0,0,0,0,0,12.8,0,0,0,0,0,0,0
1669919233,46,15,2,0,0,0,0,0,0,10.7,0,0,0,0,0,0,0
1669919234,46,15,2,0,0,0,0,0,0,9,0,0,0,0,0,0,0
1669919235,46,15,2,0,0,0,0,0,0,8.7,0,0,0,0,0,0,0
1669919236,46,15,2,0,0,0,0,0,0,14.2,0,0,0,0,0,0,0
1669919237,46,15,0,0,0,0,0,0,0,8.7,0,0,0,0,0,0,0
1669919238,46,15,2,0,0,0,0,0,0,6.4,0,0,0,0,0,0,0
1669919239,46,15,2,0,0,0,0,0,0,8.7,0,0,0,0,0,0,0
1669919240,46,15,2,0,0,0,0,0,0,10.5,0,0,0,0,0,0,0
1669919241,46,15,2,0,0,0,0,0,0,9.6,0,0,0,0,0,0,0
1669919242,46,15,2,0,0,0,0,0,0,10.5,0,0,0,0,0,0,0
1669919243,46,15,0,0,0,0,0,0,0,10.1,0,0,0,0,0,0,0
1669919244,46,15,2,0,0,0,0,0,0,11.9,0,0,0,0,0,0,0
1669919245,46,15,2,0,0,0,0,0,0,13.8,0,0,0,0,0,0,0
1669919246,46,15,2,0,0,0,0,0,0,8.8,0,0,0,0,0,0,0
1669919247,46,15,2,0,0,0,0,0,0,11,0,0,0,0,0,0,0
1669919248,46,15,2,14,0.0028,1,0,0,29.4,13.8,40,21,0.118,6,4,40,0
1669919249,46,15,2,0,0,0,0,0,0,13.2,0,0,0,0,0,0,0
1669919250,46,15,0,0,0,0,0,0,0,8.4,0,0,0,0,0,0,0
1669919251,46,15,2,0,0,0,0,0,0,8.1,0,0,0,0,0,0,0
1669919252,46,15,2,0,0,0,0,0,0,11,0,0,0,0,0,0,0
1669919253,46,15,2,0,0,0,0,0,0,10.1,0,0,0,0,0,0,0
1669919254,46,15,2,0,0,0,0,0,0,11.7,0,0,0,0,0,0,0
1669919255,46,15,0,0,0,0,0,0,0,8.4,0,0,0,0,0,0,0
1669919256,46,15,2,0,0,0,0,0,0,10.1,0,0,0,0,0,0,0
1669919257,46,15,2,0,0,0,0,0,0,12.2,0,0,0,0,0,0,0
1669919258,46,12,0,3,0.014,4,7,63,13.7,27,40,9,0.426,23,13,36,5.19
1669919259,46,13,2,6,0.011,3,15,83,5.3,23.5,40,0,0.542,90,35,28,4.22
1669919260,46,14,2,10,0.019,9,11,55,10.3,30.2,40,3,0.649,88,34,27,0
1669919261,46,15,2,0,0,0,0,0,0,13.2,0,0,0,0,0,0,0
1669919262,46,15,0,0,0,0,0,0,0,13.8,0,0,0,0,0,0,0
1669919263,46,15,2,0,0,0,0,0,0,11.6,0,0,0,0,0,0,0
1669919264,46,15,2,0,0,0,0,0,0,12,0,0,0,0,0,0,0
1669919265,46,15,2,0,0,0,0,0,0,10.9,0,0,0,0,0,0,0
1669919266,46,15,2,0,0,0,0,0,0,12.7,0,0,0,0,0,0,0
1669919267,46,15,0,13,0.0027,1,0,0,52.3,13.5,40,16,0.09,4,0,0,0
1669919268,46,15,2,0,0,0,0,0,28.6,9.6,40,22,0.019,3,3,50,0
1669919269,46,15,2,0,0,0,0,0,0,8.3,0,0,0,0,0,0,0
1669919270,46,15,2,0,0,0,0,0,0,8.1,0,0,0,0,0,0,0
1669919271,46,15,2,0,0,0,0,0,0,10,0,0,0,0,0,0,0
1669919272,46,15,2,0,0,0,0,0,0,6.9,0,0,0,0,0,0,0
1669919273,46,15,0,0,0,0,0,0,0,7.4,0,0,0,0,0,0,0
1669919274,46,15,2,0,0,0,0,0,52.3,10.7,40,16,0.083,4,0,0,0
1669919275,46,15,2,13,0.016,5,0,0,30.7,22.9,40,20,0.637,20,9,31,0
1669919276,46,15,2,14,0.031,8,3,27,22.7,22.9,40,15,1.3,43,12,21,5.61
1669919277,46,15,2,11,0.049,22,2,8,12.7,33.8,40,4,2.2,170,19,10,989
1669919278,46,15,2,10,0.037,19,0,0,34.7,30.4,40,19,2.2,87,22,20,0
1669919279,46,15,0,10,0.052,25,5,16,12.9,35.9,40,6,3,184,15,7,7.91
1669919280,46,15,2,11,0.094,40,8,16,14,36.9,40,7,4.7,230,15,6,1.56
1669919281,46,13,2,9,0.089,42,11,20,13.1,0,40,6,4.7,243,9,3,19.3
1669919282,46,15,2,7,0.078,31,21,40,14.3,28.1,40,7,4.1,177,14,7,24.1
1669919283,46,15,2,10,0.103,48,7,12,13.8,0,40,7,5.1,238,14,5,43.7
1669919284,46,15,0,10,0.104,47,3,6,14.9,0,40,8,5.8,236,16,6,71
1669919285,46,15,2,11,0.118,46,5,9,16.7,0,40,11,7.1,216,32,12,145
1669919286,46,15,2,10,0.122,59,7,10,15,0,40,8,5.8,238,9,3,146
1669919287,46,15,2,10,0.105,50,7,12,14.3,0,40,7,5.4,246,8,3,149
1669919288,46,15,0,10,0.115,50,3,5,14.9,0,40,8,5.9,242,9,3,145
1669919289,46,15,2,11,0.141,56,3,5,16.4,0,40,10,7.1,234,16,6,142
1669919290,46,15,2,12,0.123,39,1,2,17.5,34.8,40,12,8,207,21,9,143
1669919291,46,15,2,14,0.453,64,6,8,17.4,0,40,11,7.7,190,19,9,140
1669919292,46,15,0,14,0.486,77,3,3,17,0,40,11,7.9,203,26,11,144
1669919293,46,15,2,14,0.508,92,0,0,18.3,33.4,40,12,8.6,230,14,5,141
1669919294,46,13,2,9,0.214,77,2,2,18.4,0,40,12,9.1,231,20,7,144
1669919295,46,15,2,11,0.14,54,1,1,18.8,0,40,13,9,218,26,10,143
1669919296,46,15,0,13,0.425,89,0,0,18.1,0,40,11,8.2,228,17,6,143
1669919297,46,15,2,14,0.547,107,2,1,18.5,35.7,40,13,9.1,229,21,8,142
1669919298,46,15,2,13,0.431,97,1,1,18.7,33.4,40,13,9,224,18,7,144
1669919299,46,15,2,13,0.465,118,0,0,18,33.4,40,11,8.4,239,11,4,144
1669919300,46,15,0,10,0.253,80,1,1,19.8,0,40,12,9.5,196,6,2,136
1669919301,46,15,2,10,0.166,59,0,0,18.9,0,40,14,10,183,18,8,142
1669919302,46,13,2,10,0.173,64,0,0,18.9,0,40,13,9.5,191,12,5,143
1669919303,46,15,0,10,0.123,44,1,2,17.4,0,40,11,7.7,181,14,7,145
1669919304,46,13,2,9,0.147,49,2,3,18.4,35.5,40,12,8.8,193,21,9,145
1669919305,46,15,2,11,0.158,48,0,0,20,0,40,14,10,190,24,11,144
1669919306,46,15,0,11,0.174,69,2,2,18.2,0,40,12,9,235,13,5,139
1669919307,46,15,2,11,0.154,59,2,3,17.9,35.3,40,12,8.4,231,21,8,144
1669919308,46,15,2,11,0.148,56,4,6,17.4,36.9,40,11,8,233,17,6,144
1669919309,46,13,2,10,0.155,61,0,0,18.6,0,40,12,8.3,228,20,8,143
1669919310,46,15,0,11,0.137,49,1,2,16.3,33.4,40,10,7.3,198,17,7,143
1669919311,46,13,2,9,0.123,45,1,2,17.8,33.4,40,11,7.8,190,14,6,142
1669919312,46,15,2,11,0.133,53,3,5,17.6,0,40,11,8.1,215,22,9,142
1669919313,46,15,2,12,0.237,73,5,6,14.3,0,40,7,5.8,239,10,4,148
1669919314,46,15,0,13,0.438,112,6,5,16,0,40,9,7,244,9,3,147
1669919315,46,15,2,13,0.372,82,7,7,15.4,0,40,8,6.2,228,12,5,146
1669919316,46,13,2,12,0.368,75,12,13,16,36.9,40,10,6.7,227,20,8,145
1669919317,46,15,2,10,0.145,52,16,23,13.7,0,40,7,5.4,228,18,7,147
1669919318,46,15,2,10,0.096,46,9,16,13.5,0,40,6,4.9,243,9,3,149
1669919319,46,15,0,11,0.094,42,6,12,13.7,0,40,6,5,241,14,5,146
1669919320,46,13,2,8,0.086,42,1,2,12.8,33.4,40,6,4.4,239,11,4,150
1669919321,46,15,2,13,0.277,80,17,17,13.1,33.3,40,6,4.7,246,8,3,148
1669919322,46,15,2,13,0.265,68,16,19,12.1,0,40,5,4.3,231,14,5,150
1669919323,46,15,0,13,0.221,51,6,10,12.5,0,40,5,3.7,238,14,5,148
1669919324,46,15,2,14,0.223,55,14,20,11.7,35.1,40,4,3.4,241,10,3,147
1669919325,46,15,2,13,0.205,52,15,22,11.7,0,40,4,3.3,230,20,8,148
1669919326,46,15,2,13,0.149,39,16,29,10.5,36.9,40,3,2.4,227,23,9,149
1669919327,46,15,2,11,0.084,35,9,20,10.7,0,40,3,2.6,237,18,7,149
1669919328,46,15,0,10,0.059,28,6,17,10.5,0,40,3,2.8,229,26,10,147
1669919329,46,15,2,11,0.049,24,14,36,10.2,0,40,3,2.4,226,24,9,150
1669919330,46,15,2,10,0.046,22,10,31,9.9,33.4,40,3,2.3,227,21,8,148
1669919331,46,12,2,10,0.038,19,6,24,9.5,0,40,2,1.9,228,26,10,148
1669919332,46,15,2,11,0.118,26,21,44,9,33.3,40,3,2.3,217,31,12,152
1669919333,46,15,0,12,0.107,34,17,33,9.6,0,40,2,2,224,26,10,150
1669919334,46,15,2,12,0.093,30,16,34,8.3,0,40,2,1.7,219,32,12,149
1669919335,46,12,2,7,0.079,24,24,50,8.1,36.9,40,1,1.6,213,30,12,149
1669919336,46,15,2,13,0.084,25,18,41,8.5,0,40,2,1.7,211,38,15,151
1669919337,46,15,2,14,0.103,30,26,46,8.6,0,40,2,1.9,222,30,11,149
1669919338,46,15,0,10,0.04,18,18,50,8.1,0,40,1,1.5,206,46,18,152
1669919339,46,15,2,10,0.021,11,24,68,6.3,33.4,40,2,1.2,196,54,21,150
1669919340,46,15,2,11,0.031,13,6,31,6.8,33.4,40,1,1.3,200,49,19,154
1669919341,46,15,2,13,0.055,20,12,37,5.9,33.4,40,0,1,187,64,25,151
1669919342,46,15,2,13,0.052,18,27,60,6.3,35.1,40,1,1.1,194,56,22,148
1669919343,46,15,0,13,0.047,13,21,61,6.2,33.4,40,1,1.2,188,63,25,152
1669919344,46,15,2,13,0.061,14,10,41,5.5,33.4,40,1,1,181,64,26,149
1669919345,46,15,2,14,0.054,16,17,51,5.2,34.4,40,1,0.954,163,61,27,150
1669919346,46,12,2,11,0.073,17,14,45,5.2,0,40,1,1.1,179,62,25,153
1669919347,46,13,0,13,0.038,9,11,55,5.2,0,40,0,0.928,185,59,24,149
1669919348,46,12,2,10,0.039,9,19,67,5.1,0,40,2,0.92,148,81,35,149
1669919349,46,13,2,11,0.064,13,11,45,5,35.3,40,1,1.1,174,68,28,151
1669919350,46,13,2,7,0.014,3,11,78,3.8,0,40,0,0.768,139,79,36,151
1669919351,46,15,0,11,0.037,8,21,72,4.7,0,40,1,0.845,130,68,34,151
1669919352,46,13,2,10,0.043,13,15,53,4.3,36.9,40,1,0.774,158,86,35,151
1669919353,46,13,2,11,0.035,10,18,64,4.5,0,40,1,0.822,152,90,37,151
1669919354,46,11,2,5,0.018,7,16,69,4.1,0,40,1,0.694,142,99,41,150
1669919355,46,12,2,9,0.044,13,15,53,4.3,35.9,40,1,0.74,152,91,37,151
1669919356,46,14,0,9,0.012,4,24,85,3.8,30,40,1,0.688,135,108,44,149
1669919357,46,15,2,14,0.028,4,5,55,4.3,35.9,40,2,0.877,137,109,44,150
1669919358,46,13,2,9,0.035,5,11,68,4.5,35.9,40,1,0.905,141,102,41,130
1669919359,46,14,2,6,0.012,3,18,85,3.5,34.8,40,1,0.689,133,114,46,109
1669919360,46,13,2,12,0.027,6,9,60,3.2,32.4,40,2,0.618,120,114,48,110
1669919361,46,14,0,4,0.021,8,8,50,3.9,30.5,40,2,0.701,118,121,50,96.1
1669919362,46,14,1,11,0.0086,3,11,78,2.8,35.9,40,1,0.61,129,121,48,80.4
1669919363,46,14,2,10,0.015,6,5,45,2.5,35.9,40,1,0.513,104,142,57,79.3
1669919364,46,13,2,11,0.015,5,6,54,3.3,36,40,2,0.669,108,132,55,67.2
1669919365,46,13,2,2,0.0065,3,14,82,2.6,32.3,40,1,0.48,99,143,59,50.6
1669919366,46,15,0,6,0.0062,4,11,73,3.4,0,40,1,0.592,109,132,54,29.7
1669919367,46,14,2,14,0.0089,2,2,50,2.5,33.4,40,1,0.457,95,148,60,17.3
1669919368,46,15,2,0,0.0032,1,1,50,2.6,24.2,40,3,0.446,87,123,58,0
1669919369,46,15,2,0,0,0,0,0,0,10.1,0,0,0,0,0,0,0
1669919370,46,15,2,0,0,0,0,0,0,7.4,0,0,0,0,0,0,0
1669919371,46,15,0,0,0,0,0,0,0,13.1,0,0,0,0,0,0,0
1669919372,46,15,2,0,0,0,0,0,0,11.2,0,0,0,0,0,0,0
1669919373,46,15,2,0,0,0,0,0,0,12.2,0,0,0,0,0,0,0
1669919374,46,15,2,0,0,0,0,0,0,11.1,0,0,0,0,0,0,0
1669919375,46,14,2,0,0,0,0,0,3,11.3,40,0,0.059,13,20,60,0
1669919376,46,15,2,0,0,0,0,0,0,7.4,0,0,0,0,0,0,0
1669919377,46,15,2,0,0,0,0,0,0,7.7,0,0,0,0,0,0,0
1669919378,46,15,0,0,0,0,0,0,0,12.5,0,0,0,0,0,0,0
1669919379,46,15,2,0,0,0,0,0,0,12.8,0,0,0,0,0,0,0
1669919380,46,15,2,0,0,0,0,0,0,9.4,0,0,0,0,0,0,0
1669919381,46,15,2,0,0,0,0,0,0,9.3,0,0,0,0,0,0,0
1669919382,46,15,2,0,0,0,0,0,0,7,0,0,0,0,0,0,0
1669919383,46,15,2,0,0,0,0,0,0,10.1,0,0,0,0,0,0,0
1669919384,46,15,0,0,0,0,0,0,0,10.3,0,0,0,0,0,0,0
1669919385,46,15,2,0,0,0,0,0,0,9.8,0,0,0,0,0,0,0
1669919386,46,15,2,0,0,0,0,0,0,11.5,0,0,0,0,0,0,0
1669919387,46,15,2,0,0,0,0,0,0,13.1,0,0,0,0,0,0,0
1669919388,46,15,2,0,0,0,0,0,0,7.4,0,0,0,0,0,0,0
1669919389,46,15,2,0,0,0,0,0,0,6.9,0,0,0,0,0,0,0
1669919390,46,15,0,0,0,0,0,0,0,13.4,0,0,0,0,0,0,0
1669919391,46,15,2,0,0,0,0,0,0,10.7,0,0,0,0,4,100,0
1669919392,46,15,2,0,0,0,0,0,9.9,9.7,40,4,0.07,7,5,41,0
1669919393,46,15,2,0,0,0,0,0,0,8.1,0,0,0,0,0,0,0
1669919394,46,15,2,0,0,0,0,0,0,9.3,0,0,0,0,0,0,0
1669919395,46,15,2,0,0,0,0,0,0,10.1,0,0,0,0,0,0,0
1669919396,46,15,0,0,0,0,0,0,0,8.1,0,0,0,0,0,0,0
1669919397,46,15,2,0,0,0,0,0,0,9.3,0,0,0,0,0,0,0
1669919398,46,15,2,0,0,0,0,0,0,11.5,0,0,0,0,0,0,0
1669919399,46,15,2,0,0,0,0,0,0,10.1,0,0,0,0,0,0,0
1669919400,46,15,2,0,0,0,0,0,0,6.1,0,0,0,0,0,0,0
1669919401,46,15,2,0,0,0,0,0,0,13.8,0,0,0,0,0,0,0
1669919402,46,15,0,0,0,0,0,0,0,11.7,0,0,0,0,0,0,0
1669919403,46,15,2,0,0,0,0,0,0,9.6,0,0,0,0,0,0,0
1669919404,46,15,2,0,0,0,0,0,0,7,0,0,0,0,0,0,0
1669919405,46,15,2,0,0,0,0,0,0,13.8,0,0,0,0,0,0,0
1669919406,46,15,2,0,0,0,0,0,0,12.8,0,0,0,0,0,0,0
1669919407,46,15,2,0,0,0,0,0,0,10.3,0,0,0,0,0,0,0
1669919408,46,15,0,0,0,0,0,0,0,11.7,0,0,0,0,0,0,0
1669919409,46,15,2,0,0,0,0,0,0,10.8,0,0,0,0,0,0,0
1669919410,46,15,2,0,0,0,0,0,0,9.3,0,0,0,0,0,0,0
1669919411,46,15,2,0,0,0,0,0,0,7.5,0,0,0,0,0,0,0
1669919412,46,15,0,0,0,0,0,0,0,9,0,0,0,0,0,0,0
1669919413,46,15,2,0,0,0,0,0,0,13.2,0,0,0,0,0,0,0
1669919414,46,15,2,0,0,0,0,0,0,13.8,0,0,0,0,0,0,0
1669919415,46,15,2,0,0,0,0,0,0,7.9,0,0,0,0,0,0,0
1669919416,46,15,2,0,0,0,0,0,0,6.4,0,0,0,0,0,0,0
1669919417,46,15,2,0,0,0,0,0,0,13.2,0,0,0,0,0,0,0
1669919418,46,15,2,0,0,0,0,0,0,8.9,0,0,0,0,0,0,0
1669919419,46,15,0,0,0,0,0,0,0,10.3,0,0,0,0,0,0,0
1669919420,46,15,2,0,0,0,0,0,0,6.9,0,0,0,0,0,0,0
1669919421,46,15,2,14,0.025,8,8,50,10.7,28.9,40,3,0.772,82,15,15,471
1669919422,46,15,2,13,0.101,26,14,35,8.9,0,40,2,2,226,19,7,36.3
1669919423,46,15,2,10,0.049,25,9,26,10.6,33.4,40,3,2.5,231,22,8,33.4
1669919424,46,15,0,10,0.07,34,7,17,11.4,0,40,4,3.2,235,17,6,44.3
1669919425,46,15,2,10,0.057,27,13,32,10.2,0,40,3,2.8,240,10,4,58.9
1669919426,46,15,2,9,0.068,36,10,21,11.8,33.4,40,4,3.5,236,11,4,77.3
1669919427,46,15,2,10,0.068,34,9,20,11.3,33.4,40,4,3.3,232,17,6,128
1669919428,46,15,2,10,0.07,32,9,21,12,0,40,5,3.5,227,24,9,149
1669919429,46,15,0,11,0.062,29,12,29,11.1,36.9,40,4,3.2,236,14,5,148
1669919430,46,15,2,11,0.065,29,15,34,11.5,33.4,40,4,3.3,231,18,7,148
1669919431,46,15,2,10,0.077,37,13,26,12.1,0,40,5,4,239,14,5,151
1669919432,46,15,2,10,0.081,39,8,17,14,0,40,6,4.7,237,11,4,142
1669919433,46,15,0,12,0.244,70,14,16,12.8,0,40,6,4.4,240,10,4,149
1669919434,46,15,2,13,0.271,68,13,16,14.2,0,40,7,5.4,234,18,7,144
1669919435,46,15,2,12,0.185,57,15,20,12.3,33.4,40,4,3.7,245,7,2,147
1669919436,46,15,2,10,0.089,42,10,19,13.2,0,40,6,4.6,240,14,5,147
1669919437,46,15,2,12,0.241,64,9,12,14.6,0,40,7,5.7,237,15,5,147
1669919438,46,15,0,12,0.285,79,12,13,14,36.9,40,7,5.5,230,16,6,148
1669919439,46,15,2,11,0.13,56,5,8,14.4,35.1,40,7,5.3,241,13,5,149
1669919440,46,15,2,11,0.09,43,13,23,12.8,0,40,5,4.5,248,8,3,147
1669919441,46,15,2,10,0.113,45,5,10,15.1,0,40,8,6,230,15,6,148
1669919442,46,15,2,10,0.097,44,5,10,13.9,0,40,6,4.9,244,12,4,147
1669919443,46,15,0,11,0.097,44,8,15,14.2,0,40,7,5.4,240,12,4,147
1669919444,46,15,2,11,0.09,43,6,12,13.9,0,40,6,4.7,247,8,3,147
1669919445,46,15,2,11,0.118,48,4,7,15,0,40,9,6.3,233,18,7,142
1669919446,46,15,2,10,0.098,44,5,10,13.7,0,40,7,5.1,232,17,6,149
1669919447,46,15,2,11,0.097,40,4,9,15.9,36.9,40,8,5.9,228,18,7,147
1669919448,46,15,0,11,0.113,46,5,9,14.8,0,40,8,5.7,224,19,7,143
1669919449,46,15,2,10,0.105,48,7,12,14.1,0,40,7,5.5,241,12,4,150
1669919450,46,15,2,11,0.093,41,10,19,13.3,33.4,40,6,4.9,240,11,4,148
1669919451,46,15,2,11,0.092,39,6,13,14,0,40,7,5,229,14,5,144
1669919452,46,15,0,11,0.083,38,9,19,13,33.4,40,6,4.5,243,9,3,147
1669919453,46,15,2,12,0.196,69,12,14,12.8,0,40,5,4.4,246,5,1,145
1669919454,46,15,2,13,0.352,93,8,7,14.6,0,40,7,5.8,240,8,3,147
1669919455,46,15,2,13,0.276,65,9,12,13,36,40,6,4.6,230,19,7,147
1669919456,46,15,2,14,0.265,61,13,17,12.1,33.4,40,5,4.1,240,9,3,152
1669919457,46,15,0,13,0.208,57,17,22,11.3,0,40,4,3.3,235,16,6,149
1669919458,46,15,2,13,0.207,51,6,10,12.7,0,40,6,4.4,227,19,7,150
1669919459,46,15,2,11,0.08,35,10,22,12.6,0,40,5,4.1,236,14,5,149
1669919460,46,15,2,10,0.066,31,13,29,11.8,0,40,4,3.4,238,11,4,149
1669919461,46,15,0,10,0.074,35,19,35,12,0,40,5,3.9,227,23,9,145
1669919462,46,15,2,13,0.225,55,16,22,11.9,0,40,5,3.7,235,14,5,151
1669919463,46,15,2,13,0.144,40,19,32,9.9,0,40,2,2.2,235,13,5,151
1669919464,46,15,2,14,0.158,42,20,32,9.9,0,40,3,2.6,235,16,6,149
1669919465,46,15,2,13,0.141,43,12,21,10.5,0,40,2,2.3,240,10,4,147
1669919466,46,15,0,13,0.173,39,24,38,9.6,36.9,40,4,2.8,222,27,10,152
1669919467,46,12,2,11,0.127,41,28,40,9.3,0,40,2,2.1,225,26,10,149
1669919468,46,15,2,12,0.127,32,27,45,9.7,0,40,2,2.1,231,15,6,149
1669919469,46,15,2,13,0.155,39,24,38,10.3,0,40,3,2.6,224,26,10,151
1669919470,46,15,0,13,0.121,25,14,35,8.8,0,40,2,2.2,200,26,11,150
1669919471,46,15,2,10,0.042,18,6,25,9.2,0,40,2,2,182,30,14,148
1669919472,46,15,2,13,0.06,21,12,36,8.5,0,40,2,1.7,199,37,15,150
1669919473,46,15,2,14,0.092,29,18,38,9.3,0,40,3,2,205,42,17,149
1669919474,46,12,0,11,0.104,29,15,34,7.7,36.9,40,3,1.9,198,50,20,153
1669919475,46,14,2,11,0.086,27,23,46,8.5,0,40,1,1.6,215,35,14,152
1669919476,46,12,2,8,0.085,20,19,48,8.2,0,40,1,1.5,207,41,16,149
1669919477,46,15,2,14,0.067,20,20,50,6.6,0,40,1,1.3,192,51,20,149
1669919478,46,12,2,11,0.059,13,42,76,6.3,36.1,40,1,1.3,199,44,18,150
1669919479,46,15,0,14,0.074,22,16,42,7.4,0,40,1,1.4,201,51,20,149
1669919480,46,15,2,12,0.078,23,19,45,7.1,35.9,40,1,1.4,200,46,18,152
1669919481,46,15,2,12,0.051,17,22,56,5.9,33.4,40,1,1.1,198,47,19,154
1669919482,46,13,2,9,0.054,16,26,61,6.3,34.9,40,2,1.2,185,56,23,149
1669919483,46,14,2,14,0.057,15,28,65,6,0,40,1,1.1,189,52,21,151
1669919484,46,13,0,7,0.056,15,26,63,5.4,0,40,1,1,175,70,28,149
1669919485,46,12,2,11,0.065,18,24,57,5.8,33.4,40,1,1.1,196,48,19,150
1669919486,46,13,2,12,0.064,18,13,41,5.9,0,40,2,1.3,172,72,29,149
1669919487,46,15,2,11,0.048,12,16,57,4.9,0,40,0,0.912,173,70,28,149
1669919488,46,14,0,11,0.044,14,14,50,5.2,0,40,1,0.92,167,82,32,150
1669919489,46,12,2,11,0.042,12,27,69,5,33.4,40,1,0.934,173,73,29,151
1669919490,46,15,2,8,0.036,9,19,67,3.7,34.7,40,1,0.798,162,78,32,149
1669919491,46,15,2,16,0.021,4,4,50,3.4,33.4,40,1,0.724,148,93,38,151
1669919492,46,13,2,13,0.054,11,14,56,4.3,33.4,40,1,0.826,145,94,39,151
1669919493,46,13,0,14,0.019,4,8,66,4.7,33.3,40,1,0.794,137,87,38,149
1669919494,46,14,2,12,0.018,4,7,63,4.5,0,40,1,0.749,141,97,40,150
1669919495,46,14,2,13,0.015,3,21,87,3.5,0,40,1,0.751,137,102,42,130
1669919496,46,11,2,1,0.015,6,17,73,3.4,0,40,0,0.667,131,110,45,129
1669919497,46,15,2,14,0.014,3,8,72,4.4,0,40,1,0.694,135,108,44,107
1669919498,46,14,0,12,0.012,3,16,84,2.9,33.4,40,1,0.677,133,112,45,94.9
1669919499,46,13,2,10,0.015,7,15,68,3.3,32.7,40,1,0.642,124,118,48,92.5
1669919500,46,15,2,14,0.015,5,5,50,3.3,33.4,40,1,0.66,116,128,52,81
1669919501,46,9,2,5,0.014,3,8,72,3.4,35.1,40,1,0.652,119,122,50,68.5
1669919502,46,13,0,14,0.018,4,1,20,3.4,34.7,40,0,0.612,119,124,51,56.2
1669919503,46,15,2,15,0,0,12,100,3.6,33.4,40,2,0.712,101,117,53,42.3
1669919504,46,15,2,10,0.0076,4,14,77,3.6,32.5,40,2,0.571,89,106,54,57.1
1669919505,46,15,2,13,0.0034,1,8,88,2.8,33.4,40,1,0.506,94,131,58,51.1
1669919506,46,14,0,3,0.0032,2,7,77,2.5,33.1,40,1,0.503,103,136,56,31.5
1669919507,46,13,2,14,0,0,4,100,2.8,33.4,40,1,0.494,101,139,57,24.4
1669919508,46,15,2,0,0.006,1,0,0,2.7,33.4,40,2,0.517,107,134,55,4.5
1669919509,46,15,2,0,0,0,0,0,1.7,12.8,0,0,0.065,14,23,62,0
1669919510,46,15,2,0,0,0,0,0,0,10.3,0,0,0,0,0,0,0
1669919511,46,15,0,0,0,0,0,0,0,5.8,0,0,0,0,0,0,0
1669919512,46,15,2,0,0,0,0,0,0,10.1,0,0,0,0,0,0,0
1669919513,46,15,2,0,0,0,0,0,0,10.5,0,0,0,0,0,0,0
1669919514,46,15,2,0,0,0,0,0,0,7.4,0,0,0,0,0,0,0
1669919515,46,15,2,0,0,0,0,0,0,7.7,0,0,0,0,0,0,0
1669919516,46,14,2,0,0,0,0,0,1.8,13.8,40,1,0.069,15,16,51,0
1669919517,46,15,0,0,0,0,0,0,0,11.1,0,0,0,0,0,0,0
1669919518,46,15,2,0,0,0,0,0,0,11.2,0,0,0,0,0,0,0
1669919519,46,15,2,0,0,0,0,0,0,9.3,0,0,0,0,0,0,0
1669919520,46,15,2,0,0,0,0,0,0,7.5,0,0,0,0,0,0,0
1669919521,46,15,2,0,0,0,0,0,0,6.9,0,0,0,0,0,0,0
1669919522,46,15,2,0,0,0,0,0,0,9.6,0,0,0,0,0,0,0
1669919523,46,15,2,0,0,0,0,0,0,10.8,0,0,0,0,0,0,0
1669919524,46,15,0,0,0,0,0,0,0,6.7,0,0,0,0,0,0,0
1669919525,46,15,2,0,0,0,0,0,0,13.1,0,0,0,0,0,0,0
1669919526,46,15,2,0,0,0,0,0,0,7,0,0,0,0,0,0,0
1669919527,46,15,2,0,0,0,0,0,0,11.4,0,0,0,0,0,0,0
1669919528,46,15,2,0,0,0,0,0,0,12.8,0,0,0,0,0,0,0
1669919529,46,15,0,0,0,0,0,0,0,7.4,0,0,0,0,0,0,0
1669919530,46,15,2,0,0,0,0,0,0,8.8,0,0,0,0,0,0,0
1669919531,46,15,2,0,0,0,0,0,1,15.4,40,2,0.044,8,33,80,0
1669919532,46,15,2,0,0,0,0,0,0,12.5,0,0,0,0,0,0,0
1669919533,46,15,2,0,0,0,0,0,0,12.8,0,0,0,0,0,0,0
1669919534,46,15,0,0,0,0,0,0,0,8.7,0,0,0,0,0,0,0
1669919535,46,15,2,0,0,0,0,0,0,8.1,0,0,0,0,0,0,0
1669919536,46,15,2,0,0,0,0,0,0,9.4,0,0,0,0,0,0,0
1669919537,46,15,2,0,0,0,0,0,0,7.4,0,0,0,0,0,0,0
1669919538,46,15,2,0,0,0,0,0,0,9.8,0,0,0,0,0,0,0
1669919539,46,15,2,0,0,0,0,0,0,11.6,0,0,0,0,0,0,0
1669919540,46,15,0,0,0,0,0,0,0,12.8,0,0,0,0,0,0,0
1669919541,46,15,2,0,0,0,0,0,0,9.2,0,0,0,0,0,0,0
1669919542,46,15,2,0,0,0,0,0,0,7.2,0,0,0,0,0,0,0
1669919543,46,15,2,0,0,0,0,0,0,13.1,0,0,0,0,0,0,0
1669919544,46,15,2,0,0,0,0,0,0,9.6,0,0,0,0,0,0,0
1669919545,46,15,2,0,0,0,0,0,0,8.3,0,0,0,0,0,0,0
1669919546,46,15,0,0,0,0,0,0,0,12.6,0,0,0,0,0,0,0
1669919547,46,15,2,0,0,0,0,0,0,10.3,0,0,0,0,0,0,0
1669919548,46,15,2,0,0,0,0,0,0,10.3,0,0,0,0,0,0,0
1669919549,46,15,2,0,0,0,0,0,0,7.4,0,0,0,0,0,0,0
1669919550,46,15,2,0,0,0,0,0,0,6.4,0,0,0,0,0,0,0
1669919551,46,15,2,0,0,0,0,0,0,9.6,0,0,0,0,0,0,0
1669919552,46,15,0,0,0,0,0,0,0,12.8,0,0,0,0,0,0,0
1669919553,46,15,2,0,0,0,0,0,0,8.2,0,0,0,0,0,0,0
1669919554,46,15,2,0,0,0,0,0,0,7.4,0,0,0,0,0,0,0
1669919555,46,15,2,0,0,0,0,0,0,8.1,0,0,0,0,0,0,0
1669919556,46,15,2,0,0,0,0,0,0,9.1,0,0,0,0,0,0,0
1669919557,46,15,2,0,0,0,0,0,0,10.8,0,0,0,0,0,0,0
1669919558,46,15,0,0,0,0,0,0,0,10.3,0,0,0,0,0,0,0
1669919559,46,15,2,0,0,0,0,0,0,10.8,0,0,0,0,0,0,0
1669919560,46,15,2,14,0.0088,2,0,0,12.2,18.6,40,7,0.228,23,15,39,0
1669919561,46,15,2,0,0,0,0,0,0,11.1,0,0,0,0,1,100,0
1669919562,46,15,2,0,0,0,0,0,0,8.9,0,0,0,0,0,0,0
1669919563,46,15,0,0,0,0,0,0,0,7.1,0,0,0,0,0,0,0
1669919564,46,15,2,0,0,0,0,0,0,12.3,0,0,0,0,0,0,0
1669919565,46,15,2,0,0,0,0,0,0,11.3,0,0,0,0,0,0,0
1669919566,46,15,2,0,0,0,0,0,0,12.9,0,0,0,0,0,0,0
1669919567,46,15,2,0,0,0,0,0,0,10.6,0,0,0,0,0,0,0
1669919568,46,15,2,0,0.0079,2,0,0,30.9,19.4,40,20,0.21,12,4,25,0
1669919569,46,15,0,0,0,0,0,0,0,7.4,0,0,0,0,0,0,0
1669919570,46,15,2,0,0,0,0,0,0,9.6,0,0,0,0,0,0,0
1669919571,46,15,2,0,0,0,0,0,0,11,0,0,0,0,0,0,0
1669919572,46,15,2,0,0,0,0,0,0,9.3,0,0,0,0,0,0,0
1669919573,46,15,2,0,0,0,0,0,0,10.1,0,0,0,0,0,0,0
1669919574,46,15,2,0,0,0,0,0,0,7.7,0,0,0,0,0,0,0
1669919575,46,15,0,13,0.0025,1,0,0,37.7,16.3,40,20,0.103,7,3,30,0
1669919576,46,15,2,0,0,0,0,0,0,10.5,0,0,0,0,0,0,0
1669919577,46,15,2,0,0,0,0,0,0,10.8,0,0,0,0,0,0,0
1669919578,46,15,2,0,0,0,0,0,0,7.9,0,0,0,0,0,0,0
1669919579,46,15,2,0,0,0,0,0,0,7.4,0,0,0,0,0,0,0
1669919580,46,15,2,0,0,0,0,0,0,10,0,0,0,0,0,0,0
1669919581,46,15,2,0,0,0,0,0,0,11.7,0,0,0,0,0,0,0
1669919582,46,15,0,13,0.0078,2,0,0,38.9,14.5,40,21,0.192,7,1,12,0
1669919583,46,15,2,0,0,0,0,0,7.3,13.8,0,8,0.049,10,14,58,0
1669919584,46,15,2,0,0,0,0,0,0,9.2,0,0,0,0,0,0,0
1669919585,46,15,2,0,0,0,0,0,0,7.9,0,0,0,0,0,0,0
1669919586,46,15,2,0,0,0,0,0,0,10.5,0,0,0,0,0,0,0
1669919587,46,15,2,0,0,0,0,0,0,8.9,0,0,0,0,0,0,0
1669919588,46,15,0,0,0,0,0,0,0,11.1,0,0,0,0,0,0,0
1669919589,46,15,2,13,0.01,4,3,42,12.1,23.6,40,3,0.312,57,19,25,0
1669919590,46,15,2,0,0,0,0,0,0,6.4,0,0,0,0,0,0,0
1669919591,46,15,2,0,0,0,0,0,0,11.5,0,0,0,0,0,0,0
1669919592,46,15,0,0,0,0,0,0,0,13.2,0,0,0,0,0,0,0
1669919593,46,15,2,0,0,0,0,0,0,11,0,0,0,0,0,0,0
1669919594,46,15,2,0,0,0,0,0,0,9.1,0,0,0,0,0,0,0
1669919595,46,15,2,0,0.0026,1,0,0,51.1,13.3,40,18,0.085,4,0,0,0
1669919596,46,15,2,13,0.0051,1,0,0,30.6,14.2,40,20,0.156,9,7,43,0
1669919597,46,15,2,0,0,0,0,0,0,8.1,0,0,0,0,0,0,0
1669919598,46,15,0,0,0,0,0,0,0,10.1,0,0,0,0,0,0,0
1669919599,46,15,2,0,0,0,0,0,0,7.2,0,0,0,0,0,0,0
1669919600,46,15,2,0,0,0,0,0,0,6.7,0,0,0,0,0,0,0
1669919601,46,15,2,0,0.0025,1,0,0,33.1,17.9,40,20,0.103,7,3,30,0
1669919602,46,15,2,0,0,0,0,0,0,7.9,0,0,0,0,0,0,0
1669919603,46,15,2,0,0,0,0,0,0,10.1,0,0,0,0,0,0,0
1669919604,46,15,0,0,0,0,0,0,0,13.8,0,0,0,0,0,0,0
1669919605,46,15,2,0,0,0,0,0,0,10.9,0,0,0,0,0,0,0
1669919606,46,15,2,0,0,0,0,0,0,12,0,0,0,0,0,0,0
1669919607,46,15,2,13,0.023,7,1,12,10.8,28.1,40,2,0.645,85,15,15,1.35
1669919608,46,14,2,12,0.033,14,16,53,8.2,36.9,40,1,1.3,178,29,14,0
1669919609,46,15,0,10,0.032,14,11,44,7.9,31.3,40,3,1.5,168,45,21,6.73
1669919610,46,15,2,9,0.035,18,16,47,8.2,0,40,1,1.7,223,31,12,18
1669919611,46,15,2,11,0.045,22,11,33,8.4,0,40,3,2.2,211,41,16,48.8
1669919612,46,15,2,12,0.058,15,14,48,8.7,33.4,40,2,1.8,202,38,15,57.4
1669919613,46,15,2,13,0.112,33,20,37,9.3,33.4,40,3,2.4,213,34,13,49.5
1669919614,46,15,0,12,0.076,22,10,31,8.4,0,40,1,1.6,216,29,11,30.8
1669919615,46,14,2,10,0.032,15,33,68,8.6,33.4,40,2,1.7,216,29,11,30.8
1669919616,46,15,2,9,0.044,23,11,32,9,0,40,2,2,227,23,9,34.6
1669919617,46,15,2,10,0.049,24,14,36,10,0,40,3,2.4,227,20,8,36.8
1669919618,46,15,2,11,0.053,26,10,27,9.9,0,40,3,2.6,224,27,10,43.1
1669919619,46,15,0,9,0.038,21,7,25,9,0,40,2,1.8,225,25,10,48.4
1669919620,46,15,2,10,0.041,20,14,41,9.3,33.4,40,2,2.1,224,29,11,59.4
1669919621,46,15,2,10,0.046,23,12,34,10.1,33.4,40,3,2.5,216,31,12,82.4
1669919622,46,15,2,11,0.04,20,12,37,9.5,0,40,2,2.2,232,19,7,111
1669919623,46,15,0,12,0.072,25,16,39,9.8,36.9,40,3,2.3,225,22,8,131
1669919624,46,15,2,13,0.102,34,17,33,9.2,0,40,2,2,216,33,13,109
1669919625,46,15,2,11,0.104,35,12,25,9.4,0,40,2,2.1,233,19,7,108
1669919626,46,15,2,11,0.046,22,15,40,9.9,0,40,3,2.4,223,26,10,111
1669919627,46,15,2,10,0.056,25,12,32,10.4,36.9,40,4,2.9,226,24,9,128
1669919628,46,15,0,9,0.049,24,13,35,10.7,36.9,40,3,2.5,231,14,5,125
1669919629,46,15,2,9,0.058,28,11,28,10,0,40,4,2.8,225,28,11,149
1669919630,46,15,2,10,0.052,24,11,31,9.7,0,40,2,2.2,228,22,8,150
1669919631,46,15,2,10,0.042,21,13,38,9.5,35.1,40,3,2.3,236,14,5,148
1669919632,46,15,2,10,0.05,25,14,35,10.1,0,40,3,2.3,229,21,8,151
1669919633,46,15,0,11,0.038,19,11,36,9.4,0,40,1,1.8,229,20,8,149
1669919634,46,15,2,10,0.038,19,13,40,8.1,0,40,1,1.8,234,19,7,149
1669919635,46,15,2,10,0.049,25,8,24,9.6,0,40,3,2.4,225,28,11,150
1669919636,46,15,2,11,0.048,24,9,27,10.5,0,40,3,2.5,231,22,8,149
1669919637,46,13,0,7,0.037,20,35,63,8.8,0,40,2,2.2,222,28,11,151
1669919638,46,15,2,10,0.041,20,11,35,9,0,40,3,2.1,212,30,12,152
1669919639,46,12,2,7,0.051,23,22,48,10,36.9,40,4,2.7,217,30,12,148
1669919640,46,15,2,10,0.048,22,14,38,10.1,33.3,40,3,2.5,220,28,11,149
1669919641,46,13,2,7,0.043,16,20,55,8.8,36.9,40,1,1.7,229,22,8,153
1669919642,46,15,0,12,0.095,33,20,37,8.9,33.4,40,2,1.9,229,19,7,150
1669919643,46,15,2,12,0.096,33,18,35,9,0,40,2,1.8,221,24,9,151
1669919644,46,12,2,12,0.105,33,22,40,9.2,33.4,40,2,2.2,221,28,11,150
1669919645,46,15,2,11,0.121,30,27,47,9,36.9,40,3,2.4,192,28,12,151
1669919646,46,15,0,13,0.087,22,24,52,9.3,0,40,2,2,188,21,10,149
1669919647,46,12,2,10,0.106,23,22,48,9.4,0,40,3,2.1,177,32,15,148
1669919648,46,15,2,12,0.118,24,18,42,8,0,40,2,2,181,28,13,153
1669919649,46,15,0,13,0.094,23,20,46,7.9,33.4,40,1,1.6,192,22,10,151
1669919650,46,14,2,14,0.087,21,11,34,7.3,0,40,1,1.4,168,27,13,152
1669919651,46,15,2,13,0.081,19,23,54,7.2,35.5,40,1,1.4,185,24,11,154
1669919652,46,15,0,14,0.087,20,21,51,7.4,0,40,1,1.5,202,28,12,153
1669919653,46,12,2,8,0.081,22,16,42,7.9,36.9,40,1,1.5,198,46,18,150
1669919654,46,15,2,12,0.077,25,27,51,6.7,0,40,1,1.3,208,37,15,151
1669919655,46,15,2,12,0.07,22,15,40,7.7,0,40,0,1.4,220,29,11,150
1669919656,46,15,0,12,0.061,22,15,40,7.1,0,40,0,1.2,208,42,16,149
1669919657,46,15,2,12,0.078,17,22,56,7.5,35.9,40,1,1.5,207,41,16,150
1669919658,46,14,2,12,0.065,18,18,50,6.8,0,40,1,1.1,197,45,18,150
1669919659,46,11,2,7,0.056,15,20,57,5.8,0,40,1,1.2,187,57,23,151
1669919660,46,15,2,12,0.085,19,18,48,7,0,40,2,1.6,183,62,25,148
1669919661,46,14,0,11,0.084,16,21,56,6.9,35.9,40,2,1.5,196,49,20,152
1669919662,46,13,2,12,0.066,20,23,53,6.5,34.3,40,1,1.2,190,57,23,148
1669919663,46,15,2,9,0.081,20,24,54,6.1,0,40,1,1.2,174,69,28,151
1669919664,46,13,2,11,0.051,19,38,66,6.6,36,40,1,1.1,189,58,23,151
1669919665,46,15,0,13,0.033,10,21,67,5.5,35.9,40,0,0.958,178,66,27,152
1669919666,46,15,2,13,0.047,13,19,59,5.5,0,40,1,0.913,181,65,26,153
1669919667,46,15,2,14,0.038,9,20,68,5.9,35.9,40,1,1.1,173,73,29,152
1669919668,46,15,2,12,0.058,15,27,64,5.4,34.6,40,1,0.977,167,72,30,150
1669919669,46,11,2,9,0.035,9,26,74,4.3,0,40,1,0.851,163,81,33,151
1669919670,46,14,0,8,0.03,9,16,64,4.4,0,40,0,0.793,159,84,34,151
1669919671,46,13,2,9,0.053,20,25,55,4.6,35.9,40,1,0.845,167,73,30,152
1669919672,46,14,2,13,0.035,9,13,59,4.5,36,40,1,0.855,160,71,30,150
1669919673,46,12,2,8,0.04,14,15,51,4.2,35.9,40,1,0.775,153,82,34,151
1669919674,46,14,0,13,0.033,5,11,68,5.1,35.9,40,2,0.945,150,87,36,131
1669919675,46,13,2,9,0.024,8,25,75,4.8,35.9,40,1,0.839,148,92,38,133
1669919676,46,15,2,13,0.021,7,17,70,3.6,35.9,40,2,0.738,130,103,44,153
1669919677,46,13,2,6,0.028,8,16,66,4.5,34.5,40,1,0.822,149,87,36,128
1669919678,46,12,2,12,0.051,9,5,35,3.7,35.9,40,1,0.766,142,95,40,132
1669919679,46,10,0,0,0.011,2,10,83,3.5,35.9,40,0,0.631,132,118,47,109
1669919680,46,14,2,10,0.013,4,8,66,3.8,35.9,40,2,0.752,120,124,50,93.5
1669919681,46,15,2,9,0.021,5,20,80,3,35.9,40,2,0.664,136,102,42,92.2
1669919682,46,12,2,11,0.021,5,9,64,3.8,0,40,0,0.685,138,107,43,95.4
1669919683,46,10,2,4,0.02,3,13,81,3.6,34.3,40,1,0.648,128,111,46,80.4
1669919684,46,13,0,8,0.0097,4,11,73,3.2,33,40,1,0.687,122,120,49,54.9
1669919685,46,14,2,15,0.02,4,9,69,3.1,35.9,40,2,0.692,113,126,52,49.3
1669919686,46,12,2,15,0.014,3,9,75,3.3,35.9,40,2,0.597,107,130,54,43.1
1669919687,46,13,2,14,0.003,1,7,87,2.9,35.9,40,1,0.53,100,137,57,25.9
1669919688,46,14,2,0,0.0029,1,6,85,2.8,35.9,40,2,0.563,106,134,55,13.9
1669919689,46,8,0,8,0,0,7,100,2.6,0,40,1,0.433,88,147,62,0
1669919690,46,15,2,0,0,0,3,100,1.4,15.3,40,4,0.016,3,8,72,0
1669919691,46,15,2,0,0,0,0,0,0,10.3,0,0,0,0,0,0,0
1669919692,46,15,0,0,0,0,0,0,0,11.4,0,0,0,0,0,0,0
1669919693,46,15,2,0,0,0,0,0,0,13.4,0,0,0,0,0,0,0
1669919694,46,15,2,0,0,0,0,0,2.3,14.7,40,1,0.053,10,18,64,0
1669919695,46,15,0,0,0,0,0,0,0,12.2,0,0,0,0,0,0,0
1669919696,46,15,2,0,0,0,0,0,0,12,0,0,0,0,0,0,0
1669919697,46,15,2,0,0,0,0,0,0,7.2,0,0,0,0,0,0,0
1669919698,46,15,2,0,0,0,0,0,0,11.7,0,0,0,0,0,0,0
1669919699,46,15,2,0,0,0,0,0,0,9.9,0,0,0,0,0,0,0
1669919700,46,15,0,0,0,0,0,0,0,13.4,0,0,0,0,0,0,0
1669919701,46,15,2,0,0,0,0,0,0,11.3,0,0,0,0,0,0,0
1669919702,46,15,2,0,0,0,0,0,0,13.6,0,0,0,0,0,0,0
1669919703,46,15,2,0,0,0,0,0,0,10.9,0,0,0,0,0,0,0
1669919704,46,15,2,0,0,0,0,0,0,13.5,0,0,0,0,0,0,0
1669919705,46,15,0,0,0,0,0,0,0,13.2,0,0,0,0,0,0,0
1669919706,46,15,2,0,0,0,0,0,0,11.8,0,0,0,0,0,0,0
1669919707,46,15,2,0,0,0,0,0,1,9.5,40,2,0.053,11,24,68,0
1669919708,46,15,2,0,0,0,0,0,0,13.4,0,0,0,0,0,0,0
1669919709,46,15,2,0,0,0,0,0,0,10.4,0,0,0,0,0,0,0
1669919710,46,15,2,0,0,0,0,0,0,12,0,0,0,0,0,0,0
1669919711,46,15,0,0,0,0,0,0,0,8.3,0,0,0,0,0,0,0
1669919712,46,15,2,0,0,0,0,0,0,13,0,0,0,0,0,0,0
1669919713,46,15,2,0,0,0,0,0,0,7.7,0,0,0,0,0,0,0
1669919714,46,15,2,0,0,0,0,0,0,10.7,0,0,0,0,0,0,0
1669919715,46,15,0,0,0,0,0,0,0,8.1,0,0,0,0,0,0,0
1669919716,46,15,2,0,0,0,0,0,0,7.2,0,0,0,0,0,0,0
1669919717,46,15,2,0,0,0,0,0,0,8.4,0,0,0,0,0,0,0
1669919718,46,15,2,0,0,0,0,0,0,9.9,0,0,0,0,0,0,0
1669919719,46,15,2,0,0,0,0,0,0,13.6,0,0,0,0,0,0,0
1669919720,46,15,2,0,0,0,0,0,0,8.8,0,0,0,0,0,0,0
1669919721,46,15,0,0,0,0,0,0,0,12.3,0,0,0,0,0,0,0
1669919722,46,15,2,0,0,0,0,0,0,12.6,0,0,0,0,0,0,0
1669919723,46,15,2,0,0,0,0,0,0,12.7,0,0,0,0,0,0,0
1669919724,46,15,2,0,0,0,0,0,0,12.1,0,0,0,0,0,0,0
1669919725,46,15,2,0,0,0,0,0,0,11.5,0,0,0,0,0,0,0
1669919726,46,15,2,0,0,0,0,0,0,7.5,0,0,0,0,0,0,0
1669919727,46,15,0,0,0,0,0,0,0,7.2,0,0,0,0,0,0,0
1669919728,46,15,2,0,0,0,0,0,0,10.9,0,0,0,0,0,0,0
1669919729,46,15,2,0,0,0,0,0,0,11.5,0,0,0,0,0,0,0
1669919730,46,15,2,0,0,0,0,0,0,13.1,0,0,0,0,0,0,0
1669919731,46,15,2,3,0.0033,3,1,25,4.8,16.5,40,0,0.199,40,27,40,0
1669919732,46,15,0,0,0,0,0,0,0,13.4,0,0,0,0,0,0,0
1669919733,46,15,2,0,0,0,0,0,0,13.2,0,0,0,0,0,0,0
1669919734,46,15,2,0,0,0,0,0,0,11.5,0,0,0,0,0,0,0
1669919735,46,15,2,0,0,0,0,0,0,11.6,0,0,0,0,0,0,0
1669919736,46,15,0,0,0,0,0,0,0,10.3,0,0,0,0,0,0,0
1669919737,46,15,2,9,0.015,4,3,42,4.9,23.3,40,0,0.34,53,23,30,1.13
1669919738,46,15,2,0,0,0,0,0,5.2,12.6,40,1,0.104,13,12,48,0
1669919739,46,15,0,0,0,0,0,0,0,12,0,0,0,0,0,0,0
1669919740,46,15,2,0,0,0,0,0,0,13,0,0,0,0,0,0,0
1669919741,46,15,2,0,0,0,0,0,0,9.9,0,0,0,0,0,0,0
1669919742,46,15,2,0,0,0,0,0,0,9.7,0,0,0,0,0,0,0
1669919743,46,15,2,0,0,0,0,0,7.2,10.2,40,0,0.054,12,5,29,0
1669919744,46,15,2,14,0.0028,1,0,0,13.7,9.3,40,11,0.072,9,7,43,0
1669919745,46,15,0,0,0,0,0,0,0,9.8,0,0,0,0,0,0,0
1669919746,46,15,2,0,0,0,0,0,0,8,0,0,0,0,0,0,0
1669919747,46,15,2,0,0,0,0,0,0,13.5,0,0,0,0,0,0,0
1669919748,46,15,2,0,0,0,0,0,0,7.9,0,0,0,0,0,0,0
1669919749,46,15,0,0,0,0,0,0,49.1,11.7,40,14,0.015,1,0,0,0
1669919750,46,15,2,9,0.0091,5,0,0,10,16.3,40,16,0.292,11,20,64,0
1669919751,46,15,2,0,0,0,0,0,0,9.8,0,0,0,0,0,0,0
1669919752,46,15,2,0,0,0,0,0,0,13.2,0,0,0,0,0,0,0
1669919753,46,15,2,0,0,0,0,0,0,8.6,0,0,0,0,0,0,0
1669919754,46,15,2,0,0,0,0,0,0,11,0,0,0,0,0,0,0
1669919755,46,15,0,8,0.003,2,0,0,16.3,14.1,40,16,0.136,7,7,50,0
1669919756,46,15,2,0,0.000213,1,0,0,0,12.3,0,0,0,0,0,0,0
1669919757,46,15,2,0,0,0,0,0,0,9.1,0,0,0,0,0,0,0
1669919758,46,15,2,0,0,0,0,0,0,6.5,0,0,0,0,0,0,0
1669919759,46,15,2,0,0,0,0,0,0,9.8,0,0,0,0,0,0,0
1669919760,46,15,0,0,0,0,0,0,0,8.6,0,0,0,0,0,0,0
1669919761,46,15,2,12,0.027,9,7,43,11.8,23.7,40,4,0.639,69,16,18,2.87
1669919762,46,15,2,11,0.036,15,17,53,6.3,35.6,40,1,1.2,203,33,13,3.46
1669919763,46,15,2,11,0.043,17,10,37,10.3,31.5,40,4,1.8,158,39,19,3.95
1669919764,46,13,2,9,0.032,15,10,40,8.1,0,40,1,1.6,214,35,14,9.54
1669919765,46,13,0,4,0.02,10,10,50,7.9,23.2,40,1,1,159,32,16,5.69
1669919766,46,15,2,10,0.036,17,10,37,7.7,34.5,40,2,1.6,208,36,14,9.38
1669919767,46,13,2,9,0.031,17,19,52,7.8,0,40,1,1.7,213,37,14,18.1
1669919768,46,12,2,9,0.055,21,24,53,8.3,36.9,40,1,1.6,212,30,12,17
1669919769,46,14,2,11,0.035,17,21,55,7.4,36.9,40,3,1.9,170,53,23,0
1669919770,46,15,0,13,0.052,10,3,23,27.3,24.2,40,14,1.2,71,33,31,0
1669919771,46,15,2,13,0.028,7,3,30,8.5,25.1,40,6,0.942,74,31,29,0
1669919772,46,13,2,11,0.022,8,0,0,20.6,27.7,40,11,0.819,48,20,29,0
1669919773,46,15,2,0,0.0071,3,1,25,34.6,21.8,40,20,0.331,13,7,35,261
1669919774,46,15,0,13,0.038,11,0,0,38.3,28.1,40,20,1.1,53,15,22,0
1669919775,46,15,2,10,0.015,7,3,30,9.4,20.2,40,4,0.701,82,24,22,0
1669919776,46,15,2,10,0.029,14,4,22,14.9,29.9,40,6,0.777,87,16,15,0
1669919777,46,15,2,10,0.014,9,5,35,7.8,32.7,40,4,0.932,116,26,18,0
1669919778,46,15,2,10,0.028,14,13,48,7.7,0,40,1,1.3,207,28,11,1.78
1669919779,46,14,0,11,0.022,11,15,57,6.9,22.8,40,1,1.2,163,34,17,11.6
1669919780,46,15,2,10,0.036,15,6,28,8,0,40,1,1.6,176,27,13,10.8
1669919781,46,15,2,11,0.023,9,13,59,6.7,33.4,40,1,1.2,163,33,16,16.6
1669919782,46,15,0,11,0.03,12,5,29,8.3,33.4,40,2,1.7,161,36,18,35.6
1669919783,46,15,2,11,0.027,11,6,35,7.7,33.4,40,2,1.6,164,39,19,42.6
1669919784,46,15,2,13,0.082,19,28,59,8,0,40,2,1.8,164,43,20,30
1669919785,46,12,0,8,0.051,20,23,53,7.4,0,40,2,1.6,163,54,24,33.6
1669919786,46,13,2,7,0.032,16,18,52,7,33.4,40,2,1.4,201,46,18,53
1669919787,46,15,2,9,0.024,14,8,36,7.1,0,40,0,1.2,210,37,14,51.5
1669919788,46,13,2,9,0.026,13,16,55,6.6,0,40,1,1.2,194,49,20,48.8
1669919789,46,14,0,9,0.045,15,14,48,7.4,35.5,40,1,1.4,193,53,21,42.1
1669919790,46,14,2,13,0.062,16,19,54,7.6,34.8,40,2,1.7,177,44,19,24.9
1669919791,46,13,2,10,0.046,13,22,62,6.3,33.4,40,0,1.1,175,33,15,36.1
1669919792,46,15,2,9,0.051,17,20,54,7,33.3,40,2,1.7,177,55,23,37.9
1669919793,46,14,0,12,0.053,17,21,55,6,35.5,40,1,1.1,200,49,19,31.5
1669919794,46,11,2,8,0.035,17,16,48,6.5,33.4,40,2,1.6,192,54,21,21.3
1669919795,46,15,2,11,0.067,20,18,47,6.9,36.9,40,1,1.3,198,48,19,22
1669919796,46,15,2,11,0.052,17,9,34,6.8,34.2,40,1,1.2,190,57,23,17.6
1669919797,46,15,0,10,0.052,22,29,56,6.9,0,40,1,1.3,192,53,21,15.3
1669919798,46,14,2,11,0.038,12,9,42,5.1,35.5,40,0,0.898,177,67,27,12.1
1669919799,46,15,2,12,0.036,14,13,48,5.1,36.9,40,1,1,192,53,21,3.06
1669919800,46,15,2,11,0.037,13,8,38,6.6,36.1,40,1,0.945,146,54,27,4.09
1669919801,46,15,2,6,0.018,9,5,35,5,28.2,40,0,0.688,144,59,29,3.83
1669919802,46,15,0,0,0.0046,2,0,0,8.9,16.2,40,2,0.209,33,11,25,0
1669919803,46,14,2,10,0.012,6,0,0,19.5,20.5,40,9,0.479,58,21,26,0
1669919804,46,15,2,0,0,0,0,0,25.2,12.2,0,9,0,0,1,100,0
1669919805,46,15,2,12,0.0072,3,0,0,5.9,19.8,40,4,0.242,34,24,41,0
1669919806,46,15,2,14,0.0098,4,7,63,7.8,25.1,40,4,0.549,57,41,41,0
1669919807,46,15,2,10,0.016,8,11,57,6.3,29.8,40,2,0.568,91,44,32,589
1669919808,46,15,0,14,0.0083,3,0,0,7,23.5,40,3,0.471,50,36,41,4.26
1669919809,46,15,2,10,0.012,6,0,0,16.1,27.3,40,5,0.518,74,27,26,0
1669919810,46,15,2,13,0.0051,2,0,0,29,16,40,21,0.312,19,14,42,0
1669919811,46,15,2,0,0,0,0,0,5.1,12.2,40,0,0.069,14,9,39,0
1669919812,46,15,2,0,0.0027,1,0,0,3.8,13.7,40,0,0.269,54,37,40,0
1669919813,46,15,0,11,0.014,6,4,40,14.4,25.4,40,8,0.504,57,24,29,0
1669919814,46,15,2,13,0.0025,1,0,0,36.5,12.6,40,21,0.103,7,3,30,0
1669919815,46,15,2,0,0.0062,2,0,0,22.9,19.7,40,13,0.29,19,15,44,0
1669919816,46,15,2,0,0.0051,2,0,0,40.8,19.6,40,20,0.212,11,4,26,0
1669919817,46,15,2,11,0.0038,2,0,0,32.1,16.7,40,20,0.231,12,8,40,0
1669919818,46,15,2,11,0.0038,2,0,0,35.1,18.8,40,21,0.205,9,4,30,0
1669919819,46,15,0,0,0,0,0,0,17.7,14.6,0,16,0.035,3,8,72,0
1669919820,46,15,2,0,0,0,0,0,5.1,13.1,40,2,0.086,14,11,44,104
1669919821,46,15,2,5,0.0019,1,0,0,4,11,40,1,0.138,26,29,52,0
1669919822,46,15,2,0,0,0,0,0,3.7,13.2,40,0,0.076,16,12,42,0
1669919823,46,15,2,0,0,0,0,0,0,6.5,0,0,0,0,0,0,0
1669919824,46,13,2,0,0,0,0,0,2.9,12.3,40,1,0.062,14,17,54,0
1669919825,46,15,0,0,0,0,0,0,0,9.8,0,0,0,0,0,0,0
1669919826,46,15,2,0,0,0,0,0,0,12.3,0,0,0,0,0,0,0
1669919827,46,15,2,0,0,0,0,0,0,11.9,0,0,0,0,0,0,0
1669919828,46,15,2,0,0,0,0,0,0,12,0,0,0,0,0,0,0
1669919829,46,13,2,11,0.0019,1,0,0,20.7,14.5,40,19,0.093,7,8,53,0
1669919830,46,15,0,11,0.0022,1,0,0,45,14.9,40,20,0.108,6,1,14,0
1669919831,46,15,2,7,0.0049,1,0,0,23.8,13.1,40,21,0.127,6,3,33,0
1669919832,46,15,2,11,0.002,1,0,0,36.5,12.8,40,21,0.107,7,3,30,0
1669919833,46,15,2,0,0.0019,1,0,0,31.9,14.8,40,20,0.102,7,3,30,0
1669919834,46,15,0,0,0,0,0,0,50.2,9,40,18,0.085,4,0,0,0
1669919835,46,15,2,0,0.0019,1,0,0,20.3,15.6,40,22,0.019,3,3,50,0
1669919836,46,15,2,11,0.0019,1,0,0,36.9,14,40,20,0.104,7,3,30,0
1669919837,46,15,2,11,0.0019,1,0,0,36.1,12.4,40,21,0.104,7,3,30,0
1669919838,46,15,2,11,0.0019,1,0,0,36,14.7,40,21,0.106,7,3,30,0
1669919839,46,15,2,11,0.0019,1,0,0,37.1,14.6,40,20,0.103,6,3,33,0
1669919840,46,15,0,11,0.0019,1,0,0,36.1,13.8,40,21,0.104,7,3,30,0
1669919841,46,15,2,0,0.0019,1,0,0,37.5,14.7,40,20,0.101,6,3,33,0
1669919842,46,15,2,0,0.0019,1,0,0,33.1,14.3,40,20,0.104,7,3,30,0
1669919843,46,15,2,11,0.0019,1,0,0,31.7,15,40,21,0.103,7,3,30,0
1669919844,46,15,2,11,0.0019,1,0,0,36.7,15.9,40,20,0.106,7,3,30,0
1669919845,46,15,2,11,0.0019,1,0,0,35.8,15,40,21,0.104,7,3,30,0
1669919846,46,15,0,0,0.0019,1,0,0,38,15.6,40,21,0.191,10,3,23,0
1669919847,46,15,2,11,0.0019,1,0,0,36,12.5,40,19,0.104,8,3,27,0
1669919848,46,15,2,0,0.0038,2,0,0,30.7,20.1,40,21,0.121,8,4,33,0
1669919849,46,15,2,0,0.0019,1,0,0,29.2,15,40,21,0.108,9,5,35,0
1669919850,46,15,2,0,0.0019,1,0,0,32.3,13.3,40,20,0.106,7,3,30,0
1669919851,46,15,2,11,0.0019,1,0,0,33,17.4,40,21,0.104,7,3,30,0
1669919852,46,15,0,0,0.0038,2,0,0,37,18.2,40,20,0.188,11,3,21,0
1669919853,46,15,2,15,0.0056,2,0,0,30.5,20.6,40,20,0.205,11,6,35,2.67
1669919854,46,13,2,0,0,0,0,0,1.3,20.9,40,2,0.165,32,91,73,1.61
1669919855,46,15,2,0,0,0,0,0,1.3,14.7,40,2,0.045,9,38,80,0
1669919856,46,15,2,0,0,0,0,0,6.3,7.6,40,6,0.017,5,15,75,0
1669919857,46,15,0,0,0,0,0,0,0.5,10.5,0,4,0,0,4,100,0
1669919858,46,15,2,0,0,0,0,0,0,9.6,0,0,0,0,0,0,0
1669919859,46,15,2,0,0,0,0,0,12.3,15.6,40,2,0.061,12,14,53,0
1669919860,46,15,2,0,0,0,0,0,0,8.2,0,0,0,0,0,0,0
1669919861,46,15,2,11,0.0019,1,0,0,26.3,12.4,40,21,0.118,6,4,40,0
1669919862,46,15,2,11,0.0038,2,0,0,30,16.9,40,21,0.238,12,8,40,0
1669919863,46,15,0,11,0.0038,2,0,0,37.2,20.3,40,20,0.221,11,5,31,0
1669919864,46,15,2,0,0.0038,2,0,0,32.6,17.5,40,21,0.22,11,7,38,553
1669919865,46,15,2,0,0.0019,1,0,0,29.8,21.4,40,21,0.206,10,8,44,0
1669919866,46,15,2,11,0.0038,2,0,0,28.1,21.3,40,21,0.19,10,8,44,0
1669919867,46,15,2,11,0.0038,2,0,0,30.2,17.9,40,21,0.238,12,8,40,0
1669919868,46,15,2,11,0.0038,2,0,0,27.9,18.2,40,21,0.238,12,8,40,0
1669919869,46,15,0,11,0.0038,2,0,0,27.8,18.1,40,21,0.241,12,8,40,0
1669919870,46,15,2,0,0.0039,2,0,0,31.9,19.7,40,21,0.245,12,8,40,0
1669919871,46,15,2,0,0.0038,2,0,0,33.7,21.2,40,21,0.238,12,8,40,0
1669919872,46,14,2,6,0.0062,5,3,37,4.8,26.2,40,6,0.282,18,69,79,1.4
1669919873,46,15,2,0,0,0,0,0,1.1,12.4,40,1,0.091,19,52,73,0
1669919874,46,15,0,0,0,0,0,0,0,11,0,0,0,0,1,100,0
1669919875,46,15,2,0,0,0,0,0,6.2,13.8,40,5,0.0059,3,17,85,0
1669919876,46,15,2,0,0,0,0,0,0,10.6,0,0,0,0,0,0,0
1669919877,46,15,2,0,0,0,0,0,0,12.9,0,0,0,0,4,100,0
1669919878,46,15,2,0,0,0,0,0,0,12.1,0,0,0,0,2,100,0
1669919879,46,15,2,0,0,0,0,0,0.8,12.8,40,8,0.021,2,32,94,0
1669919880,46,15,0,0,0,0,0,0,0,11,0,0,0,0,0,0,0
1669919881,46,15,2,0,0,0,0,0,0,8.3,0,0,0,0,0,0,0
1669919882,46,15,2,0,0,0,0,0,0,8.2,0,0,0,0,0,0,0
1669919883,46,15,2,0,0,0,0,0,0.5,10.8,0,0,0,0,4,100,0
1669919884,46,15,2,0,0,0,0,0,0,11.7,0,0,0,0,4,100,0
1669919885,46,15,2,0,0,0,0,0,2,11.9,40,0,0.041,10,26,72,0
1669919886,46,15,0,0,0,0,0,0,0,11.7,0,0,0,0,0,0,0
1669919887,46,15,2,0,0,0,0,0,0,12.5,0,0,0,0,0,0,0
1669919888,46,15,2,0,0,0,0,0,0,10.8,0,0,0,0,0,0,0
1669919889,46,15,2,0,0,0,0,0,0,13.1,0,0,0,0,0,0,0
1669919890,46,15,2,0,0,0,0,0,0,8.8,0,0,0,0,0,0,0
1669919891,46,15,0,0,0,0,0,0,0,6.9,0,0,0,0,0,0,0
1669919892,46,15,2,0,0,0,0,0,0,8.4,0,0,0,0,0,0,0
1669919893,46,12,2,0,0,0,0,0,11.1,12.5,40,1,0.057,9,17,65,0
1669919894,46,15,2,0,0,0,0,0,46.8,10.1,40,17,0.011,3,0,0,0
1669919895,46,15,0,0,0,0,0,0,0,7.8,0,0,0,0,0,0,0
1669919896,46,15,2,0,0,0,0,0,0,10.1,0,0,0,0,0,0,0
1669919897,46,15,2,0,0,0,0,0,0,8.4,0,0,0,0,0,0,0
1669919898,46,15,2,0,0,0,0,0,0,6.9,0,0,0,0,0,0,0
1669919899,46,15,2,0,0,0,0,0,0,7.9,0,0,0,0,0,0,0
1669919900,46,15,2,0,0,0,0,0,0,11.1,0,0,0,0,0,0,0
1669919901,46,15,0,0,0,0,0,0,0,13.8,0,0,0,0,0,0,0
1669919902,46,15,2,0,0,0,0,0,0,11.3,0,0,0,0,0,0,0
1669919903,46,15,2,0,0,0,0,0,0,11.1,0,0,0,0,0,0,0
1669919904,46,15,2,0,0,0,0,0,0,11.9,0,0,0,0,0,0,0
1669919905,46,15,2,0,0,0,0,0,0,10.1,0,0,0,0,0,0,0
1669919906,46,15,2,0,0,0,0,0,0,8.3,0,0,0,0,0,0,0
1669919907,46,15,0,0,0,0,0,0,0,7.4,0,0,0,0,0,0,0
1669919908,46,15,2,0,0,0,0,0,0,6.9,0,0,0,0,0,0,0
1669919909,46,15,2,0,0,0,0,0,0,9.2,0,0,0,0,0,0,0
1669919910,46,15,2,0,0,0,0,0,0,12.8,0,0,0,0,0,0,0
1669919911,46,15,2,0,0,0,0,0,0,9.1,0,0,0,0,0,0,0
1669919912,46,15,2,0,0,0,0,0,0,10.8,0,0,0,0,0,0,0
1669919913,46,15,0,0,0,0,0,0,0,10.3,0,0,0,0,0,0,0
1669919914,46,15,2,0,0,0,0,0,0,9.8,0,0,0,0,0,0,0
1669919915,46,15,2,11,0.0038,2,0,0,36.8,19.1,40,21,0.242,12,7,36,0
1669919916,46,15,2,5,0.0082,6,5,45,8.3,28.1,40,9,0.364,25,37,59,0
1669919917,46,15,2,11,0.0019,1,0,0,5,19.6,40,0,0.154,33,26,44,0
1669919918,46,15,0,0,0,0,0,0,4.5,9.1,0,0,0.0038,1,5,83,0
1669919919,46,15,2,0,0,0,0,0,0,14.1,0,0,0,0,4,100,0
1669919920,46,15,2,2,0,0,1,100,2.5,14.9,40,0,0.21,44,39,46,0
1669919921,46,15,2,0,0.0052,3,6,66,2.3,13.4,40,1,0.083,18,20,52,0
1669919922,46,15,2,0,0,0,0,0,0,11.2,0,0,0,0,0,0,0
1669919923,46,15,2,0,0,0,0,0,2.6,12.4,40,0,0.074,16,12,42,0
1669919924,46,15,0,0,0,0,0,0,0,11.5,0,0,0,0,0,0,0
1669919925,46,15,2,0,0,0,0,0,0,10.2,0,0,0,0,0,0,0
1669919926,46,15,2,0,0,0,0,0,0,10.7,0,0,0,0,0,0,0
1669919927,46,15,2,0,0,0,0,0,0,9.9,0,0,0,0,0,0,0
1669919928,46,15,2,0,0,0,0,0,0,8.6,0,0,0,0,0,0,0
1669919929,46,15,2,0,0,0,0,0,0,10.9,0,0,0,0,0,0,0
1669919930,46,15,0,0,0,0,0,0,0,8.1,0,0,0,0,0,0,0
1669919931,46,15,2,0,0,0,0,0,0,12.6,0,0,0,0,0,0,0
1669919932,46,15,2,0,0,0,0,0,0,9.1,0,0,0,0,0,0,0
1669919933,46,15,2,0,0,0,0,0,0,9.9,0,0,0,0,0,0,0
1669919934,46,15,2,11,0.011,5,2,28,8.7,25.4,40,4,0.381,61,41,40,0
1669919935,46,15,0,12,0.0045,2,0,0,25.5,14.8,40,17,0.142,9,7,43,0
1669919936,46,15,2,13,0.0027,1,0,0,18,12.8,40,14,0.145,8,5,38,0
1669919937,46,15,2,0,0,0,0,0,0,13.1,0,0,0,0,0,0,0
1669919938,46,15,2,0,0,0,0,0,0,8.6,0,0,0,0,0,0,0
1669919939,46,15,2,0,0,0,0,0,0,8.1,0,0,0,0,0,0,0
1669919940,46,15,2,0,0,0,0,0,0,16.6,40,0,0.0078,1,0,0,1.33
1669919941,46,15,0,0,0.0026,1,0,0,12.4,12.6,40,5,0.145,20,10,33,0
1669919942,46,15,2,0,0,0,0,0,0,9,0,0,0,0,0,0,0
1669919943,46,15,2,0,0,0,0,0,0,9.3,0,0,0,0,0,0,0
1669919944,46,15,2,11,0.0019,1,0,0,48.3,12.9,40,22,0.084,3,0,0,0
1669919945,46,15,2,0,0,0,0,0,16.1,14.7,0,21,0.035,3,4,57,0
1669919946,46,15,0,0,0,0,0,0,0,8.9,0,0,0,0,0,0,0
1669919947,46,15,2,0,0,0,0,0,0,9.1,0,0,0,0,0,0,0
1669919948,46,15,2,0,0.0019,1,0,0,32,18.5,40,21,0.114,6,4,40,0
1669919949,46,15,2,0,0,0,0,0,0,12.7,0,0,0,0,0,0,0
1669919950,46,15,2,0,0,0,0,0,0,11,0,0,0,0,0,0,0
1669919951,46,15,0,0,0,0,0,0,0,16.5,40,0,0.014,1,0,0,70
1669919952,46,15,2,8,0.0064,2,0,0,14.3,22.1,40,5,0.203,26,12,31,0
1669919953,46,15,2,13,0.0052,2,0,0,33.8,15.6,40,19,0.206,10,4,28,0
1669919954,46,15,2,0,0,0,0,0,0,7.9,0,0,0,0,0,0,0
1669919955,46,15,2,11,0.0057,3,1,25,23.2,17.7,40,18,0.233,10,11,52,0
1669919956,46,15,2,13,0.0052,2,0,0,27.1,18.8,40,20,0.316,15,9,37,0
1669919957,46,15,0,0,0,0,0,0,0,8.1,0,0,0,0,0,0,0
1669919958,46,15,2,11,0.0097,5,7,58,5.3,26.2,40,0,0.497,104,34,24,1.64
1669919959,46,15,2,10,0.021,10,24,70,4.9,28.2,40,1,0.768,140,66,32,568
1669919960,46,15,1,12,0.012,5,1,16,7.7,26.5,40,5,0.484,59,46,43,0
1669919961,46,15,2,13,0.0052,2,0,0,11.8,18.7,40,7,0.178,26,15,36,0
1669919962,46,15,0,11,0.0097,5,5,50,8.7,21.5,40,4,0.387,60,26,30,0
1669919963,46,15,2,0,0.0025,1,0,0,13.7,17.8,0,16,0.061,4,16,80,0
1669919964,46,15,2,0,0,0,0,0,3.3,17,40,0,0.098,21,12,36,0
1669919965,46,15,2,10,0.017,9,3,25,7.2,21.4,40,3,0.507,88,35,28,0
1669919966,46,15,2,0,0.0026,1,0,0,10.7,16.6,40,5,0.131,17,13,43,0
1669919967,46,15,0,0,0,0,0,0,0,15.3,0,0,0,0,4,100,0
1669919968,46,15,2,0,0,0,0,0,0,11.9,0,0,0,0,0,0,0
1669919969,46,15,2,12,0.015,5,2,28,4.3,27.3,40,0,0.471,101,36,26,0
1669919970,46,15,2,6,0.0023,1,0,0,7.1,15.6,40,0,0.132,25,5,16,0
1669919971,46,15,2,11,0.013,6,2,25,7.2,28.4,40,1,0.493,89,38,29,0
1669919972,46,15,2,11,0.0045,2,3,60,8.3,14.3,40,4,0.274,32,28,46,0
1669919973,46,15,0,0,0,0,0,0,20.4,11.7,0,10,0.049,6,3,33,0
1669919974,46,15,2,0,0.0026,1,0,0,31.7,14.4,40,21,0.12,6,4,40,0
1669919975,46,15,2,9,0.0045,2,1,33,5.6,19,40,0,0.202,41,12,22,0
1669919976,46,15,2,8,0.0098,5,10,66,3.7,24.2,40,1,0.421,88,62,41,0
1669919977,46,15,2,10,0.012,5,6,54,5.2,25.1,40,0,0.408,84,43,33,6.23
1669919978,46,15,2,9,0.011,6,8,57,8.2,16.4,40,4,0.377,57,24,29,0
1669919979,46,15,0,5,0.0042,4,1,20,24.8,15.2,40,17,0.187,10,8,44,0
1669919980,46,15,2,11,0.0019,1,0,0,24,16.1,40,20,0.155,9,8,47,0
1669919981,46,15,2,8,0.0062,5,2,28,11.9,22.8,40,9,0.325,28,25,47,0
1669919982,46,15,2,14,0.013,5,5,50,7.7,26.4,40,3,0.412,55,35,38,0
1669919983,46,15,2,13,0.0051,2,0,0,32.1,17.1,40,20,0.205,11,6,35,0
1669919984,46,15,0,11,0.0019,1,0,0,38.2,14.9,40,21,0.206,9,4,30,0
1669919985,46,15,2,0,0.0038,2,0,0,28.5,20.5,40,21,0.153,9,8,47,0
1669919986,46,15,2,11,0.0038,2,0,0,29.2,17.3,40,21,0.242,12,8,40,0
1669919987,46,15,2,0,0.0019,1,0,0,18.8,15.7,40,9,0.177,14,14,50,0
1669919988,46,15,2,11,0.014,7,2,22,9.2,26.8,40,5,0.532,66,48,42,0
1669919989,46,15,2,0,0.0019,1,0,0,30,15.7,40,20,0.104,7,4,36,0
1669919990,46,15,0,0,0.0019,1,0,0,34.3,15,40,20,0.104,7,3,30,0
1669919991,46,15,2,0,0,0,0,0,37.9,13.5,40,20,0.096,7,3,30,0
1669919992,46,15,2,11,0.0019,1,0,0,38.6,17.3,40,21,0.103,7,3,30,0
1669919993,46,15,2,13,0.011,4,1,20,12,24.9,40,9,0.367,28,26,48,3.06
1669919994,46,15,1,6,0.01,6,5,45,12.3,24.4,40,8,0.435,36,38,51,0
1669919995,46,15,2,0,0,0,0,0,0.7,13.2,0,7,0,0,4,100,0
1669919996,46,15,0,4,0.0024,3,1,25,3.9,18.7,40,0,0.229,51,45,46,0
1669919997,46,15,2,0,0,0,0,0,0,10.9,0,0,0,0,0,0,0
1669919998,46,15,2,0,0,0,0,0,0,13.7,0,0,0,0,4,100,0
1669919999,46,15,2,0,0,0,0,0,0,14.1,0,0,0,0,4,100,0
1669920000,46,15,2,0,0,0,0,0,0,10.7,40,0,0.026,4,0,0,0
1669920001,46,15,2,0,0.0019,1,0,0,29.4,18.5,40,21,0.119,6,4,40,0
1669920002,46,15,0,0,0.0019,1,0,0,32.7,17.8,40,20,0.113,6,4,40,0
1669920003,46,15,2,0,0,0,0,0,0,11.4,0,0,0,0,0,0,0
1669920004,46,15,2,0,0.0019,1,0,0,31.4,14.3,40,20,0.122,6,4,40,0
1669920005,46,15,2,11,0.0019,1,0,0,25.5,14.3,40,21,0.118,6,4,40,0
1669920006,46,15,2,0,0,0,0,0,0,10.9,0,0,0,0,0,0,0
1669920007,46,15,0,4,0.0023,3,0,0,12.8,18.4,40,17,0.07,7,14,66,0
1669920008,46,15,2,11,0.0019,1,0,0,30,17.6,40,20,0.119,6,4,40,0
1669920009,46,15,2,0,0,0,0,0,0,12.4,0,0,0,0,0,0,0
1669920010,46,15,2,0,0,0,0,0,0.5,7.8,0,10,0,0,4,100,0
1669920011,46,15,2,0,0,0,0,0,6.3,10.4,40,0,0.061,11,9,45,0
1669920012,46,15,0,0,0,0,0,0,3.1,11.4,40,0,0.064,13,15,53,0
1669920013,46,15,2,0,0,0,0,0,0,12,0,0,0,0,0,0,0
1669920014,46,15,2,0,0,0,0,0,0,10.8,0,0,0,0,0,0,0
1669920015,46,15,2,0,0,0,0,0,0,7.4,0,0,0,0,0,0,0
1669920016,46,15,2,0,0,0,0,0,0,10.5,0,0,0,0,0,0,0
1669920017,46,15,2,0,0,0,0,0,0,11,0,0,0,0,0,0,0
1669920018,46,15,0,0,0,0,0,0,0,11.5,0,0,0,0,4,100,0
1669920019,46,15,2,0,0,0,0,0,3.4,12.1,40,1,0.043,10,21,67,0
1669920020,46,15,2,0,0,0,0,0,0,10.5,0,0,0,0,0,0,0
1669920021,46,15,2,0,0,0,0,0,0,12,0,0,0,0,0,0,0
1669920022,46,15,2,0,0,0,0,0,0,9.6,0,0,0,0,0,0,0
1669920023,46,15,0,0,0,0,0,0,0,9.8,0,0,0,0,0,0,0
1669920024,46,15,2,0,0,0,0,0,0,8,0,0,0,0,0,0,0
1669920025,46,15,2,0,0,0,0,0,0,7.9,0,0,0,0,0,0,0
1669920026,46,15,2,0,0,0,0,0,0,6.4,0,0,0,0,0,0,0
1669920027,46,15,2,0,0,0,0,0,0,8.4,0,0,0,0,0,0,0
1669920028,46,15,2,0,0,0,0,0,0,6.4,0,0,0,0,0,0,0
1669920029,46,15,0,5,0.0019,1,0,0,30.2,17.1,40,19,0.128,9,5,35,0
1669920030,46,15,2,11,0.0019,1,0,0,35.9,14.1,40,21,0.101,7,3,30,0
1669920031,46,15,2,0,0,0,0,0,50.9,10.3,40,19,0.085,4,0,0,0
1669920032,46,15,2,11,0.0019,1,0,0,28,10.4,40,22,0.019,3,3,50,0
1669920033,46,15,2,0,0.0019,1,0,0,32.2,17.9,40,20,0.098,7,3,30,0
1669920034,46,15,2,0,0.0018,1,0,0,51.1,16.9,40,19,0.098,5,0,0,0
1669920035,46,15,0,0,0,0,0,0,32.1,11.4,40,20,0.089,6,3,33,0
1669920036,46,15,2,11,0.0019,1,0,0,27.7,13.3,40,22,0.019,3,3,50,0
1669920037,46,15,2,0,0.0019,1,0,0,32.7,17.6,40,20,0.102,7,3,30,0
1669920038,46,15,2,0,0.0019,1,0,0,34.3,16.8,40,20,0.104,7,3,30,0
1669920039,46,15,2,11,0.0019,1,0,0,35.9,15.7,40,21,0.102,7,3,30,0
1669920040,46,15,2,11,0.0019,1,0,0,35.7,12.4,40,21,0.104,7,3,30,0
1669920041,46,15,0,0,0.0019,1,0,0,36.9,14.4,40,20,0.102,7,3,30,0
1669920042,46,15,2,11,0.0019,1,0,0,36.9,15.9,40,20,0.103,7,3,30,0
1669920043,46,15,2,11,0.0019,1,0,0,36.2,12.4,40,21,0.103,7,3,30,0
1669920044,46,15,2,11,0.0019,1,0,0,36.7,15.3,40,21,0.104,7,3,30,0
1669920045,46,15,2,0,0.0055,2,0,0,29,21.8,40,21,0.205,10,7,41,0
1669920046,46,15,2,13,0.0051,2,0,0,38.9,19.3,40,20,0.204,10,4,28,0
1669920047,46,15,0,0,0.0038,2,0,0,35.6,20.8,40,21,0.238,12,8,40,0
1669920048,46,15,2,0,0,0,0,0,0,12.6,0,0,0,0,4,100,0
1669920049,46,15,2,0,0,0,0,0,0.6,10,0,0,0,0,4,100,0
1669920050,46,14,2,0,0,0,0,0,2.7,10,40,1,0.055,7,15,68,2.2
1669920051,46,15,2,0,0,0,0,0,2,9.8,40,1,0.118,23,35,60,0
1669920052,46,15,2,0,0,0,0,0,0,8.4,0,0,0,0,0,0,0
1669920053,46,15,0,0,0,0,0,0,0,10.6,0,0,0,0,0,0,0
1669920054,46,15,2,0,0,0,0,0,1.4,12.9,40,0,0.0048,1,1,50,1.24
1669920055,46,15,2,0,0,0,0,0,2.1,7.4,0,0,0.046,10,15,60,0
1669920056,46,15,2,0,0,0,0,0,0,8.2,0,0,0,0,0,0,0
1669920057,46,15,2,0,0,0,0,0,0,11.4,0,0,0,0,0,0,0
1669920058,46,15,2,0,0,0,0,0,0,9.6,0,0,0,0,0,0,0
1669920059,46,15,0,0,0,0,0,0,0,13.8,0,0,0,0,0,0,0
1669920060,46,15,2,0,0,0,0,0,0,12.5,0,0,0,0,0,0,0
1669920061,46,15,2,0,0,0,0,0,0,13.8,0,0,0,0,0,0,0
1669920062,46,14,2,0,0,0,0,0,2,15.4,40,2,0.023,5,23,82,517
1669920063,46,15,2,0,0,0,0,0,3,6.4,0,1,0.032,7,14,66,0
1669920064,46,15,2,0,0,0,0,0,0,10.8,0,0,0,0,0,0,0
1669920065,46,15,0,0,0,0,0,0,0,7.2,0,0,0,0,0,0,0
1669920066,46,15,2,0,0,0,0,0,0,12.2,0,0,0,0,0,0,0
1669920067,46,15,2,0,0,0,0,0,0,10.3,0,0,0,0,0,0,0
1669920068,46,15,2,0,0,0,0,0,0,8.6,0,0,0,0,0,0,0
1669920069,46,15,2,0,0,0,0,0,0,10.3,0,0,0,0,0,0,0
1669920070,46,15,0,0,0,0,0,0,0,10.1,0,0,0,0,0,0,0
1669920071,46,15,2,0,0,0,0,0,0,12.7,0,0,0,0,0,0,0
1669920072,46,15,2,0,0,0,0,0,0,7.6,0,0,0,0,0,0,0
1669920073,46,15,2,0,0,0,0,0,0,9.4,0,0,0,0,0,0,0
1669920074,46,15,2,0,0,0,0,0,0,10.1,0,0,0,0,0,0,0
1669920075,46,15,0,0,0,0,0,0,0,9.8,0,0,0,0,0,0,0
1669920076,46,15,2,0,0,0,0,0,0,11.2,0,0,0,0,0,0,0
1669920077,46,15,2,0,0,0,0,0,0,10.1,0,0,0,0,0,0,0
1669920078,46,15,2,12,0.0073,3,2,40,5.5,20.1,40,2,0.338,62,46,42,0
1669920079,46,15,2,0,0,0,0,0,4.3,12.8,40,1,0.065,13,14,51,0
1669920080,46,15,2,0,0,0,0,0,5.5,14.4,40,1,0.082,18,11,37,0
1669920081,46,15,0,0,0,0,0,0,0,9.6,0,0,0,0,0,0,0
1669920082,46,15,2,12,0.0045,2,3,60,3.1,18.6,40,0,0.197,42,35,45,0
1669920083,46,15,2,0,0,0,0,0,1.8,13.5,40,0,0.051,11,12,52,3.21
1669920084,46,15,2,12,0.012,5,2,28,3.9,27.3,40,1,0.409,87,52,37,0
1669920085,46,15,2,0,0.000418,2,0,0,17.3,11.2,40,11,0.031,3,3,50,0
1669920086,46,15,0,11,0.0019,1,0,0,28.8,12.4,40,21,0.121,6,4,40,0
1669920087,46,15,2,13,0.0026,1,0,0,19.3,13.2,40,16,0.141,7,4,36,0
1669920088,46,15,2,0,0.0045,2,0,0,4.4,20.5,40,1,0.225,44,24,35,0
1669920089,46,15,2,11,0.017,7,3,30,3.6,33.5,40,0,0.515,103,63,37,0
1669920090,46,15,2,7,0.0075,5,0,0,20.2,24.5,40,17,0.198,13,18,58,0
1669920091,46,15,2,15,0.0055,2,0,0,26.6,18.6,40,19,0.198,10,9,47,0
1669920092,46,15,0,12,0.013,5,4,44,8,30.2,40,4,0.468,56,41,42,0
1669920093,46,15,2,12,0.007,3,0,0,18.2,21.8,40,17,0.298,14,19,57,0
1669920094,46,15,2,11,0.0058,3,0,0,5.8,23.9,40,1,0.382,66,29,30,1.03
1669920095,46,15,2,11,0.0064,3,5,62,8.1,17.7,40,4,0.262,43,36,45,0
1669920096,46,15,2,0,0.0081,3,0,0,28.5,20.2,40,20,0.225,12,7,36,0
1669920097,46,15,2,0,0.0025,1,0,0,14.5,15,40,11,0.134,12,12,50,0
1669920098,46,15,0,11,0.0019,1,0,0,38,12.4,40,21,0.104,7,3,30,0
1669920099,46,15,2,0,0.0019,1,0,0,38.3,17.1,40,19,0.187,11,3,21,0
1669920100,46,15,2,7,0.014,4,0,0,24.9,17.1,40,21,0.375,18,10,35,0
1669920101,46,15,2,13,0.0077,3,0,0,37.6,19.3,40,20,0.29,14,4,22,0
1669920102,46,15,2,0,0.0097,3,0,0,37,19.6,40,21,0.355,17,7,29,0
1669920103,46,15,2,11,0,0,4,100,5.5,20.2,40,1,0.237,42,30,41,20
1669920104,46,14,0,6,0.0077,4,11,73,6.1,20.7,40,2,0.424,82,39,32,0
1669920105,46,15,2,0,0.0051,2,0,0,30.2,19.2,40,18,0.229,11,5,31,0
1669920106,46,15,2,13,0.0026,1,0,0,15.2,16.9,40,9,0.112,21,10,32,0
1669920107,46,15,2,0,0.0019,1,0,0,37,17.1,40,21,0.18,10,3,23,0
1669920108,46,15,2,11,0.0038,2,0,0,40.5,17.2,40,19,0.12,9,3,25,0
1669920109,46,15,2,11,0.0019,1,0,0,25.5,14.4,40,21,0.107,9,6,40,0
1669920110,46,15,0,0,0.0019,1,0,0,39.9,15.6,40,21,0.189,10,3,23,0
1669920111,46,15,2,11,0.0037,2,0,0,33.1,18.5,40,20,0.118,9,3,25,0
1669920112,46,15,2,15,0.0055,2,0,0,19.9,19.2,40,11,0.29,20,13,39,0
1669920113,46,12,2,13,0.0026,1,0,0,4.3,13.3,40,0,0.114,24,20,45,0
1669920114,46,15,2,0,0,0,0,0,0,13.8,0,0,0,0,0,0,0
1669920115,46,14,0,7,0.01,5,2,28,6.5,21.8,40,3,0.421,80,53,39,0
1669920116,46,15,2,13,0.0051,2,0,0,35.6,18,40,19,0.211,11,4,26,0
1669920117,46,13,2,0,0,0,0,0,2.1,9.5,40,1,0.07,14,15,51,0
1669920118,46,15,2,0,0,0,0,0,0,10.6,0,0,0,0,0,0,0
1669920119,46,15,2,11,0.0064,3,3,50,4.5,22.4,40,0,0.266,56,42,42,0
1669920120,46,15,2,11,0.0045,2,2,50,5.8,19.7,40,0,0.336,61,36,37,0
1669920121,46,15,0,0,0.0026,1,0,0,5.2,15,40,0,0.136,29,15,34,2.43
1669920122,46,15,2,11,0.0045,2,2,50,8.4,19.9,40,4,0.291,47,36,43,0
1669920123,46,15,2,11,0.0083,4,4,50,3.8,21,40,0,0.306,66,41,38,1.52
1669920124,46,15,2,10,0.013,6,0,0,4.6,22.7,40,2,0.362,71,56,44,0
1669920125,46,15,2,0,0,0,0,0,5.2,19.2,40,2,0.273,48,44,47,0
1669920126,46,15,0,11,0.0047,2,0,0,35.1,21.4,40,20,0.253,10,4,28,0
1669920127,46,15,2,0,0,0,0,0,8.5,11.1,0,17,0.041,2,8,80,0
1669920128,46,15,2,0,0,0,0,0,0,10.1,0,0,0,0,0,0,0
1669920129,46,14,0,0,0,0,0,0,3.4,15.4,40,8,0.088,9,17,65,0
1669920130,46,15,2,0,0,0,0,0,13.7,12.7,40,11,0.045,4,6,60,0
1669920131,46,15,2,0,0,0,0,0,0,10.7,0,0,0.025,1,0,0,0
1669920132,46,15,2,0,0,0,0,0,0,13.2,0,0,0,0,0,0,0
1669920133,46,15,0,0,0,0,0,0,0,9.3,0,0,0,0,0,0,0
1669920134,46,15,2,0,0,0,0,0,0,8.8,0,0,0,0,0,0,0
1669920135,46,15,2,11,0.0039,2,0,0,41.2,15.5,40,20,0.185,11,3,21,0
1669920136,46,15,2,0,0.0019,1,0,0,31,16.4,40,21,0.124,10,6,37,0
1669920137,46,15,2,0,0.0019,1,0,0,33.2,17.9,40,20,0.105,7,3,30,0
1669920138,46,15,0,0,0.0019,1,0,0,38.1,18.6,40,19,0.192,11,3,21,0
1669920139,46,15,2,11,0.0037,2,0,0,28.6,16.1,40,21,0.121,10,6,37,0
1669920140,46,15,2,0,0.0019,1,0,0,35.7,17.2,40,20,0.104,7,3,30,0
1669920141,46,15,2,11,0.0019,1,0,0,41.2,17.2,40,20,0.183,11,3,21,0
1669920142,46,15,2,11,0.0038,2,0,0,30.3,16.8,40,21,0.124,10,6,37,0
1669920143,46,15,2,0,0.0019,1,0,0,33.8,14.7,40,20,0.105,7,3,30,0
1669920144,46,15,0,0,0.0019,1,0,0,39.6,17,40,20,0.188,11,3,21,0
1669920145,46,15,2,0,0.0075,3,0,0,31.4,19.3,40,21,0.209,10,4,28,0
1669920146,46,15,2,13,0.0026,1,0,0,9.1,20.1,40,5,0.248,24,28,53,0
1669920147,46,15,2,0,0.0026,1,0,0,17.6,14.6,40,7,0.174,17,15,46,0
1669920148,46,15,2,0,0,0,0,0,19.8,12.4,40,17,0.068,5,7,58,0
1669920149,46,15,2,11,0.0038,2,0,0,37.1,18,40,20,0.216,11,5,31,0
1669920150,46,15,0,11,0.0019,1,0,0,19,19.1,40,18,0.126,7,11,61,0
1669920151,46,15,2,0,0,0,0,0,0,8.5,0,0,0,0,0,0,0
1669920152,46,15,2,0,0,0,0,0,0,9,0,0,0,0,4,100,0
1669920153,46,13,2,0,0.0019,1,0,0,1.9,18.1,40,1,0.16,32,55,63,1
1669920154,46,15,2,0,0,0,0,0,4.6,9.8,40,2,0.063,15,18,54,0
1669920155,46,15,2,0,0,0,0,0,0,7.9,0,0,0,0,0,0,0
1669920156,46,15,0,0,0,0,0,0,0.7,9.6,0,2,0,0,4,100,0
1669920157,46,15,2,0,0,0,0,0,0,12,0,0,0,0,4,100,0
1669920158,46,15,2,0,0,0,0,0,4.3,13.4,40,1,0.034,8,19,70,0
1669920159,46,15,2,0,0,0,0,0,-0.2,9.8,0,7,0,0,1,100,0
1669920160,46,15,2,0,0,0,0,0,0,12.5,0,0,0,0,0,0,0
1669920161,46,15,2,0,0,0,0,0,0,14,0,0,0,0,4,100,0
1669920162,46,14,0,0,0,0,0,0,1.1,9.7,40,1,0.04,9,19,67,0
1669920163,46,15,2,0,0,0,0,0,0,10.1,0,0,0,0,0,0,0
1669920164,46,15,2,0,0,0,0,0,0,9.4,0,0,0,0,0,0,0
1669920165,46,15,2,0,0,0,0,0,0,9.6,0,0,0,0,0,0,0
1669920166,46,15,2,0,0,0,0,0,0,7.9,0,0,0,0,0,0,0
1669920167,46,15,0,0,0,0,0,0,0,9.8,0,0,0,0,0,0,0
1669920168,46,15,2,0,0,0,0,0,0,7.5,0,0,0,0,0,0,0
1669920169,46,15,2,0,0,0,0,0,0,13.8,0,0,0,0,0,0,0
1669920170,46,15,2,0,0,0,0,0,11.2,14.1,40,0,0.0059,1,2,66,414
1669920171,46,15,0,0,0,0,0,0,27,8,0,15,0.034,2,3,60,0
1669920172,46,15,2,0,0,0,0,0,0,10.1,0,0,0,0,0,0,0
1669920173,46,15,2,0,0,0,0,0,0,9.8,0,0,0,0,0,0,0
1669920174,46,15,0,0,0,0,0,0,0,7.8,0,0,0,0,0,0,0
1669920175,46,15,2,0,0,0,0,0,0,9.8,0,0,0,0,0,0,0
1669920176,46,15,2,0,0,0,0,0,0,11.3,0,0,0,0,0,0,0
1669920177,46,15,2,0,0,0,0,0,0,11.7,0,0,0,0,0,0,0
1669920178,46,15,2,0,0,0,0,0,0,11.5,0,0,0,0,0,0,0
1669920179,46,15,2,0,0,0,0,0,0,11,0,0,0,0,0,0,0
1669920180,46,15,0,0,0,0,0,0,0,7.8,0,0,0,0,0,0,0
1669920181,46,15,2,0,0,0,0,0,0,10.1,0,0,0,0,0,0,0
1669920182,46,15,2,0,0,0,0,0,0,9.4,0,0,0,0,0,0,0
1669920183,46,15,2,0,0,0,0,0,0,11.1,0,0,0,0,0,0,0
1669920184,46,15,0,0,0,0,0,0,0,7.4,0,0,0,0,0,0,0
1669920185,46,15,2,0,0,0,0,0,0,6.9,0,0,0,0,0,0,0
1669920186,46,15,2,0,0,0,0,0,0,7.2,0,0,0,0,0,0,0
1669920187,46,15,2,0,0,0,0,0,0,13.1,0,0,0,0,0,0,0
1669920188,46,15,2,0,0,0,0,0,0,11.4,0,0,0,0,0,0,0
1669920189,46,15,2,0,0,0,0,0,0,8.7,0,0,0,0,0,0,0
1669920190,46,15,0,0,0.0019,1,0,0,34.7,16.1,40,21,0.122,6,4,40,0
1669920191,46,15,2,0,0,0,0,0,0,8,0,0,0,0,0,0,0
1669920192,46,15,2,11,0.0021,1,0,0,53.5,11.4,40,22,0.093,3,0,0,0
1669920193,46,15,2,0,0,0,0,0,17.8,12,0,20,0.041,3,4,57,0
1669920194,46,15,0,0,0,0,0,0,0,8.2,0,0,0,0,0,0,0
1669920195,46,15,2,0,0.0019,1,0,0,33.9,14,40,21,0.12,6,4,40,0
1669920196,46,15,2,0,0,0,0,0,0,10.1,0,0,0,0,0,0,0
1669920197,46,15,2,11,0.0019,1,0,0,25.7,14.7,40,22,0.121,6,4,40,0
1669920198,46,15,2,0,0,0,0,0,0,11.9,0,0,0,0,0,0,0
1669920199,46,15,2,0,0,0,0,0,0,5.8,0,0,0,0,0,0,0
1669920200,46,15,0,11,0.0019,1,0,0,25.7,15.4,40,21,0.119,6,4,40,0
1669920201,46,15,2,0,0,0,0,0,0,12.9,0,0,0,0,0,0,0
1669920202,46,15,2,0,0.0019,1,0,0,33.8,16.5,40,21,0.121,6,4,40,0
1669920203,46,15,2,0,0,0,0,0,0,8.4,0,0,0,0,0,0,0
1669920204,46,15,2,0,0.0019,1,0,0,32.8,14.7,40,21,0.121,6,4,40,0
1669920205,46,15,2,0,0,0,0,0,0,9.8,0,0,0,0,0,0,0
1669920206,46,15,0,0,0.0019,1,0,0,51,14.5,40,18,0.078,4,0,0,0
1669920207,46,15,2,0,0,0,0,0,23.5,11.3,0,23,0.035,2,4,66,0
1669920208,46,15,2,0,0.0019,1,0,0,34.1,16.1,40,21,0.12,6,4,40,0
1669920209,46,15,2,0,0,0,0,0,0,12.5,0,0,0,0,0,0,0
1669920210,46,15,2,0,0.0019,1,0,0,28.7,14,40,21,0.12,6,4,40,0
1669920211,46,15,2,0,0,0,0,0,0,7,0,0,0,0,0,0,0
1669920212,46,15,0,0,0,0,0,0,1.6,8.5,40,3,0.043,6,19,76,0
1669920213,46,15,2,0,0,0,0,0,0,10.5,0,0,0,0,0,0,0
1669920214,46,15,2,0,0,0,0,0,0,9.3,0,0,0,0,0,0,0
1669920215,46,15,2,0,0,0,0,0,1.9,16.5,40,0,0.055,10,28,73,0
1669920216,46,15,0,0,0,0,0,0,0,11.3,0,0,0,0,0,0,0
1669920217,46,15,2,0,0,0,0,0,0,10.9,0,0,0,0,0,0,0
1669920218,46,15,2,0,0,0,0,0,0,9.5,0,0,0,0,0,0,0
1669920219,46,15,0,0,0,0,0,0,0,9.8,0,0,0,0,0,0,0
1669920220,46,15,2,0,0,0,0,0,0,9.1,0,0,0,0,0,0,0
1669920221,46,15,2,0,0,0,0,0,3.2,13.7,40,0,0.063,14,14,50,0
1669920222,46,15,2,0,0,0,0,0,0,7.4,0,0,0,0,0,0,0
1669920223,46,15,0,0,0,0,0,0,0,7.4,0,0,0,0,0,0,0
1669920224,46,15,2,0,0,0,0,0,0,11.2,0,0,0,0,0,0,0
1669920225,46,15,2,0,0,0,0,0,0,11.2,0,0,0,0,0,0,0
1669920226,46,15,2,0,0,0,0,0,0,8.1,0,0,0,0,0,0,0
1669920227,46,15,2,0,0,0,0,0,0,10.1,0,0,0,0,0,0,0
1669920228,46,15,0,0,0,0,0,0,0,13.8,0,0,0,0,0,0,0
1669920229,46,15,2,0,0,0,0,0,0,7.2,0,0,0,0,0,0,0
1669920230,46,15,2,0,0,0,0,0,0,12.3,0,0,0,0,0,0,0
1669920231,46,15,2,0,0,0,0,0,0,7.9,0,0,0,0,0,0,0
1669920232,46,15,2,0,0,0,0,0,0,6.4,0,0,0,0,0,0,0
1669920233,46,15,2,0,0,0,0,0,1.4,9.8,40,0,0.037,8,14,63,0
1669920234,46,15,0,0,0,0,0,0,4.4,11.1,40,2,0.022,5,5,50,0
1669920235,46,15,2,0,0,0,0,0,0,9.2,0,0,0,0,0,0,0
1669920236,46,15,2,0,0,0,0,0,0,12,0,0,0,0,0,0,0
1669920237,46,15,2,0,0,0,0,0,0,7.4,0,0,0,0,0,0,0
1669920238,46,15,2,0,0,0,0,0,0,9.1,0,0,0,0,0,0,0
1669920239,46,15,2,0,0,0,0,0,0,13.2,0,0,0,0,0,0,0
1669920240,46,15,0,0,0,0,0,0,0,6.4,0,0,0,0,0,0,0
1669920241,46,15,2,0,0,0,0,0,0,8.7,0,0,0,0,0,0,0
1669920242,46,15,2,0,0,0,0,0,0,12,0,0,0,0,0,0,0
1669920243,46,15,2,0,0,0,0,0,0,6.4,0,0,0,0,0,0,0
1669920244,46,15,2,0,0,0,0,0,0,13.8,0,0,0,0,0,0,0
1669920245,46,15,0,0,0,0,0,0,0,12.5,0,0,0,0,0,0,0
1669920246,46,15,2,0,0,0,0,0,0,9.4,0,0,0,0,0,0,0
1669920247,46,15,2,0,0,0,0,0,0,10.1,0,0,0,0,0,0,0
1669920248,46,15,2,0,0,0,0,0,0,7.9,0,0,0,0,0,0,0
1669920249,46,15,2,0,0,0,0,0,0,10.1,0,0,0,0,0,0,0
1669920250,46,15,2,0,0,0,0,0,0,9.6,0,0,0,0,0,0,0
1669920251,46,15,0,0,0,0,0,0,0,12.4,0,0,0,0,0,0,0
1669920252,46,15,2,0,0,0,0,0,0,8.2,0,0,0,0,0,0,0
1669920253,46,15,2,0,0,0,0,0,0,7.4,0,0,0,0,0,0,0
1669920254,46,15,2,0,0,0,0,0,0,7,0,0,0,0,0,0,0
1669920255,46,15,2,0,0,0,0,0,0,8.9,0,0,0,0,0,0,0
1669920256,46,15,0,0,0,0,0,0,0,12.5,0,0,0,0,0,0,0
1669920257,46,15,2,0,0,0,0,0,0,12.9,0,0,0,0,0,0,0
1669920258,46,15,2,11,0.0019,1,1,50,4.7,22.8,40,4,0.194,25,28,52,0
1669920259,46,15,2,0,0,0,0,0,0,10.3,0,0,0,0,0,0,0
1669920260,46,15,2,11,0.0023,1,0,0,28.9,15.3,40,21,0.134,6,4,40,0
1669920261,46,15,0,11,0.0025,1,0,0,31.9,18.8,40,20,0.158,6,4,40,0
1669920262,46,15,2,0,0,0,0,0,0,9.5,0,0,0,0,0,0,0
1669920263,46,15,0,0,0.0024,1,0,0,36.2,18.7,40,21,0.15,6,4,40,0
1669920264,46,15,2,11,0.0022,1,0,0,31.5,16.8,40,21,0.14,6,4,40,0
1669920265,46,15,2,5,0,0,0,0,11.8,11.3,40,7,0.057,4,2,33,0
1669920266,46,15,2,0,0.0019,1,0,0,12.4,12.6,40,7,0.073,8,14,63,0
1669920267,46,15,2,0,0.0019,1,0,0,28.7,17,40,21,0.12,6,4,40,0
1669920268,46,15,0,11,0.0058,2,0,0,38.7,18.9,40,20,0.319,15,4,21,0
1669920269,46,15,2,0,0.0053,2,0,0,28.1,15.2,40,21,0.122,6,5,45,0
1669920270,46,15,2,15,0.005,2,5,71,4.8,22,40,2,0.45,69,62,47,251
1669920271,46,13,2,0,0,0,0,0,4.8,9.4,40,0,0.168,31,25,44,0
1669920272,46,15,0,0,0,0,0,0,2.4,14.5,40,0,0.045,9,9,50,0
1669920273,46,15,2,12,0.0045,2,0,0,5.3,22,40,3,0.216,35,21,37,2.01
1669920274,46,14,2,5,0.0019,1,1,50,2.7,15.9,0,1,0.089,19,24,55,0
1669920275,46,15,2,0,0,0,0,0,4.4,13.6,40,1,0.105,23,20,46,0
1669920276,46,15,2,10,0.0094,5,4,44,6.3,21.2,40,2,0.359,69,48,41,0
1669920277,46,15,0,2,0.0028,2,2,50,5.1,18.6,40,0,0.203,39,20,33,0
1669920278,46,15,2,12,0.0046,2,1,33,25.1,20.1,40,13,0.198,17,14,45,0
1669920279,46,15,2,0,0.0019,1,0,0,33.7,14.3,40,21,0.12,6,4,40,0
1669920280,46,15,2,11,0.0038,2,0,0,31.8,20.5,40,21,0.238,12,8,40,0
1669920281,46,15,2,11,0.0038,2,0,0,32.8,19.2,40,20,0.214,11,5,31,0
1669920282,46,15,2,11,0.0019,1,0,0,25.1,16.2,40,22,0.154,8,7,46,0
1669920283,46,15,0,11,0.0038,2,0,0,28.3,18.2,40,21,0.223,11,8,42,0
1669920284,46,15,2,0,0.0038,2,0,0,36.1,21.3,40,20,0.238,12,8,40,0
1669920285,46,15,2,2,0.0021,2,1,33,9.9,20.1,40,7,0.192,19,32,62,0
1669920286,46,15,2,0,0.000209,1,0,0,4.8,11.9,40,1,0.088,20,20,50,0
1669920287,46,15,2,0,0,0,0,0,2,13.7,40,0,0.052,11,10,47,0
1669920288,46,15,2,0,0,0,0,0,4.6,9.3,0,5,0.024,6,1,14,0
1669920289,46,15,0,0,0,0,0,0,0,8.9,0,0,0,0,0,0,0
1669920290,46,15,2,0,0,0,0,0,0,10.7,40,0,0.0047,1,0,0,0
1669920291,46,15,2,0,0,0,0,0,12,11,40,14,0.052,4,8,66,0
1669920292,46,15,2,0,0,0,0,0,0,11.3,0,0,0,0,0,0,0
1669920293,46,15,2,0,0,0,0,0,0,8.1,0,0,0,0,0,0,0
1669920294,46,15,2,0,0,0,0,0,0,11.5,0,0,0,0,0,0,0
1669920295,46,15,0,0,0,0,0,0,0,10.3,0,0,0,0,0,0,0
1669920296,46,15,2,0,0,0,0,0,0,12.2,0,0,0,0,0,0,0
1669920297,46,15,2,11,0.0019,1,0,0,32.6,17.4,40,21,0.119,8,3,27,0
1669920298,46,15,2,11,0.0039,2,0,0,41.4,16.7,40,20,0.194,11,3,21,0
1669920299,46,15,2,0,0.0019,1,0,0,28.8,17.2,40,21,0.098,9,6,40,0
1669920300,46,15,2,0,0.0019,1,0,0,35.5,15.6,40,21,0.104,7,3,30,0
1669920301,46,15,0,11,0.0019,1,0,0,41.2,15.2,40,20,0.191,11,3,21,0
1669920302,46,15,2,11,0.0038,2,0,0,34.6,16.8,40,20,0.12,8,3,27,0
1669920303,46,15,2,0,0.0019,1,0,0,28.3,14.3,40,21,0.106,8,6,42,0
1669920304,46,15,2,0,0.0019,1,0,0,36.7,14.8,40,20,0.096,7,3,30,0
1669920305,46,15,2,0,0.002,1,0,0,35.8,15.6,40,21,0.127,8,3,27,0
1669920306,46,15,0,11,0.0039,2,0,0,35.4,16,40,20,0.178,10,3,23,0
1669920307,46,15,2,0,0.0019,1,0,0,29.3,18.6,40,21,0.125,10,6,37,0
1669920308,46,15,2,11,0.0019,1,0,0,36.5,15.2,40,21,0.104,7,3,30,0
1669920309,46,15,2,11,0.0019,1,0,0,40.8,16.1,40,20,0.181,11,3,21,0
1669920310,46,15,2,11,0.0042,2,0,0,31.1,19.4,40,21,0.133,8,4,33,0
1669920311,46,15,0,0,0.0023,1,0,0,34,14.6,40,21,0.128,9,5,35,0
1669920312,46,15,2,11,0.002,1,0,0,38.7,15.5,40,21,0.125,8,3,27,0
1669920313,46,15,2,11,0.0038,2,0,0,38.5,17.8,40,20,0.164,10,3,23,0
1669920314,46,15,2,11,0.0019,1,0,0,34.1,14.1,40,21,0.123,10,6,37,0
1669920315,46,15,2,11,0.0019,1,0,0,38.4,16.1,40,20,0.12,8,3,27,0
1669920316,46,15,0,11,0.0039,2,0,0,38.4,15.2,40,20,0.176,10,3,23,0
1669920317,46,15,2,11,0.0019,1,0,0,35.1,14.5,40,21,0.123,10,6,37,0
1669920318,46,15,2,11,0.0019,1,0,0,35.6,13.4,40,21,0.104,7,3,30,0
1669920319,46,15,2,11,0.0019,1,0,0,38.4,15,40,20,0.193,11,3,21,0
1669920320,46,15,2,11,0.0038,2,0,0,32.8,15.4,40,21,0.123,10,6,37,0
1669920321,46,15,2,14,0.0055,2,0,0,25.5,18.3,40,22,0.207,10,7,41,0
1669920322,46,15,0,13,0.0052,2,0,0,36.5,18,40,20,0.208,10,4,28,0
1669920323,46,15,2,11,0.0039,2,0,0,29,18.9,40,21,0.243,12,8,40,0
1669920324,46,15,2,11,0.0039,2,0,0,35,20.1,40,21,0.235,12,6,33,0
1669920325,46,15,2,0,0.0039,2,0,0,36.1,19.5,40,21,0.207,9,6,40,0
1669920326,46,15,2,0,0.0019,1,0,0,33.1,19.4,40,20,0.174,10,8,44,0
1669920327,46,15,0,11,0.0038,2,2,50,13.8,18.9,40,11,0.196,16,18,52,0
1669920328,46,15,2,11,0.0038,2,0,0,32.5,19.4,40,21,0.24,12,8,40,0
1669920329,46,15,2,11,0.0038,2,0,0,30.2,19.5,40,21,0.24,12,8,40,0
1669920330,46,15,2,11,0.0038,2,0,0,30.8,19.2,40,21,0.239,12,8,40,0
1669920331,46,15,2,0,0.0019,1,0,0,26.2,18.6,40,18,0.115,6,8,57,0
1669920332,46,15,2,0,0,0,0,0,1,12.4,0,0,0,0,1,100,0
1669920333,46,15,0,0,0,0,0,0,0.4,8.6,0,0,0,0,3,100,0
1669920334,46,15,2,0,0,0,0,0,0,11.3,0,0,0,0,4,100,0
1669920335,46,15,2,0,0,0,0,0,1.4,12.9,40,1,0.08,17,68,80,0
1669920336,46,15,2,0,0.0019,1,0,0,39.6,14.3,40,17,0.104,7,2,22,0
1669920337,46,15,2,0,0.0039,2,0,0,31,21,40,21,0.262,13,11,45,0
1669920338,46,15,0,0,0.0038,2,0,0,33.7,22,40,21,0.238,12,8,40,0
1669920339,46,15,2,11,0.0038,2,0,0,29.6,18.9,40,21,0.239,12,8,40,0
1669920340,46,15,2,11,0.0039,2,0,0,29.1,19.2,40,21,0.243,12,8,40,0
1669920341,46,15,2,4,0.0064,6,6,50,6.2,23,40,8,0.307,21,45,68,0
1669920342,46,12,2,3,0.0022,2,5,71,5,20.8,40,4,0.126,21,41,66,0
1669920343,46,15,2,0,0.0019,1,0,0,34.7,17.4,40,20,0.199,12,5,29,0
1669920344,46,15,0,0,0.0039,2,0,0,30.4,20.6,40,21,0.125,10,6,37,0
1669920345,46,15,2,11,0.0019,1,0,0,31.8,12.4,40,21,0.105,7,3,30,0
1669920346,46,15,2,0,0.0019,1,0,0,38.5,15.8,40,20,0.121,8,3,27,0
1669920347,46,15,2,11,0.0019,1,0,0,38.8,12.4,40,20,0.173,10,3,23,0
1669920348,46,15,2,0,0.0039,2,0,0,36.4,18.1,40,21,0.123,9,4,30,0
1669920349,46,15,0,0,0.0019,1,0,0,32.9,11.9,40,21,0.107,8,5,38,0
1669920350,46,15,2,11,0.0019,1,0,0,36.1,14.6,40,21,0.104,7,3,30,0
1669920351,46,15,2,0,0.0019,1,0,0,36.1,15.8,40,20,0.105,7,3,30,0
1669920352,46,15,2,0,0.0019,1,0,0,37.2,14.3,40,21,0.19,10,3,23,0
1669920353,46,15,2,0,0.0019,1,0,0,31.7,14.8,40,19,0.105,8,3,27,0
1669920354,46,15,2,11,0.0038,2,0,0,36.7,15,40,21,0.12,9,4,30,0
1669920355,46,15,0,0,0.0019,1,0,0,27,14.8,40,21,0.107,8,5,38,0
1669920356,46,15,2,0,0.0019,1,0,0,33.9,15.8,40,20,0.105,7,3,30,0
1669920357,46,15,2,0,0.0019,1,0,0,33.8,15.7,40,20,0.097,7,3,30,0
1669920358,46,15,2,0,0.0038,2,0,0,36.9,18.6,40,20,0.191,11,3,21,0
1669920359,46,15,2,11,0.0019,1,0,0,30.3,13,40,21,0.125,10,6,37,0
1669920360,46,15,2,11,0.0019,1,0,0,36.1,14.3,40,21,0.105,7,3,30,0
1669920361,46,15,0,11,0.0019,1,0,0,37.7,17.6,40,20,0.191,11,3,21,0
1669920362,46,15,2,0,0.0038,2,0,0,26.5,19.5,40,21,0.116,10,6,37,0
1669920363,46,15,2,11,0.0019,1,0,0,36.6,13.5,40,21,0.105,7,3,30,0
1669920364,46,15,2,11,0.0019,1,0,0,37.5,15.5,40,20,0.19,11,3,21,0
1669920365,46,15,2,11,0.0039,2,0,0,35.9,16.3,40,21,0.124,9,4,30,0
1669920366,46,15,0,11,0.0019,1,0,0,29.2,14.1,40,21,0.105,8,5,38,0
1669920367,46,15,2,0,0.0019,1,0,0,38.5,16.3,40,21,0.192,10,3,23,0
1669920368,46,15,2,13,0.0056,2,0,0,25.1,18.3,40,18,0.231,14,10,41,0
1669920369,46,15,2,12,0.0072,3,0,0,35.2,21.8,40,21,0.244,12,8,40,0
1669920370,46,15,2,8,0.0067,5,2,28,14,22.4,40,16,0.279,12,22,64,698
1669920371,46,15,0,0,0,0,0,0,1.4,12.9,40,0,0.122,23,49,68,0
1669920372,46,15,2,0,0,0,0,0,3.8,9.5,40,1,0.072,15,15,50,0
1669920373,46,13,2,0,0.0019,1,0,0,5,12.8,40,0,0.077,17,14,45,0
1669920374,46,15,2,0,0,0,0,0,0.7,6.4,0,2,0,0,1,100,0
1669920375,46,15,2,12,0.0069,1,0,0,3.9,13.8,40,1,0.293,45,38,45,0
1669920376,46,15,0,0,0,0,0,0,0,10.1,0,0,0,0,0,0,0
1669920377,46,15,2,0,0,0,0,0,0,10.3,0,0,0,0,0,0,0
1669920378,46,15,2,0,0,0,0,0,2.2,13,40,0,0.07,15,13,46,0
1669920379,46,15,2,0,0,0,0,0,0,8.5,0,0,0,0,0,0,0
1669920380,46,15,2,0,0,0,0,0,0,8.4,0,0,0,0,0,0,0
1669920381,46,15,2,0,0,0,0,0,0,11,0,0,0,0,0,0,0
1669920382,46,15,0,0,0,0,0,0,0,9.6,0,0,0,0,0,0,0
1669920383,46,15,2,0,0,0,0,0,0,13.2,0,0,0,0,0,0,0
1669920384,46,15,2,13,0.0026,1,0,0,5.2,16.6,40,1,0.219,41,26,38,0
1669920385,46,15,2,0,0,0,0,0,0,6.4,0,0,0,0,0,0,0
1669920386,46,15,2,0,0,0,0,0,0,12,0,0,0,0,0,0,0
1669920387,46,15,0,0,0.0024,3,0,0,9.3,17.3,40,4,0.108,22,5,18,0
1669920388,46,15,2,0,0,0,0,0,0,12.5,0,0,0,0,0,0,0
1669920389,46,15,2,0,0,0,0,0,0,11,0,0,0,0,0,0,0
1669920390,46,15,2,0,0.0019,1,0,0,37.2,15.4,40,20,0.097,7,3,30,0
1669920391,46,15,2,0,0,0,0,0,0,8.4,0,0,0,0,0,0,0
1669920392,46,15,2,0,0,0,0,0,0,9.1,0,0,0,0,0,0,0
1669920393,46,15,0,11,0.0019,1,0,0,34,13.7,40,21,0.105,7,3,30,0
1669920394,46,15,2,0,0,0,0,0,0,7.4,0,0,0,0,0,0,0
1669920395,46,15,2,0,0,0,0,0,0,7.2,0,0,0,0,0,0,0
1669920396,46,15,2,15,0.0095,3,0,0,34.6,16.3,40,19,0.341,17,8,32,0
1669920397,46,15,2,13,0.0051,2,0,0,44.1,15.8,40,21,0.17,7,1,12,0
1669920398,46,15,2,0,0,0,0,0,18.3,11.2,0,21,0.036,3,4,57,0
1669920399,46,15,0,11,0.0019,1,0,0,46.6,15.4,40,19,0.192,6,1,14,0
1669920400,46,15,2,8,0.012,7,1,12,9.3,29.2,40,4,0.48,66,16,19,0
1669920401,46,15,2,9,0.042,19,7,26,11.3,32.3,40,3,1.7,163,19,10,4.07
1669920402,46,15,2,11,0.032,13,2,13,14.3,31.2,40,7,1.5,100,27,21,0
1669920403,46,15,2,16,0.014,3,0,0,29.3,22.8,40,20,0.547,27,14,34,666
1669920404,46,15,0,12,0.035,12,0,0,12.5,34,40,5,1.4,95,22,18,4.43
1669920405,46,13,2,10,0.036,14,1,6,22.9,33.2,40,11,1.6,93,23,19,241
1669920406,46,15,2,11,0.033,11,0,0,33.9,22.1,40,21,1.4,50,17,25,0
1669920407,46,15,2,11,0.021,9,1,10,28.2,25.7,40,20,1.1,42,19,31,0
1669920408,46,15,2,14,0.011,4,0,0,29.5,21.2,40,19,0.348,23,13,36,0
1669920409,46,15,0,14,0.0056,2,0,0,40.6,18.5,40,20,0.384,15,4,21,0
1669920410,46,15,2,13,0.025,9,0,0,28.8,30.6,40,20,1.1,28,9,24,0
1669920411,46,15,2,11,0.034,15,0,0,27.8,26.3,40,18,2.1,64,17,20,0
1669920412,46,15,2,11,0.042,21,0,0,26.8,29.2,40,20,3,58,23,28,0
1669920413,46,15,0,12,0.062,20,1,4,25.2,32.4,40,22,5.2,78,27,25,1.03
1669920414,46,14,2,12,0.087,24,13,35,25.1,26.5,40,19,6.3,104,24,18,46.1
1669920415,46,12,2,9,0.179,51,4,7,19.7,36,40,17,12,178,29,14,71.1
1669920416,46,13,2,10,0.183,59,0,0,22.6,36.9,40,17,13,213,27,11,137
1669920417,46,15,0,11,0.204,64,0,0,21.9,0,40,16,13,222,22,9,136
1669920418,46,13,2,8,0.23,71,16,18,24.6,36.9,40,19,15,222,21,8,136
1669920419,46,15,2,11,0.229,74,0,0,25.6,36.9,40,20,16,215,23,9,135
1669920420,46,15,2,13,0.746,95,0,0,27.9,36.9,40,22,19,217,20,8,132
1669920421,46,15,0,13,0.866,99,0,0,28.6,0,40,22,19,217,24,9,130
1669920422,46,15,2,11,0.302,95,0,0,29.3,0,40,23,20,216,23,9,132
1669920423,46,15,2,11,0.369,107,0,0,31.4,33.4,40,23,20,217,22,9,128
1669920424,46,15,2,14,1.3,141,0,0,34,36.9,40,23,21,228,10,4,132
1669920425,46,15,0,11,0.428,118,0,0,32.7,0,40,23,21,230,14,5,127
1669920426,46,15,2,11,0.421,166,0,0,35.7,33.4,40,23,22,231,6,2,132
1669920427,46,15,2,11,0.389,161,0,0,36.2,0,40,23,22,234,7,2,132
1669920428,46,15,2,11,0.424,179,0,0,36,33.3,40,23,22,237,2,0,132
1669920429,46,15,0,11,0.426,187,0,0,37.5,0,40,23,22,236,2,0,132
1669920430,46,15,2,11,0.425,160,0,0,38.4,0,40,23,22,216,3,1,131
1669920431,46,15,2,11,0.441,166,0,0,38.1,0,40,23,22,202,1,0,132
1669920432,46,15,0,11,0.422,178,0,0,39.2,0,40,23,22,226,2,0,129
1669920433,46,15,2,11,0.427,192,0,0,39.1,0,40,23,22,239,1,0,129
1669920434,46,15,2,11,0.432,185,0,0,38.8,0,40,23,22,234,2,0,128
1669920435,46,15,2,11,0.437,192,0,0,39,0,40,23,22,235,1,0,132
1669920436,46,15,0,11,0.435,194,0,0,39.8,0,40,23,22,239,1,0,132
1669920437,46,15,2,18,1.2,208,0,0,39.1,0,40,23,22,233,2,0,131
1669920438,46,15,2,13,0.677,184,0,0,38.7,0,40,23,22,236,1,0,130
1669920439,46,15,2,11,0.43,186,0,0,38.8,0,40,23,22,239,2,0,131
1669920440,46,15,0,11,0.429,175,0,0,39.1,0,40,23,22,236,3,1,131
1669920441,46,15,2,16,0.949,192,0,0,39.4,36.9,40,23,22,238,2,0,131
1669920442,46,15,2,15,0.814,186,0,0,38.6,0,40,23,22,236,3,1,131
1669920443,46,15,2,11,0.43,185,0,0,39.5,0,40,23,22,237,1,0,131
1669920444,46,15,0,11,0.44,202,0,0,40.4,0,40,23,23,239,0,0,130
1669920445,46,15,2,11,0.421,171,0,0,39,36.9,40,23,22,235,4,1,130
1669920446,46,15,2,11,0.437,196,0,0,40.2,0,40,23,22,239,1,0,130
1669920447,46,15,2,11,0.433,193,0,0,40.3,0,40,23,22,240,1,0,131
1669920448,46,15,0,11,0.44,200,0,0,40.1,0,40,23,23,239,0,0,130
1669920449,46,15,2,11,0.435,195,0,0,39.6,0,40,23,22,239,1,0,130
1669920450,46,15,2,11,0.439,197,0,0,40.1,0,40,23,23,237,0,0,130
1669920451,46,15,2,11,0.432,195,0,0,38.8,0,40,23,22,239,1,0,130
1669920452,46,15,0,13,0.674,195,0,0,40.5,0,40,23,22,235,1,0,129
1669920453,46,15,2,18,1.1,210,0,0,39.9,0,40,23,22,236,1,0,128
1669920454,46,15,2,11,0.418,179,0,0,38.9,0,40,23,22,237,4,1,128
1669920455,46,15,2,11,0.419,180,0,0,39.8,0,40,23,22,235,4,1,128
1669920456,46,15,0,11,0.439,196,0,0,40.4,0,40,23,23,235,0,0,132
1669920457,46,15,2,14,0.773,193,0,0,40.3,0,40,23,22,235,2,0,131
1669920458,46,15,2,16,0.981,208,0,0,39.3,0,40,23,22,237,1,0,130
1669920459,46,15,2,11,0.435,193,0,0,39.7,0,40,23,22,238,1,0,130
1669920460,46,15,0,11,0.441,205,0,0,39.3,0,40,23,23,241,0,0,130
1669920461,46,15,2,11,0.429,191,0,0,39.9,0,40,23,22,237,1,0,129
1669920462,46,15,2,11,0.416,184,0,0,40.2,0,40,23,22,240,3,1,131
1669920463,46,15,2,11,0.435,198,0,0,39.9,0,40,23,22,238,1,0,128
1669920464,46,15,0,11,0.423,183,0,0,40,0,40,23,22,240,2,0,131
1669920465,46,15,2,11,0.441,203,0,0,40.5,0,40,23,23,243,0,0,132
1669920466,46,15,2,11,0.426,188,0,0,39,0,40,23,22,234,1,0,130
1669920467,46,15,2,11,0.436,199,0,0,39.5,0,40,23,22,242,1,0,131
1669920468,46,15,0,12,0.522,205,0,0,40.5,0,40,23,23,239,0,0,131
1669920469,46,15,2,19,1.3,213,0,0,41,0,40,23,22,236,1,0,130
1669920470,46,15,2,11,0.412,175,0,0,39.8,0,40,23,22,236,5,2,130
1669920471,46,15,2,11,0.431,183,0,0,38.7,0,40,23,22,239,2,0,131
1669920472,46,15,0,11,0.434,177,0,0,39.8,0,40,23,22,230,2,0,129
1669920473,46,15,2,13,0.624,191,0,0,38.1,0,40,23,22,235,2,0,128
1669920474,46,15,2,18,1.1,203,0,0,38.8,0,40,23,22,235,2,0,132
1669920475,46,15,2,11,0.437,194,0,0,39.7,0,40,23,22,236,1,0,132
1669920476,46,15,0,11,0.437,194,0,0,40.6,0,40,23,22,239,1,0,132
1669920477,46,15,2,11,0.432,189,0,0,39.1,0,40,23,22,238,2,0,132
1669920478,46,15,2,11,0.438,198,0,0,39.3,0,40,23,22,240,1,0,132
1669920479,46,15,2,11,0.441,195,0,0,39.1,0,40,23,22,237,1,0,131
1669920480,46,15,0,11,0.442,202,0,0,40.3,0,40,23,23,240,0,0,131
1669920481,46,15,2,11,0.442,200,0,0,39.5,0,40,23,23,239,0,0,131
1669920482,46,15,2,11,0.435,195,0,0,39.5,0,40,23,22,238,1,0,131
1669920483,46,15,2,11,0.439,199,0,0,40,0,40,23,23,237,0,0,130
1669920484,46,15,0,11,0.439,198,0,0,39.2,0,40,23,23,236,0,0,129
1669920485,46,15,2,19,1.2,206,0,0,40.1,0,40,23,22,237,3,1,129
1669920486,46,15,2,12,0.592,192,0,0,41,0,40,23,22,235,1,0,128
1669920487,46,15,2,11,0.418,191,0,0,38.9,0,40,23,22,241,2,0,129
1669920488,46,15,0,11,0.441,202,0,0,38.9,0,40,23,23,244,0,0,129
1669920489,46,15,2,12,0.524,199,0,0,39,0,40,23,22,242,1,0,131
1669920490,46,15,2,19,1.3,205,0,0,39.1,0,40,23,23,222,0,0,131
1669920491,46,15,0,11,0.42,142,0,0,39.6,36.9,40,23,22,205,4,1,128
1669920492,46,15,2,11,0.432,186,0,0,40.1,0,40,23,22,226,1,0,130
1669920493,46,15,2,11,0.418,184,0,0,39.3,0,40,23,22,239,3,1,130
1669920494,46,15,2,11,0.421,192,0,0,39.9,33.4,40,23,22,240,1,0,131
1669920495,46,15,0,11,0.43,190,0,0,39.5,0,40,23,22,240,2,0,131
1669920496,46,15,2,11,0.419,183,0,0,40,0,40,23,22,240,3,1,132
1669920497,46,15,2,11,0.434,193,0,0,39.7,0,40,23,22,238,1,0,131
1669920498,46,15,2,11,0.476,187,0,0,38.7,0,40,23,22,236,2,0,131
