Number,Longitude,Latitude,Altitude,Voltage,Battery Level,Time,Fix,Number of Satellites
1,-78.6961107,35.7272794,0.005,12.587,100,1670629496,6,10
2,-78.6961107,35.7272794,0.005,12.587,100,1670629497,6,10
3,-78.6961107,35.7272794,0.005,12.587,100,1670629498,6,10
4,-78.6961106,35.7272793,0.005,12.587,100,1670629499,6,10
5,-78.6961106,35.7272793,0.004,12.587,100,1670629500,6,10
6,-78.6961106,35.7272793,0.004,12.587,100,1670629501,6,10
7,-78.6961106,35.7272793,0.004,12.587,100,1670629502,6,10
8,-78.6961106,35.7272793,0.005,12.587,100,1670629503,6,10
9,-78.6961105,35.7272793,0.004,12.489,99,1670629504,6,10
10,-78.6961105,35.7272793,0.058,12.094,99,1670629505,6,10
11,-78.69611,35.7272789,1.226,12.143,99,1670629506,6,10
12,-78.6961095,35.7272786,3.152,12.193,99,1670629507,6,10
13,-78.6961095,35.7272787,5.324,12.193,99,1670629508,6,10
14,-78.6961098,35.7272789,7.62,12.193,99,1670629509,6,10
15,-78.6961099,35.7272789,9.982,12.193,98,1670629510,6,10
16,-78.6961098,35.7272788,12.4,12.193,98,1670629511,6,10
17,-78.6961097,35.7272788,14.843,12.193,98,1670629512,6,10
18,-78.6961098,35.7272788,17.306,12.193,98,1670629513,6,10
19,-78.6961098,35.7272789,19.775,12.193,98,1670629514,6,10
20,-78.6961099,35.7272789,22.257,12.193,97,1670629515,6,10
21,-78.6961099,35.7272789,24.736,12.193,97,1670629516,6,10
22,-78.6961099,35.7272788,27.224,12.193,97,1670629517,6,10
23,-78.6961098,35.7272788,29.707,12.193,97,1670629518,6,10
24,-78.6961098,35.7272788,32.199,12.193,97,1670629519,6,10
25,-78.6961097,35.7272788,34.689,12.193,96,1670629520,6,10
26,-78.6961097,35.7272788,37.186,12.193,96,1670629521,6,10
27,-78.6961097,35.7272787,39.68,12.193,96,1670629522,6,10
28,-78.6961096,35.7272787,41.554,12.193,96,1670629523,6,10
29,-78.6961095,35.7272786,44.05,12.193,96,1670629524,6,10
30,-78.6961095,35.7272787,46.523,12.193,95,1670629525,6,10
31,-78.6961096,35.7272787,48.567,12.242,95,1670629526,6,10
32,-78.6961096,35.7272787,49.544,12.242,95,1670629527,6,10
33,-78.6961096,35.7272787,49.817,12.242,95,1670629528,6,10
34,-78.6961096,35.7272787,49.907,12.242,95,1670629529,6,10
35,-78.6961096,35.7272787,49.943,12.242,95,1670629530,6,10
36,-78.6961097,35.7272787,49.961,12.242,94,1670629531,6,10
37,-78.6961144,35.7272784,49.968,12.242,94,1670629532,6,10
38,-78.6961277,35.7272776,49.972,12.242,94,1670629533,6,10
39,-78.6961508,35.727276,49.973,12.193,94,1670629534,6,10
40,-78.6961834,35.7272739,49.978,12.193,94,1670629535,6,10
41,-78.696223,35.7272711,49.981,12.193,94,1670629536,6,10
42,-78.6962559,35.7272688,49.983,12.193,93,1670629537,6,10
43,-78.6963025,35.7272654,49.984,12.193,93,1670629538,6,10
44,-78.6963636,35.7272608,49.988,12.193,93,1670629539,6,10
45,-78.6964013,35.727258,49.992,12.193,93,1670629540,6,10
46,-78.6964616,35.7272535,49.997,12.242,93,1670629541,6,10
47,-78.6964932,35.7272511,49.999,12.242,92,1670629542,6,10
48,-78.6965256,35.7272487,49.999,12.242,92,1670629543,6,10
49,-78.6965435,35.7272458,49.995,12.242,92,1670629544,6,10
50,-78.6965472,35.7272372,49.992,12.242,92,1670629545,6,10
51,-78.6965452,35.7272219,49.99,12.242,92,1670629546,6,10
52,-78.6965425,35.7271988,49.99,12.193,92,1670629547,6,10
53,-78.6965403,35.7271691,49.995,12.193,91,1670629548,6,10
54,-78.6965385,35.7271349,49.997,12.193,91,1670629549,6,10
55,-78.6965368,35.7270978,49.998,12.193,91,1670629550,6,10
56,-78.6965351,35.7270587,50,12.193,91,1670629551,6,10
57,-78.6965333,35.7270182,50.002,12.193,91,1670629552,6,10
58,-78.6965314,35.7269766,50.001,12.193,91,1670629553,6,10
59,-78.6965294,35.7269344,50,12.193,90,1670629554,6,10
60,-78.6965274,35.7268914,50.001,12.193,90,1670629555,6,10
61,-78.6965253,35.7268482,50.001,12.193,90,1670629556,6,10
62,-78.6965232,35.7268045,49.999,12.193,90,1670629557,6,10
63,-78.6965212,35.7267606,49.999,12.193,90,1670629558,6,10
64,-78.6965191,35.7267164,50,12.193,89,1670629559,6,10
65,-78.6965171,35.7266721,49.999,12.193,89,1670629560,6,10
66,-78.6965152,35.7266277,50.001,12.193,89,1670629561,6,10
67,-78.6965132,35.7265832,49.999,12.193,89,1670629562,6,10
68,-78.6965113,35.7265386,49.998,12.193,89,1670629563,6,10
69,-78.6965093,35.726494,49.999,12.193,89,1670629564,6,10
70,-78.6965073,35.7264493,49.998,12.193,88,1670629565,6,10
71,-78.6965052,35.7264046,49.997,12.193,88,1670629566,6,10
72,-78.6965032,35.72636,49.996,12.193,88,1670629567,6,10
73,-78.6965012,35.7263152,49.996,12.193,88,1670629568,6,10
74,-78.6964992,35.7262706,49.998,12.193,88,1670629569,6,10
75,-78.6964977,35.726237,49.998,12.193,87,1670629570,6,10
76,-78.6964957,35.7261924,49.997,12.193,87,1670629571,6,10
77,-78.6964932,35.7261365,49.998,12.193,87,1670629572,6,10
78,-78.6964912,35.7260919,49.999,12.193,87,1670629573,6,10
79,-78.6964892,35.7260471,50.001,12.193,87,1670629574,6,10
80,-78.6964877,35.7260137,50.002,12.193,87,1670629575,6,10
81,-78.6964857,35.725969,50.005,12.193,86,1670629576,6,10
82,-78.6964836,35.7259245,50.007,12.193,86,1670629577,6,10
83,-78.6964816,35.7258798,50.006,12.193,86,1670629578,6,10
84,-78.6964796,35.7258353,50.006,12.193,86,1670629579,6,10
85,-78.6964776,35.7257906,50.006,12.193,86,1670629580,6,10
86,-78.6964756,35.7257461,50.006,12.193,86,1670629581,6,10
87,-78.6964736,35.7257015,50.006,12.193,85,1670629582,6,10
88,-78.6964716,35.725657,50.006,12.193,85,1670629583,6,10
89,-78.6964696,35.7256124,50.006,12.193,85,1670629584,6,10
90,-78.6964676,35.7255678,50.003,12.193,85,1670629585,6,10
91,-78.6964656,35.7255233,50,12.193,85,1670629586,6,10
92,-78.6964635,35.7254787,50,12.193,84,1670629587,6,10
93,-78.6964615,35.7254341,50,12.193,84,1670629588,6,10
94,-78.6964595,35.7253896,50,12.193,84,1670629589,6,10
95,-78.6964574,35.7253452,49.999,12.193,84,1670629590,6,10
96,-78.6964559,35.7253118,49.999,12.193,84,1670629591,6,10
97,-78.6964539,35.7252673,49.999,12.193,84,1670629592,6,10
98,-78.6964519,35.7252228,49.999,12.193,83,1670629593,6,10
99,-78.6964499,35.7251785,49.998,12.193,83,1670629594,6,10
100,-78.6964479,35.7251339,49.996,12.193,83,1670629595,6,10
101,-78.6964459,35.7250895,49.993,12.193,83,1670629596,6,10
102,-78.6964439,35.7250451,49.994,12.193,83,1670629597,6,10
103,-78.696442,35.7250006,49.993,12.193,82,1670629598,6,10
104,-78.69644,35.7249561,49.991,12.193,82,1670629599,6,10
105,-78.696438,35.7249118,49.993,12.193,82,1670629600,6,10
106,-78.696436,35.7248673,49.995,12.193,82,1670629601,6,10
107,-78.6964341,35.7248229,49.994,12.193,82,1670629602,6,10
108,-78.6964321,35.7247785,49.997,12.193,82,1670629603,6,10
109,-78.69643,35.7247341,49.997,12.193,81,1670629604,6,10
110,-78.696428,35.7246897,49.998,12.193,81,1670629605,6,10
111,-78.6964259,35.7246453,49.997,12.193,81,1670629606,6,10
112,-78.6964239,35.7246008,49.994,12.193,81,1670629607,6,10
113,-78.6964218,35.7245564,49.995,12.193,81,1670629608,6,10
114,-78.6964198,35.724512,49.997,12.193,81,1670629609,6,10
115,-78.6964178,35.7244676,49.997,12.193,80,1670629610,6,10
116,-78.6964158,35.7244234,49.998,12.193,80,1670629611,6,10
117,-78.6964139,35.724379,50.001,12.193,80,1670629612,6,10
118,-78.6964119,35.7243348,50,12.193,80,1670629613,6,10
119,-78.69641,35.7242904,50.001,12.193,80,1670629614,6,10
120,-78.696408,35.7242461,50,12.193,79,1670629615,6,10
121,-78.6964059,35.7242018,49.997,12.193,79,1670629616,6,10
122,-78.6964039,35.7241576,49.997,12.193,79,1670629617,6,10
123,-78.6964019,35.7241132,49.999,12.193,79,1670629618,6,10
124,-78.6963999,35.724069,49.999,12.193,79,1670629619,6,10
125,-78.6963984,35.7240357,50,12.193,79,1670629621,6,10
126,-78.6963964,35.7239915,49.999,12.193,78,1670629622,6,10
127,-78.6963944,35.7239473,49.998,12.193,78,1670629623,6,10
128,-78.6963919,35.723892,49.997,12.193,78,1670629624,6,10
129,-78.6963899,35.7238476,49.998,12.193,78,1670629625,6,10
130,-78.6963879,35.7238034,50.001,12.193,78,1670629626,6,10
131,-78.6963864,35.7237702,50.001,12.193,77,1670629627,6,10
132,-78.6963844,35.723726,50.001,12.193,77,1670629628,6,10
133,-78.6963824,35.7236819,50.004,12.193,77,1670629629,6,10
134,-78.6963804,35.7236377,50.005,12.193,77,1670629630,6,10
135,-78.6963784,35.7235935,50.003,12.193,77,1670629631,6,10
136,-78.6963764,35.7235493,50.004,12.193,77,1670629632,6,10
137,-78.6963745,35.7235052,50.007,12.193,76,1670629633,6,10
138,-78.6963725,35.723461,50.005,12.193,76,1670629634,6,10
139,-78.6963704,35.7234169,50.004,12.193,76,1670629635,6,10
140,-78.6963685,35.7233727,50.003,12.193,76,1670629636,6,10
141,-78.6963665,35.7233289,50.005,12.193,76,1670629637,6,10
142,-78.6963646,35.7232878,50.008,12.242,75,1670629638,6,10
143,-78.6963628,35.7232529,50.008,12.242,75,1670629639,6,10
144,-78.6963611,35.7232274,50.005,12.242,75,1670629640,6,10
145,-78.6963597,35.7232136,49.998,12.242,75,1670629641,6,10
146,-78.6963592,35.7232113,49.991,12.242,75,1670629642,6,10
147,-78.6963598,35.7232179,49.986,12.242,75,1670629643,6,10
148,-78.6963612,35.7232318,49.983,12.242,74,1670629644,6,10
149,-78.6963634,35.7232531,49.983,12.193,74,1670629645,6,10
150,-78.6963664,35.7232817,49.985,12.193,74,1670629646,6,10
151,-78.6963698,35.7233152,49.987,12.193,74,1670629647,6,10
152,-78.6963725,35.7233426,49.989,12.193,74,1670629648,6,10
153,-78.6963771,35.7233911,49.994,12.193,74,1670629649,6,10
154,-78.696381,35.7234314,49.996,12.193,73,1670629650,6,10
155,-78.6963838,35.7234624,49.997,12.193,73,1670629651,6,10
156,-78.6963878,35.7235044,49.998,12.193,73,1670629652,6,10
157,-78.6963918,35.7235471,49.999,12.193,73,1670629653,6,10
158,-78.6963958,35.7235902,49.999,12.193,73,1670629654,6,10
159,-78.6963999,35.7236337,49.998,12.193,73,1670629655,6,10
160,-78.6964041,35.7236775,49.998,12.193,72,1670629656,6,10
161,-78.6964083,35.7237215,49.999,12.193,72,1670629657,6,10
162,-78.6964125,35.7237657,49.999,12.193,72,1670629658,6,10
163,-78.6964168,35.7238102,49.999,12.193,72,1670629659,6,10
164,-78.6964211,35.7238546,49.998,12.193,72,1670629660,6,10
165,-78.6964253,35.7238992,50,12.193,71,1670629661,6,10
166,-78.6964295,35.7239437,50,12.193,71,1670629662,6,10
167,-78.6964338,35.7239886,50,12.193,71,1670629663,6,10
168,-78.696438,35.7240332,49.998,12.193,71,1670629664,6,10
169,-78.6964423,35.724078,49.998,12.193,71,1670629665,6,10
170,-78.6964466,35.7241227,49.999,12.193,71,1670629666,6,10
171,-78.6964508,35.7241675,50,12.193,70,1670629667,6,10
172,-78.696455,35.7242123,49.998,12.193,70,1670629668,6,10
173,-78.6964592,35.724257,49.997,12.193,70,1670629669,6,10
174,-78.6964634,35.7243018,49.996,12.193,70,1670629670,6,10
175,-78.6964677,35.7243466,49.994,12.193,70,1670629671,6,10
176,-78.6964719,35.7243914,49.994,12.193,69,1670629672,6,10
177,-78.6964761,35.7244361,49.995,12.193,69,1670629673,6,10
178,-78.6964803,35.7244808,49.995,12.193,69,1670629674,6,10
179,-78.6964846,35.7245256,49.996,12.193,69,1670629675,6,10
180,-78.6964889,35.7245704,49.997,12.193,69,1670629676,6,10
181,-78.6964931,35.7246151,49.998,12.193,69,1670629677,6,10
182,-78.6964963,35.7246488,49.996,12.193,68,1670629678,6,10
183,-78.6965016,35.7247047,49.994,12.193,68,1670629679,6,10
184,-78.6965059,35.7247496,49.995,12.193,68,1670629680,6,10
185,-78.6965102,35.7247943,49.995,12.193,68,1670629681,6,10
186,-78.6965133,35.7248279,49.997,12.193,68,1670629682,6,10
187,-78.6965186,35.7248839,49.998,12.193,67,1670629683,6,10
188,-78.6965229,35.7249289,49.998,12.193,67,1670629684,6,10
189,-78.6965271,35.7249737,49.997,12.193,67,1670629685,6,10
190,-78.6965313,35.7250186,49.998,12.193,67,1670629686,6,10
191,-78.6965346,35.7250522,49.998,12.193,67,1670629687,6,10
192,-78.6965399,35.7251083,49.997,12.193,67,1670629688,6,10
193,-78.6965441,35.725153,49.998,12.193,66,1670629689,6,10
194,-78.6965472,35.7251867,49.998,12.193,66,1670629690,6,10
195,-78.6965515,35.7252315,49.998,12.193,66,1670629691,6,10
196,-78.6965557,35.7252763,49.998,12.193,66,1670629692,6,10
197,-78.6965599,35.7253211,49.999,12.193,66,1670629693,6,10
198,-78.6965652,35.7253772,49.997,12.193,65,1670629694,6,10
199,-78.6965694,35.725422,49.998,12.193,65,1670629695,6,10
200,-78.6965737,35.7254668,49.997,12.193,65,1670629696,6,10
201,-78.6965769,35.7255004,49.998,12.193,65,1670629697,6,10
202,-78.6965811,35.7255452,49.998,12.193,65,1670629698,6,10
203,-78.6965854,35.7255901,49.998,12.193,65,1670629699,6,10
204,-78.6965896,35.7256348,49.998,12.193,64,1670629700,6,10
205,-78.6965939,35.7256797,49.998,12.193,64,1670629701,6,10
206,-78.6965982,35.7257245,49.998,12.193,64,1670629702,6,10
207,-78.6966024,35.7257694,50,12.193,64,1670629703,6,10
208,-78.6966067,35.7258142,50,12.193,64,1670629704,6,10
209,-78.6966109,35.725859,50.001,12.193,64,1670629705,6,10
210,-78.6966152,35.7259038,50,12.193,63,1670629706,6,10
211,-78.6966194,35.7259486,49.998,12.193,63,1670629707,6,10
212,-78.6966236,35.7259934,49.997,12.193,63,1670629708,6,10
213,-78.6966278,35.7260383,49.997,12.193,63,1670629709,6,10
214,-78.696632,35.726083,49.995,12.193,63,1670629710,6,10
215,-78.6966362,35.7261278,49.996,12.193,62,1670629711,6,10
216,-78.6966405,35.7261726,49.998,12.193,62,1670629712,6,10
217,-78.6966448,35.7262174,49.998,12.193,62,1670629713,6,10
218,-78.696649,35.7262622,49.999,12.193,62,1670629714,6,10
219,-78.6966532,35.726307,50,12.193,62,1670629715,6,10
220,-78.6966575,35.7263518,50,12.193,62,1670629716,6,10
221,-78.6966617,35.7263966,50.001,12.193,61,1670629717,6,10
222,-78.6966659,35.7264414,50,12.193,61,1670629718,6,10
223,-78.6966702,35.7264862,50.002,12.193,61,1670629719,6,10
224,-78.6966734,35.7265199,50.002,12.193,61,1670629720,6,10
225,-78.6966776,35.7265647,50.001,12.193,61,1670629721,6,10
226,-78.6966818,35.7266096,49.998,12.193,60,1670629722,6,10
227,-78.6966871,35.7266656,49.997,12.193,60,1670629723,6,10
228,-78.6966914,35.7267104,49.998,12.193,60,1670629724,6,10
229,-78.6966956,35.7267552,49.997,12.193,60,1670629725,6,10
230,-78.6966988,35.7267888,49.995,12.193,60,1670629726,6,10
231,-78.696703,35.7268336,49.995,12.193,60,1670629727,6,10
232,-78.6967073,35.7268784,49.995,12.193,59,1670629728,6,10
233,-78.6967116,35.7269232,49.994,12.193,59,1670629729,6,10
234,-78.6967157,35.7269681,49.993,12.193,59,1670629730,6,10
235,-78.6967199,35.7270128,49.993,12.193,59,1670629731,6,10
236,-78.6967242,35.7270577,49.992,12.193,59,1670629732,6,10
237,-78.6967284,35.7271025,49.992,12.193,58,1670629733,6,10
238,-78.6967327,35.7271473,49.994,12.193,58,1670629734,6,10
239,-78.6967369,35.7271921,49.992,12.193,58,1670629735,6,10
240,-78.6967411,35.7272369,49.995,12.193,58,1670629736,6,10
241,-78.6967453,35.7272816,49.994,12.193,58,1670629737,6,10
242,-78.6967496,35.7273263,49.995,12.193,58,1670629738,6,10
243,-78.6967539,35.7273712,49.994,12.193,57,1670629739,6,10
244,-78.6967581,35.7274159,49.994,12.193,57,1670629740,6,10
245,-78.6967623,35.7274607,49.994,12.193,57,1670629741,6,10
246,-78.6967665,35.7275054,49.993,12.193,57,1670629742,6,10
247,-78.6967707,35.7275502,49.995,12.193,57,1670629743,6,10
248,-78.6967748,35.727595,49.996,12.193,57,1670629744,6,10
249,-78.6967791,35.7276397,49.995,12.193,56,1670629745,6,10
250,-78.6967833,35.7276844,49.994,12.193,56,1670629746,6,10
251,-78.6967874,35.7277292,49.996,12.193,56,1670629747,6,10
252,-78.6967916,35.7277738,49.995,12.193,56,1670629748,6,10
253,-78.6967959,35.7278187,49.995,12.193,56,1670629749,6,10
254,-78.6968,35.7278634,49.994,12.193,55,1670629750,6,10
255,-78.6968042,35.7279082,49.995,12.193,55,1670629751,6,10
256,-78.6968084,35.7279529,49.995,12.193,55,1670629752,6,10
257,-78.6968126,35.7279976,49.994,12.193,55,1670629753,6,10
258,-78.6968168,35.7280423,49.994,12.193,55,1670629754,6,10
259,-78.6968209,35.728087,49.995,12.193,55,1670629755,6,10
260,-78.6968251,35.7281317,49.995,12.193,54,1670629756,6,10
261,-78.6968293,35.7281765,49.995,12.193,54,1670629757,6,10
262,-78.6968335,35.7282212,49.996,12.193,54,1670629758,6,10
263,-78.6968377,35.7282659,49.994,12.193,54,1670629759,6,10
264,-78.6968419,35.7283107,49.994,12.193,54,1670629760,6,10
265,-78.696846,35.7283553,49.995,12.193,53,1670629761,6,10
266,-78.6968502,35.7284001,49.995,12.193,53,1670629762,6,10
267,-78.6968544,35.7284448,49.994,12.193,53,1670629763,6,10
268,-78.6968586,35.7284896,49.995,12.193,53,1670629764,6,10
269,-78.6968617,35.728523,49.995,12.193,53,1670629765,6,10
270,-78.6968659,35.7285678,49.994,12.193,53,1670629766,6,10
271,-78.6968711,35.7286237,49.996,12.193,52,1670629767,6,10
272,-78.6968753,35.7286685,49.998,12.193,52,1670629768,6,10
273,-78.6968795,35.7287132,49.998,12.193,52,1670629769,6,10
274,-78.6968837,35.728758,49.998,12.193,52,1670629770,6,10
275,-78.6968879,35.7288027,49.998,12.193,52,1670629771,6,10
276,-78.6968921,35.7288474,49.999,12.193,51,1670629772,6,10
277,-78.6968952,35.7288809,49.999,12.193,51,1670629773,6,10
278,-78.6968993,35.7289256,50.001,12.193,51,1670629774,6,10
279,-78.6969035,35.7289703,50,12.193,51,1670629775,6,10
280,-78.6969077,35.729015,50.001,12.193,51,1670629776,6,10
281,-78.6969119,35.7290597,50,12.193,51,1670629777,6,10
282,-78.6969162,35.7291044,50.001,12.193,50,1670629778,6,10
283,-78.6969204,35.7291491,50,12.193,50,1670629779,6,10
284,-78.6969245,35.7291938,50,12.193,50,1670629780,6,10
285,-78.6969286,35.7292387,50.001,12.193,50,1670629781,6,10
286,-78.6969327,35.7292834,50.003,12.193,50,1670629782,6,10
287,-78.6969369,35.7293281,50.005,12.193,50,1670629783,6,10
288,-78.6969411,35.7293727,50.005,12.193,49,1670629784,6,10
289,-78.6969453,35.7294174,50.006,12.193,49,1670629785,6,10
290,-78.6969495,35.7294621,50.005,12.193,49,1670629786,6,10
291,-78.6969537,35.7295069,50.004,12.193,49,1670629787,6,10
292,-78.6969578,35.7295516,50.004,12.193,49,1670629788,6,10
293,-78.696962,35.7295964,50.004,12.193,48,1670629789,6,10
294,-78.6969663,35.7296411,50.003,12.193,48,1670629790,6,10
295,-78.6969705,35.7296859,50.003,12.193,48,1670629791,6,10
296,-78.6969747,35.7297306,50.004,12.193,48,1670629792,6,10
297,-78.6969789,35.7297754,50.003,12.193,48,1670629793,6,10
298,-78.6969831,35.7298201,50.003,12.193,48,1670629794,6,10
299,-78.6969872,35.7298649,50.003,12.193,47,1670629795,6,10
300,-78.6969913,35.7299096,50.002,12.193,47,1670629796,6,10
301,-78.6969955,35.7299544,49.999,12.193,47,1670629797,6,10
302,-78.6969997,35.7299991,49.997,12.193,47,1670629798,6,10
303,-78.6970039,35.7300439,49.997,12.193,47,1670629799,6,10
304,-78.697008,35.7300885,49.997,12.193,46,1670629800,6,10
305,-78.6970122,35.7301333,49.997,12.193,46,1670629801,6,10
306,-78.6970164,35.730178,49.998,12.193,46,1670629802,6,10
307,-78.6970206,35.7302225,50.001,12.193,46,1670629803,6,10
308,-78.6970245,35.730265,50.002,12.242,46,1670629804,6,10
309,-78.6970277,35.7303021,50.004,12.242,46,1670629805,6,10
310,-78.6970297,35.73033,50.004,12.242,45,1670629806,6,10
311,-78.6970305,35.7303456,50.004,12.242,45,1670629807,6,10
312,-78.6970303,35.7303486,50.002,12.242,45,1670629808,6,10
313,-78.69703,35.7303415,50.001,12.242,45,1670629809,6,10
314,-78.6970299,35.7303263,50,12.242,45,1670629810,6,10
315,-78.6970298,35.7303033,50.001,12.193,44,1670629811,6,10
316,-78.6970297,35.7302735,50.004,12.193,44,1670629812,6,10
317,-78.6970295,35.7302394,50.006,12.193,44,1670629813,6,10
318,-78.6970294,35.7302021,50.007,12.193,44,1670629814,6,10
319,-78.6970292,35.730163,50.008,12.193,44,1670629815,6,10
320,-78.6970288,35.7301224,50.009,12.193,44,1670629816,6,10
321,-78.6970283,35.7300809,50.01,12.193,43,1670629817,6,10
322,-78.6970277,35.7300386,50.009,12.193,43,1670629818,6,10
323,-78.697027,35.7299958,50.005,12.193,43,1670629819,6,10
324,-78.6970262,35.7299525,50.006,12.193,43,1670629820,6,10
325,-78.6970255,35.7299088,50.005,12.193,43,1670629821,6,10
326,-78.6970247,35.7298648,50.003,12.193,43,1670629822,6,10
327,-78.6970239,35.7298207,50.004,12.193,42,1670629823,6,10
328,-78.697023,35.7297764,50.003,12.193,42,1670629824,6,10
329,-78.6970223,35.7297319,50.003,12.193,42,1670629825,6,10
330,-78.6970215,35.7296872,50.002,12.193,42,1670629826,6,10
331,-78.6970207,35.7296425,50.003,12.193,42,1670629827,6,10
332,-78.6970199,35.7295979,50.002,12.193,41,1670629828,6,10
333,-78.6970191,35.7295531,50.003,12.193,41,1670629829,6,10
334,-78.6970183,35.7295084,50.003,12.193,41,1670629830,6,10
335,-78.6970175,35.7294637,50.002,12.193,41,1670629831,6,10
336,-78.6970167,35.7294191,50.003,12.193,41,1670629832,6,10
337,-78.6970161,35.7293855,50.005,12.193,41,1670629833,6,10
338,-78.6970151,35.7293298,50.005,12.193,40,1670629834,6,10
339,-78.6970143,35.7292851,50.004,12.193,40,1670629835,6,10
340,-78.6970137,35.7292516,50.002,12.193,40,1670629836,6,10
341,-78.6970129,35.7292067,50.002,12.193,40,1670629837,6,10
342,-78.6970121,35.7291621,50,12.193,40,1670629838,6,10
343,-78.6970115,35.7291172,49.999,12.193,39,1670629839,6,10
344,-78.6970105,35.7290613,50.001,12.193,39,1670629840,6,10
345,-78.6970099,35.7290275,50.003,12.193,39,1670629841,6,10
346,-78.6970091,35.7289827,50.003,12.193,39,1670629842,6,10
347,-78.6970083,35.7289379,50.003,12.193,39,1670629843,6,10
348,-78.6970075,35.7288932,50.004,12.193,39,1670629844,6,10
349,-78.6970068,35.7288483,50.002,12.193,38,1670629845,6,10
350,-78.697006,35.7288035,50,12.193,38,1670629846,6,10
351,-78.6970052,35.7287587,49.999,12.193,38,1670629847,6,10
352,-78.6970045,35.7287138,50,12.193,38,1670629848,6,10
353,-78.6970037,35.728669,50,12.193,38,1670629849,6,10
354,-78.6970028,35.7286241,49.997,12.193,37,1670629850,6,10
355,-78.6970021,35.7285792,49.996,12.193,37,1670629851,6,10
356,-78.6970013,35.7285343,49.997,12.193,37,1670629852,6,10
357,-78.6970005,35.7284895,49.995,12.193,37,1670629853,6,10
358,-78.6969997,35.7284445,49.994,12.193,37,1670629854,6,10
359,-78.6969989,35.7283997,49.995,12.193,37,1670629855,6,10
360,-78.6969981,35.7283547,49.997,12.193,36,1670629856,6,10
361,-78.6969974,35.7283098,49.998,12.193,36,1670629857,6,10
362,-78.6969967,35.7282649,49.997,12.193,36,1670629858,6,10
363,-78.6969959,35.72822,49.999,12.193,36,1670629859,6,10
364,-78.6969951,35.728175,50,12.193,36,1670629860,6,10
365,-78.6969944,35.7281301,50,12.193,35,1670629861,6,10
366,-78.6969936,35.7280851,50,12.193,35,1670629862,6,10
367,-78.6969929,35.7280402,50,12.193,35,1670629863,6,10
368,-78.6969921,35.7279952,50,12.193,35,1670629864,6,10
369,-78.6969914,35.7279504,49.999,12.193,35,1670629865,6,10
370,-78.6969906,35.7279053,50,12.193,35,1670629866,6,10
371,-78.6969898,35.7278604,49.999,12.193,34,1670629867,6,10
372,-78.696989,35.7278154,50,12.193,34,1670629868,6,10
373,-78.6969882,35.7277704,49.999,12.193,34,1670629869,6,10
374,-78.6969874,35.7277254,49.999,12.193,34,1670629870,6,10
375,-78.6969866,35.7276804,50,12.193,34,1670629871,6,10
376,-78.6969858,35.7276355,49.999,12.193,34,1670629872,6,10
377,-78.6969851,35.7275905,49.997,12.193,33,1670629873,6,10
378,-78.6969842,35.7275456,49.998,12.193,33,1670629874,6,10
379,-78.6969835,35.7275006,49.997,12.193,33,1670629875,6,10
380,-78.6969827,35.7274557,49.998,12.193,33,1670629876,6,10
381,-78.696982,35.7274107,49.997,12.193,33,1670629877,6,10
382,-78.6969812,35.7273658,49.996,12.193,32,1670629878,6,10
383,-78.6969805,35.7273208,49.997,12.193,32,1670629879,6,10
384,-78.6969797,35.727276,49.995,12.193,32,1670629880,6,10
385,-78.6969789,35.7272311,49.995,12.193,32,1670629881,6,10
386,-78.6969783,35.7271975,49.994,12.193,32,1670629882,6,10
387,-78.6969776,35.7271524,49.995,12.193,32,1670629883,6,10
388,-78.6969767,35.7270963,49.996,12.193,31,1670629884,6,10
389,-78.6969761,35.7270625,49.998,12.193,31,1670629885,6,10
390,-78.6969753,35.7270176,50.001,12.193,31,1670629886,6,10
391,-78.6969745,35.7269726,50.003,12.193,31,1670629887,6,10
392,-78.6969737,35.7269276,50.003,12.193,31,1670629888,6,10
393,-78.696973,35.7268826,50.004,12.193,30,1670629889,6,10
394,-78.6969722,35.7268376,50.007,12.193,30,1670629890,6,10
395,-78.6969714,35.7267926,50.007,12.193,30,1670629891,6,10
396,-78.6969707,35.7267477,50.007,12.193,30,1670629892,6,10
397,-78.6969699,35.7267027,50.004,12.193,30,1670629893,6,10
398,-78.6969692,35.7266578,50.003,12.193,30,1670629894,6,10
399,-78.6969685,35.7266129,50.003,12.193,29,1670629895,6,10
400,-78.6969677,35.7265679,50.006,12.193,29,1670629896,6,10
401,-78.6969669,35.7265231,50.008,12.193,29,1670629897,6,10
402,-78.6969661,35.7264781,50.007,12.193,29,1670629898,6,10
403,-78.6969654,35.7264332,50.009,12.193,29,1670629899,6,10
404,-78.6969646,35.7263882,50.008,12.193,28,1670629900,6,10
405,-78.6969638,35.7263432,50.007,12.193,28,1670629901,6,10
406,-78.696963,35.7262982,50.007,12.193,28,1670629902,6,10
407,-78.6969622,35.7262534,50.006,12.193,28,1670629903,6,10
408,-78.6969614,35.7262084,50.006,12.193,28,1670629904,6,10
409,-78.6969606,35.7261635,50.005,12.193,28,1670629905,6,10
410,-78.6969599,35.7261185,50.003,12.193,27,1670629906,6,10
411,-78.6969591,35.7260736,50.002,12.193,27,1670629907,6,10
412,-78.6969584,35.7260285,50.003,12.193,27,1670629908,6,10
413,-78.6969579,35.7259948,50.001,12.193,27,1670629909,6,10
414,-78.6969572,35.7259499,50.002,12.193,27,1670629910,6,10
415,-78.6969564,35.7259049,50.005,12.193,27,1670629911,6,10
416,-78.6969557,35.7258599,50.007,12.193,26,1670629912,6,10
417,-78.6969549,35.725815,50.006,12.193,26,1670629913,6,10
418,-78.696954,35.7257701,50.005,12.193,26,1670629914,6,10
419,-78.6969533,35.7257251,50.003,12.193,26,1670629915,6,10
420,-78.6969525,35.7256803,50.002,12.193,26,1670629916,6,10
421,-78.6969517,35.7256352,50.002,12.193,25,1670629917,6,10
422,-78.696951,35.7255904,50.004,12.193,25,1670629918,6,10
423,-78.6969503,35.7255454,50.004,12.193,25,1670629919,6,10
424,-78.6969496,35.7255005,50.006,12.193,25,1670629920,6,10
425,-78.6969488,35.7254556,50.003,12.193,25,1670629921,6,10
426,-78.696948,35.7254107,49.999,12.193,25,1670629922,6,10
427,-78.6969472,35.7253657,49.999,12.193,24,1670629923,6,10
428,-78.6969464,35.7253208,49.997,12.193,24,1670629924,6,10
429,-78.6969456,35.7252757,49.996,12.193,24,1670629925,6,10
430,-78.6969448,35.7252308,49.997,12.193,24,1670629926,6,10
431,-78.6969441,35.7251858,49.998,12.193,24,1670629927,6,10
432,-78.6969433,35.7251408,49.997,12.193,23,1670629928,6,10
433,-78.6969426,35.7250958,49.997,12.193,23,1670629929,6,10
434,-78.6969419,35.7250509,49.997,12.193,23,1670629930,6,10
435,-78.6969411,35.7250059,49.997,12.193,23,1670629931,6,10
436,-78.6969403,35.724961,49.995,12.193,23,1670629932,6,10
437,-78.6969395,35.7249159,49.995,12.193,23,1670629933,6,10
438,-78.6969388,35.724871,49.995,12.193,22,1670629934,6,10
439,-78.696938,35.724826,49.994,12.193,22,1670629935,6,10
440,-78.6969373,35.7247811,49.995,12.193,22,1670629936,6,10
441,-78.6969365,35.7247361,49.999,12.193,22,1670629937,6,10
442,-78.6969358,35.7246912,50.001,12.193,22,1670629938,6,10
443,-78.6969351,35.7246464,50.002,12.193,21,1670629939,6,10
444,-78.6969343,35.7246014,50.004,12.193,21,1670629940,6,10
445,-78.6969336,35.7245565,50.005,12.193,21,1670629941,6,10
446,-78.6969327,35.7245115,50.006,12.193,21,1670629942,6,10
447,-78.696932,35.7244666,50.007,12.193,21,1670629943,6,10
448,-78.6969312,35.7244216,50.006,12.193,21,1670629944,6,10
449,-78.6969305,35.7243768,50.004,12.193,20,1670629945,6,10
450,-78.6969297,35.7243318,50.003,12.193,20,1670629946,6,10
451,-78.6969289,35.7242869,50.003,12.193,20,1670629947,6,10
452,-78.6969281,35.7242419,50.003,12.193,20,1670629948,6,10
453,-78.6969274,35.724197,50.003,12.193,20,1670629949,6,10
454,-78.6969267,35.7241521,50.001,12.193,19,1670629950,6,10
455,-78.6969262,35.7241183,50,12.193,19,1670629951,6,10
456,-78.6969254,35.7240733,49.997,12.193,19,1670629952,6,10
457,-78.6969245,35.7240172,49.998,12.193,19,1670629953,6,10
458,-78.6969239,35.7239835,49.998,12.193,19,1670629954,6,10
459,-78.6969231,35.7239385,49.997,12.193,19,1670629955,6,10
460,-78.6969223,35.7238936,49.995,12.193,18,1670629956,6,10
461,-78.6969215,35.7238486,49.994,12.193,18,1670629957,6,10
462,-78.6969208,35.7238037,49.995,12.193,18,1670629958,6,10
463,-78.6969201,35.7237587,49.996,12.193,18,1670629959,6,10
464,-78.6969193,35.7237138,49.998,12.193,18,1670629960,6,10
465,-78.6969185,35.7236688,49.997,12.193,18,1670629961,6,10
466,-78.6969177,35.723624,49.996,12.193,17,1670629962,6,10
467,-78.696917,35.723579,49.996,12.193,17,1670629963,6,10
468,-78.6969162,35.7235341,49.998,12.193,17,1670629964,6,10
469,-78.6969154,35.7234891,49.998,12.193,17,1670629965,6,10
470,-78.6969146,35.7234442,49.999,12.193,17,1670629966,6,10
471,-78.6969139,35.7233992,49.998,12.193,16,1670629967,6,10
472,-78.6969131,35.7233543,49.998,12.193,16,1670629968,6,10
473,-78.6969124,35.7233105,50.002,12.193,16,1670629969,6,10
474,-78.6969119,35.723271,50.005,12.242,16,1670629970,6,10
475,-78.6969118,35.7232394,50.006,12.242,16,1670629971,6,10
476,-78.6969122,35.7232191,50.008,12.242,16,1670629972,6,10
477,-78.6969128,35.7232124,50.011,12.242,15,1670629973,6,10
478,-78.6969133,35.7232169,50.011,12.242,15,1670629974,6,10
479,-78.6969143,35.7232298,50.008,12.242,15,1670629975,6,10
480,-78.6969161,35.7232507,50.006,12.193,15,1670629976,6,10
481,-78.6969186,35.7232788,50.007,12.193,15,1670629977,6,10
482,-78.6969219,35.7233118,50.01,12.193,15,1670629978,6,10
483,-78.6969257,35.7233481,50.011,12.193,14,1670629979,6,10
484,-78.6969298,35.7233864,50.009,12.193,14,1670629980,6,10
485,-78.6969341,35.7234264,50.006,12.193,14,1670629981,6,10
486,-78.6969385,35.7234673,50.006,12.193,14,1670629982,6,10
487,-78.6969429,35.7235091,50.006,12.193,14,1670629983,6,10
488,-78.6969472,35.7235515,50.008,12.193,13,1670629984,6,10
489,-78.6969504,35.7235836,50.008,12.193,13,1670629985,6,10
490,-78.6969558,35.7236377,50.008,12.193,13,1670629986,6,10
491,-78.6969601,35.7236811,50.005,12.193,13,1670629987,6,10
492,-78.6969633,35.7237139,50.004,12.193,13,1670629988,6,10
493,-78.6969677,35.7237575,50.004,12.193,13,1670629989,6,10
494,-78.6969721,35.7238012,50.004,12.193,12,1670629990,6,10
495,-78.6969764,35.7238449,50.006,12.193,12,1670629991,6,10
496,-78.6969808,35.7238885,50.006,12.193,12,1670629992,6,10
497,-78.6969852,35.7239321,50.004,12.193,12,1670629993,6,10
498,-78.6969907,35.7239866,50.004,12.193,12,1670629994,6,10
499,-78.696994,35.7240192,50.003,12.193,12,1670629995,6,10
500,-78.6969983,35.7240629,50,12.193,11,1670629996,6,10
501,-78.6970027,35.7241064,49.999,12.193,11,1670629997,6,10
502,-78.6970071,35.72415,49.998,12.193,11,1670629998,6,10
503,-78.6970115,35.7241935,49.997,12.193,11,1670629999,6,10
504,-78.6970159,35.7242371,49.998,12.193,11,1670630000,6,10
505,-78.6970203,35.7242807,49.998,12.193,10,1670630001,6,10
506,-78.6970247,35.7243243,49.998,12.193,10,1670630002,6,10
507,-78.6970292,35.7243679,49.998,12.193,10,1670630003,6,10
508,-78.6970336,35.7244115,49.998,12.193,10,1670630004,6,10
509,-78.697038,35.7244551,49.998,12.193,10,1670630005,6,10
510,-78.6970424,35.7244986,49.997,12.193,10,1670630006,6,10
511,-78.6970468,35.7245422,49.998,12.193,9,1670630007,6,10
512,-78.6970512,35.7245857,50,12.193,9,1670630008,6,10
513,-78.6970556,35.7246293,49.999,12.193,9,1670630009,6,10
514,-78.69706,35.7246728,49.998,12.193,9,1670630010,6,10
515,-78.6970645,35.7247164,49.998,12.193,9,1670630011,6,10
516,-78.6970689,35.7247598,49.997,12.193,8,1670630012,6,10
517,-78.6970733,35.7248034,49.998,12.193,8,1670630013,6,10
518,-78.6970777,35.7248468,49.999,12.193,8,1670630014,6,10
519,-78.6970821,35.7248903,50,12.193,8,1670630015,6,10
520,-78.6970865,35.7249337,50.001,12.193,8,1670630016,6,10
521,-78.6970908,35.7249772,50,12.193,8,1670630017,6,10
522,-78.6970952,35.7250206,50.001,12.193,7,1670630018,6,10
523,-78.6970995,35.7250642,50.001,12.193,7,1670630019,6,10
524,-78.6971028,35.7250967,50.003,12.193,7,1670630020,6,10
525,-78.6971072,35.7251402,50.003,12.193,7,1670630021,6,10
526,-78.6971116,35.7251837,50.002,12.193,7,1670630022,6,10
527,-78.697116,35.7252271,50.001,12.193,6,1670630023,6,10
528,-78.6971204,35.7252706,50,12.193,6,1670630024,6,10
529,-78.6971249,35.7253139,50.002,12.193,6,1670630025,6,10
530,-78.6971293,35.7253574,50.003,12.193,6,1670630026,6,10
531,-78.6971336,35.7254008,50.004,12.193,6,1670630027,6,10
532,-78.6971381,35.7254443,50.005,12.193,6,1670630028,6,10
533,-78.6971425,35.7254877,50.004,12.193,5,1670630029,6,10
534,-78.6971469,35.7255312,50.005,12.193,5,1670630030,6,10
535,-78.6971512,35.7255745,50.007,12.193,5,1670630031,6,10
536,-78.6971556,35.725618,50.008,12.193,5,1670630032,6,10
537,-78.6971599,35.7256613,50.006,12.193,5,1670630033,6,10
538,-78.6971643,35.7257047,50.007,12.193,5,1670630034,6,10
539,-78.6971687,35.725748,50.006,12.193,4,1670630035,6,10
540,-78.6971731,35.7257914,50.005,12.193,4,1670630036,6,10
541,-78.6971775,35.7258346,50.004,12.193,4,1670630037,6,10
542,-78.6971819,35.725878,50.003,12.193,4,1670630038,6,10
543,-78.6971862,35.7259213,50.004,12.193,4,1670630039,6,10
544,-78.6971907,35.7259647,50.003,12.193,3,1670630040,6,10
545,-78.6971951,35.7260081,50.003,12.193,3,1670630041,6,10
546,-78.6971995,35.7260515,50.004,12.193,3,1670630042,6,10
547,-78.697204,35.7260948,50.002,12.193,3,1670630043,6,10
548,-78.6972085,35.7261382,50,12.193,3,1670630044,6,10
549,-78.6972129,35.7261817,50.001,12.193,3,1670630045,6,10
550,-78.6972174,35.7262251,50.001,12.193,2,1670630046,6,10
551,-78.6972218,35.7262685,50.001,12.193,2,1670630047,6,10
552,-78.6972262,35.7263119,50.001,12.193,2,1670630048,6,10
553,-78.6972306,35.7263555,50.003,12.193,2,1670630049,6,10
554,-78.697235,35.7263989,50.004,12.193,2,1670630050,6,10
555,-78.6972384,35.7264316,50.004,12.193,1,1670630051,6,10
556,-78.6972428,35.726475,50.004,12.193,1,1670630052,6,10
557,-78.6972483,35.7265294,50.004,12.193,1,1670630053,6,10
558,-78.6972528,35.7265729,50.004,12.193,1,1670630054,6,10
559,-78.6972562,35.7266056,50.004,12.193,1,1670630055,6,10
560,-78.6972606,35.7266491,50.004,12.193,1,1670630056,6,10
561,-78.6972651,35.7266928,50.002,12.193,0,1670630057,6,10
562,-78.6972695,35.7267363,49.999,12.193,0,1670630058,6,10
563,-78.697274,35.72678,49.997,12.193,0,1670630059,6,10
564,-78.6972785,35.7268236,49.997,12.193,0,1670630060,6,10
565,-78.697283,35.7268673,49.997,12.193,0,1670630061,6,10
566,-78.6972874,35.7269109,49.998,12.193,0,1670630062,6,10
567,-78.6972918,35.7269545,49.995,12.193,0,1670630063,6,10
568,-78.6972963,35.7269982,49.996,12.193,0,1670630064,6,10
569,-78.6973008,35.7270419,49.997,12.193,0,1670630065,6,10
570,-78.6973042,35.7270747,49.998,12.193,0,1670630066,6,10
571,-78.6973087,35.7271184,49.999,12.193,0,1670630067,6,10
572,-78.6973143,35.7271731,49.999,12.193,0,1670630068,6,10
573,-78.6973187,35.7272168,49.998,12.193,0,1670630069,6,10
574,-78.6973232,35.7272606,49.997,12.193,0,1670630070,6,10
575,-78.6973277,35.7273041,49.997,12.193,0,1670630071,6,10
576,-78.6973321,35.7273479,49.995,12.193,0,1670630072,6,10
577,-78.6973366,35.7273917,49.995,12.193,0,1670630073,6,10
578,-78.6973411,35.7274356,49.994,12.193,0,1670630074,6,10
579,-78.6973457,35.7274794,49.995,12.193,0,1670630075,6,10
580,-78.6973502,35.7275234,49.998,12.193,0,1670630076,6,10
581,-78.6973547,35.7275672,49.998,12.193,0,1670630077,6,10
582,-78.6973592,35.7276111,49.999,12.193,0,1670630078,6,10
583,-78.6973637,35.727655,50,12.193,0,1670630079,6,10
584,-78.697367,35.7276879,50.001,12.193,0,1670630080,6,10
585,-78.6973714,35.7277318,49.999,12.193,0,1670630081,6,10
586,-78.6973759,35.7277757,49.998,12.193,0,1670630082,6,10
587,-78.6973816,35.7278306,50.001,12.193,0,1670630083,6,10
588,-78.697385,35.7278636,50.001,12.193,0,1670630084,6,10
589,-78.6973894,35.7279076,49.999,12.193,0,1670630085,6,10
590,-78.6973939,35.7279515,50.002,12.193,0,1670630086,6,10
591,-78.6973985,35.7279956,50.002,12.193,0,1670630087,6,10
592,-78.697403,35.7280396,50.004,12.193,0,1670630088,6,10
593,-78.6974075,35.7280836,50.003,12.193,0,1670630089,6,10
594,-78.6974121,35.7281276,50.004,12.193,0,1670630090,6,10
595,-78.6974166,35.7281717,50.003,12.193,0,1670630091,6,10
596,-78.6974211,35.7282156,50.002,12.193,0,1670630092,6,10
597,-78.6974255,35.7282597,50,12.193,0,1670630093,6,10
598,-78.69743,35.7283037,50,12.193,0,1670630094,6,10
599,-78.6974345,35.7283478,50,12.193,0,1670630095,6,10
600,-78.697439,35.7283918,50,12.193,0,1670630096,6,10
601,-78.6974436,35.728436,50,12.193,0,1670630097,6,10
602,-78.6974481,35.7284801,50,12.193,0,1670630098,6,10
603,-78.6974527,35.7285243,50,12.193,0,1670630099,6,10
604,-78.6974572,35.7285684,50,12.193,0,1670630100,6,10
605,-78.6974605,35.7286016,50,12.193,0,1670630101,6,10
606,-78.6974662,35.7286568,49.999,12.193,0,1670630102,6,10
607,-78.6974707,35.7287011,50.001,12.193,0,1670630103,6,10
608,-78.6974752,35.7287452,50.003,12.193,0,1670630104,6,10
609,-78.6974786,35.7287784,50.003,12.193,0,1670630105,6,10
610,-78.6974832,35.7288226,50.003,12.193,0,1670630106,6,10
611,-78.6974877,35.7288668,50.001,12.193,0,1670630107,6,10
612,-78.6974922,35.7289111,50,12.193,0,1670630108,6,10
613,-78.6974967,35.7289554,50,12.193,0,1670630109,6,10
614,-78.6975013,35.7289997,50,12.193,0,1670630110,6,10
615,-78.6975058,35.7290439,49.999,12.193,0,1670630111,6,10
616,-78.6975104,35.7290883,50,12.193,0,1670630112,6,10
617,-78.6975149,35.7291325,50,12.193,0,1670630113,6,10
618,-78.6975194,35.7291769,49.999,12.193,0,1670630114,6,10
619,-78.697524,35.7292211,50,12.193,0,1670630115,6,10
620,-78.6975285,35.7292654,50,12.193,0,1670630116,6,10
621,-78.6975331,35.7293097,49.999,12.193,0,1670630117,6,10
622,-78.6975376,35.7293541,50,12.193,0,1670630118,6,10
623,-78.697542,35.7293984,50,12.193,0,1670630119,6,10
624,-78.6975467,35.7294429,49.999,12.193,0,1670630120,6,10
625,-78.6975512,35.7294872,49.999,12.193,0,1670630121,6,10
626,-78.6975558,35.7295317,49.999,12.193,0,1670630122,6,10
627,-78.6975604,35.7295761,49.999,12.193,0,1670630123,6,10
628,-78.697565,35.7296206,50,12.193,0,1670630124,6,10
629,-78.6975695,35.729665,50.001,12.193,0,1670630125,6,10
630,-78.697574,35.7297094,50,12.193,0,1670630126,6,10
631,-78.6975785,35.7297538,50,12.193,0,1670630127,6,10
632,-78.697583,35.7297983,50.003,12.193,0,1670630128,6,10
633,-78.6975875,35.7298427,50.002,12.193,0,1670630129,6,10
634,-78.697592,35.7298871,50,12.193,0,1670630130,6,10
635,-78.6975966,35.7299316,50,12.193,0,1670630131,6,10
636,-78.6976012,35.7299761,50.002,12.193,0,1670630132,6,10
637,-78.6976058,35.7300206,50.003,12.193,0,1670630133,6,10
638,-78.6976092,35.730054,50.003,12.193,0,1670630134,6,10
639,-78.6976138,35.7300986,50.003,12.193,0,1670630135,6,10
640,-78.6976183,35.730143,50.002,12.193,0,1670630136,6,10
641,-78.6976227,35.7301855,50.003,12.242,0,1670630137,6,10
642,-78.6976267,35.7302224,50.003,12.242,0,1670630138,6,10
643,-78.69763,35.7302505,50.003,12.242,0,1670630139,6,10
644,-78.6976322,35.7302671,49.999,12.242,0,1670630140,6,10
645,-78.697633,35.7302712,49.996,12.242,0,1670630141,6,10
646,-78.6976328,35.7302655,49.994,12.242,0,1670630142,6,10
647,-78.6976322,35.7302521,49.993,12.242,0,1670630143,6,10
648,-78.6976314,35.7302312,49.991,12.193,0,1670630144,6,10
649,-78.6976304,35.7302029,49.994,12.193,0,1670630145,6,10
650,-78.6976293,35.7301696,49.997,12.193,0,1670630146,6,10
651,-78.697628,35.7301331,49.999,12.193,0,1670630147,6,10
652,-78.6976267,35.7300944,50.002,12.193,0,1670630148,6,10
653,-78.6976254,35.7300543,50.003,12.193,0,1670630149,6,10
654,-78.6976241,35.730013,50.003,12.193,0,1670630150,6,10
655,-78.6976229,35.7299709,50.002,12.193,0,1670630151,6,10
656,-78.6976218,35.7299281,50.003,12.193,0,1670630152,6,10
657,-78.6976208,35.7298849,50.003,12.193,0,1670630153,6,10
658,-78.6976197,35.7298414,50.004,12.193,0,1670630154,6,10
659,-78.6976186,35.7297975,50.003,12.193,0,1670630155,6,10
660,-78.6976176,35.7297534,50.002,12.193,0,1670630156,6,10
661,-78.6976165,35.7297092,50.002,12.193,0,1670630157,6,10
662,-78.6976154,35.7296648,50,12.193,0,1670630158,6,10
663,-78.6976143,35.7296204,49.999,12.193,0,1670630159,6,10
664,-78.6976133,35.7295757,49.997,12.193,0,1670630160,6,10
665,-78.6976121,35.7295311,49.996,12.193,0,1670630161,6,10
666,-78.6976113,35.7294975,49.997,12.193,0,1670630162,6,10
667,-78.6976102,35.7294528,49.999,12.193,0,1670630163,6,10
668,-78.6976092,35.729408,49.999,12.193,0,1670630164,6,10
669,-78.6976077,35.7293521,49.999,12.193,0,1670630165,6,10
670,-78.6976065,35.7293072,49.997,12.193,0,1670630166,6,10
671,-78.6976057,35.7292737,49.998,12.193,0,1670630167,6,10
672,-78.6976045,35.7292289,50,12.193,0,1670630168,6,10
673,-78.6976035,35.7291842,50.001,12.193,0,1670630169,6,10
674,-78.6976023,35.7291395,50.004,12.193,0,1670630170,6,10
675,-78.6976012,35.7290948,50.002,12.193,0,1670630171,6,10
676,-78.6976001,35.7290501,50.003,12.193,0,1670630172,6,10
677,-78.697599,35.7290053,50.004,12.193,0,1670630173,6,10
678,-78.6975979,35.7289607,50.003,12.193,0,1670630174,6,10
679,-78.6975968,35.7289159,50.003,12.193,0,1670630175,6,10
680,-78.6975956,35.7288712,50.003,12.193,0,1670630176,6,10
681,-78.6975944,35.7288265,50.003,12.193,0,1670630177,6,10
682,-78.6975933,35.7287819,50.003,12.193,0,1670630178,6,10
683,-78.6975922,35.7287372,50.003,12.193,0,1670630179,6,10
684,-78.6975911,35.7286926,50.003,12.193,0,1670630180,6,10
685,-78.6975899,35.7286479,50.005,12.193,0,1670630181,6,10
686,-78.6975888,35.7286034,50.006,12.193,0,1670630182,6,10
687,-78.6975877,35.7285587,50.006,12.193,0,1670630183,6,10
688,-78.6975865,35.7285141,50.005,12.193,0,1670630184,6,10
689,-78.6975854,35.7284695,50.006,12.193,0,1670630185,6,10
690,-78.6975843,35.728425,50.004,12.193,0,1670630186,6,10
691,-78.6975831,35.7283803,50.004,12.193,0,1670630187,6,10
692,-78.697582,35.7283358,50.002,12.193,0,1670630188,6,10
693,-78.6975809,35.7282911,50.001,12.193,0,1670630189,6,10
694,-78.6975797,35.7282465,50.001,12.193,0,1670630190,6,10
695,-78.6975787,35.728202,50.003,12.193,0,1670630191,6,10
696,-78.6975775,35.7281575,50.002,12.193,0,1670630192,6,10
697,-78.6975764,35.728113,50.004,12.193,0,1670630193,6,10
698,-78.6975753,35.7280684,50.004,12.193,0,1670630194,6,10
699,-78.6975742,35.7280239,50.002,12.193,0,1670630195,6,10
700,-78.697573,35.7279794,50.002,12.193,0,1670630196,6,10
701,-78.6975719,35.7279349,50.002,12.193,0,1670630197,6,10
702,-78.6975708,35.7278903,50.002,12.193,0,1670630198,6,10
703,-78.6975696,35.7278458,49.999,12.193,0,1670630199,6,10
704,-78.6975684,35.7278013,50,12.193,0,1670630200,6,10
705,-78.6975673,35.7277568,49.999,12.193,0,1670630201,6,10
706,-78.6975662,35.7277124,50,12.193,0,1670630202,6,10
707,-78.6975651,35.727668,49.999,12.193,0,1670630203,6,10
708,-78.697564,35.7276235,49.997,12.193,0,1670630204,6,10
709,-78.6975629,35.727579,49.995,12.193,0,1670630205,6,10
710,-78.697562,35.7275456,49.997,12.193,0,1670630206,6,10
711,-78.6975606,35.7274903,49.998,12.193,0,1670630207,6,10
712,-78.6975596,35.7274459,49.996,12.193,0,1670630208,6,10
713,-78.6975587,35.7274126,49.996,12.193,0,1670630209,6,10
714,-78.6975572,35.7273571,50.001,12.193,0,1670630210,6,10
715,-78.6975561,35.7273128,49.999,12.193,0,1670630211,6,10
716,-78.6975549,35.7272684,49.998,12.193,0,1670630212,6,10
717,-78.697554,35.7272352,49.999,12.193,0,1670630213,6,10
718,-78.6975529,35.7271908,50,12.193,0,1670630214,6,10
719,-78.6975518,35.7271464,50,12.193,0,1670630215,6,10
720,-78.6975507,35.7271021,50,12.193,0,1670630216,6,10
721,-78.6975495,35.7270577,50.002,12.193,0,1670630217,6,10
722,-78.6975484,35.7270134,50.003,12.193,0,1670630218,6,10
723,-78.6975473,35.726969,49.999,12.193,0,1670630219,6,10
724,-78.6975461,35.7269248,50,12.193,0,1670630220,6,10
725,-78.697545,35.7268804,49.999,12.193,0,1670630221,6,10
726,-78.6975439,35.7268362,49.998,12.193,0,1670630222,6,10
727,-78.6975428,35.7267918,49.999,12.193,0,1670630223,6,10
728,-78.6975416,35.7267476,49.999,12.193,0,1670630224,6,10
729,-78.6975405,35.7267033,50,12.193,0,1670630225,6,10
730,-78.6975394,35.7266591,50,12.193,0,1670630226,6,10
731,-78.6975383,35.7266148,50,12.193,0,1670630227,6,10
732,-78.6975372,35.7265706,50,12.193,0,1670630228,6,10
733,-78.6975361,35.7265262,50.001,12.193,0,1670630229,6,10
734,-78.697535,35.726482,50.003,12.193,0,1670630230,6,10
735,-78.6975339,35.7264377,50.002,12.193,0,1670630231,6,10
736,-78.6975328,35.7263935,50.001,12.193,0,1670630232,6,10
737,-78.6975317,35.7263492,50.003,12.193,0,1670630233,6,10
738,-78.6975305,35.726305,50.004,12.193,0,1670630234,6,10
739,-78.6975293,35.7262608,50.004,12.193,0,1670630235,6,10
740,-78.6975282,35.7262166,50.001,12.193,0,1670630236,6,10
741,-78.697527,35.7261724,50,12.193,0,1670630237,6,10
742,-78.6975259,35.7261282,50,12.193,0,1670630238,6,10
743,-78.6975248,35.7260841,49.997,12.193,0,1670630239,6,10
744,-78.6975236,35.7260398,49.998,12.193,0,1670630240,6,10
745,-78.6975225,35.7259956,49.996,12.193,0,1670630241,6,10
746,-78.6975214,35.7259514,49.997,12.193,0,1670630242,6,10
747,-78.6975202,35.7259073,49.995,12.193,0,1670630243,6,10
748,-78.6975191,35.725863,49.995,12.193,0,1670630244,6,10
749,-78.697518,35.725819,49.998,12.193,0,1670630245,6,10
750,-78.6975168,35.7257748,49.999,12.193,0,1670630246,6,10
751,-78.6975157,35.7257307,49.998,12.193,0,1670630247,6,10
752,-78.6975146,35.7256866,49.998,12.193,0,1670630248,6,10
753,-78.6975135,35.7256425,50,12.193,0,1670630249,6,10
754,-78.6975123,35.7255984,50.001,12.193,0,1670630250,6,10
755,-78.6975112,35.7255543,50.004,12.193,0,1670630251,6,10
756,-78.6975101,35.7255102,50.005,12.193,0,1670630252,6,10
757,-78.697509,35.7254662,50.006,12.193,0,1670630253,6,10
758,-78.6975079,35.725422,50.006,12.193,0,1670630254,6,10
759,-78.6975068,35.725378,50.005,12.193,0,1670630255,6,10
760,-78.6975057,35.7253338,50.004,12.193,0,1670630256,6,10
761,-78.6975045,35.7252898,50.004,12.193,0,1670630257,6,10
762,-78.6975037,35.7252567,50.004,12.193,0,1670630258,6,10
763,-78.6975026,35.7252127,50.003,12.193,0,1670630259,6,10
764,-78.6975011,35.7251576,50.003,12.193,0,1670630260,6,10
765,-78.6975,35.7251136,50.004,12.193,0,1670630261,6,10
766,-78.6974989,35.7250695,50.007,12.193,0,1670630262,6,10
767,-78.697498,35.7250364,50.007,12.193,0,1670630263,6,10
768,-78.6974969,35.7249924,50.007,12.193,0,1670630264,6,10
769,-78.6974958,35.7249483,50.008,12.193,0,1670630265,6,10
770,-78.6974946,35.7249044,50.007,12.193,0,1670630266,6,10
771,-78.6974935,35.7248604,50.007,12.193,0,1670630267,6,10
772,-78.6974924,35.7248165,50.006,12.193,0,1670630268,6,10
773,-78.6974913,35.7247725,50.003,12.193,0,1670630269,6,10
774,-78.6974902,35.7247286,50.004,12.193,0,1670630270,6,10
775,-78.697489,35.7246846,50.004,12.193,0,1670630271,6,10
776,-78.6974879,35.7246407,50.003,12.193,0,1670630272,6,10
777,-78.6974868,35.7245967,50.003,12.193,0,1670630273,6,10
778,-78.6974857,35.7245528,50,12.193,0,1670630274,6,10
779,-78.6974845,35.7245088,50,12.193,0,1670630275,6,10
780,-78.6974834,35.7244649,50.002,12.193,0,1670630276,6,10
781,-78.6974823,35.7244209,50.004,12.193,0,1670630277,6,10
782,-78.6974812,35.724377,50.004,12.193,0,1670630278,6,10
783,-78.6974801,35.7243331,50.004,12.193,0,1670630279,6,10
784,-78.697479,35.7242892,50.004,12.193,0,1670630280,6,10
785,-78.6974779,35.7242453,50.001,12.193,0,1670630281,6,10
786,-78.6974767,35.7242014,50.001,12.193,0,1670630282,6,10
787,-78.6974755,35.7241575,50.003,12.193,0,1670630283,6,10
788,-78.6974743,35.7241136,50.003,12.193,0,1670630284,6,10
789,-78.6974732,35.7240697,50.005,12.193,0,1670630285,6,10
790,-78.6974721,35.7240258,50.005,12.193,0,1670630286,6,10
791,-78.697471,35.723982,50.007,12.193,0,1670630287,6,10
792,-78.6974699,35.7239381,50.007,12.193,0,1670630288,6,10
793,-78.6974688,35.7238943,50.007,12.193,0,1670630289,6,10
794,-78.6974677,35.7238504,50.006,12.193,0,1670630290,6,10
795,-78.6974665,35.7238066,50.004,12.193,0,1670630291,6,10
796,-78.6974654,35.7237627,50.004,12.193,0,1670630292,6,10
797,-78.6974643,35.723719,50.004,12.193,0,1670630293,6,10
798,-78.6974631,35.7236751,50.003,12.193,0,1670630294,6,10
799,-78.697462,35.7236313,50.004,12.193,0,1670630295,6,10
800,-78.6974609,35.7235874,50.001,12.193,0,1670630296,6,10
801,-78.6974598,35.7235437,50,12.193,0,1670630297,6,10
802,-78.6974587,35.7234998,50,12.193,0,1670630298,6,10
803,-78.6974575,35.7234561,50.002,12.193,0,1670630299,6,10
804,-78.6974564,35.7234122,50.003,12.193,0,1670630300,6,10
805,-78.6974553,35.7233684,50.005,12.193,0,1670630301,6,10
806,-78.6974542,35.7233252,50.006,12.193,0,1670630302,6,10
807,-78.697453,35.7232852,50.006,12.242,0,1670630303,6,10
808,-78.6974518,35.7232518,50.004,12.242,0,1670630304,6,10
809,-78.6974504,35.7232281,50.001,12.242,0,1670630305,6,10
810,-78.697449,35.7232162,49.994,12.242,0,1670630306,6,10
811,-78.6974486,35.7232151,49.986,12.242,0,1670630307,6,10
812,-78.6974492,35.7232225,49.98,12.242,0,1670630308,6,10
813,-78.6974504,35.7232325,49.978,12.242,0,1670630309,6,10
814,-78.6974531,35.723252,49.979,12.242,0,1670630310,6,10
815,-78.6974581,35.7232868,49.983,12.193,0,1670630311,6,10
816,-78.6974626,35.7233203,49.983,12.193,0,1670630312,6,10
817,-78.6974675,35.7233573,49.984,12.193,0,1670630313,6,10
818,-78.6974711,35.7233863,49.987,12.193,0,1670630314,6,10
819,-78.6974762,35.7234265,49.992,12.193,0,1670630315,6,10
820,-78.6974814,35.7234676,49.993,12.193,0,1670630316,6,10
821,-78.6974866,35.7235096,49.993,12.193,0,1670630317,6,10
822,-78.697492,35.7235521,49.992,12.193,0,1670630318,6,10
823,-78.6974976,35.7235952,49.991,12.193,0,1670630319,6,10
824,-78.6975031,35.7236386,49.992,12.193,0,1670630320,6,10
825,-78.6975087,35.7236823,49.991,12.193,0,1670630321,6,10
826,-78.6975144,35.7237262,49.991,12.193,0,1670630322,6,10
827,-78.6975201,35.7237703,49.992,12.193,0,1670630323,6,10
828,-78.6975259,35.7238145,49.993,12.193,0,1670630324,6,10
829,-78.6975316,35.723859,49.993,12.193,0,1670630325,6,10
830,-78.6975374,35.7239035,49.992,12.193,0,1670630326,6,10
831,-78.6975431,35.7239479,49.993,12.193,0,1670630327,6,10
832,-78.6975488,35.7239924,49.996,12.193,0,1670630328,6,10
833,-78.6975545,35.724037,49.994,12.193,0,1670630329,6,10
834,-78.6975602,35.7240816,49.994,12.193,0,1670630330,6,10
835,-78.6975659,35.7241262,49.995,12.193,0,1670630331,6,10
836,-78.6975716,35.724171,49.995,12.193,0,1670630332,6,10
837,-78.6975774,35.7242156,49.996,12.193,0,1670630333,6,10
838,-78.6975831,35.7242603,49.997,12.193,0,1670630334,6,10
839,-78.6975888,35.7243049,49.998,12.193,0,1670630335,6,10
840,-78.6975945,35.7243497,49.997,12.193,0,1670630336,6,10
841,-78.6976002,35.7243944,49.997,12.193,0,1670630337,6,10
842,-78.697606,35.7244392,49.998,12.193,0,1670630338,6,10
843,-78.6976117,35.7244838,49.999,12.193,0,1670630339,6,10
844,-78.6976174,35.7245286,50,12.193,0,1670630340,6,10
845,-78.697623,35.7245732,50.002,12.193,0,1670630341,6,10
846,-78.6976288,35.7246179,50.002,12.193,0,1670630342,6,10
847,-78.6976345,35.7246626,50.001,12.193,0,1670630343,6,10
848,-78.6976403,35.7247073,50.002,12.193,0,1670630344,6,10
849,-78.6976461,35.7247519,50.003,12.193,0,1670630346,6,10
850,-78.6976518,35.7247966,50.004,12.193,0,1670630347,6,10
851,-78.6976574,35.7248412,50.004,12.193,0,1670630348,6,10
852,-78.6976631,35.7248859,50.004,12.193,0,1670630349,6,10
853,-78.6976688,35.7249305,50.004,12.193,0,1670630350,6,10
854,-78.6976745,35.7249751,50.001,12.193,0,1670630351,6,10
855,-78.6976802,35.7250197,50.001,12.193,0,1670630352,6,10
856,-78.6976859,35.7250643,50,12.193,0,1670630353,6,10
857,-78.6976901,35.7250978,49.999,12.193,0,1670630354,6,10
858,-78.6976972,35.7251535,49.997,12.193,0,1670630355,6,10
859,-78.6977029,35.7251982,49.997,12.193,0,1670630356,6,10
860,-78.6977085,35.7252427,49.998,12.193,0,1670630357,6,10
861,-78.6977142,35.7252874,49.998,12.193,0,1670630358,6,10
862,-78.6977184,35.7253208,49.997,12.193,0,1670630359,6,10
863,-78.6977241,35.7253655,49.998,12.193,0,1670630360,6,10
864,-78.6977298,35.72541,49.998,12.193,0,1670630361,6,10
865,-78.6977354,35.7254547,49.997,12.193,0,1670630362,6,10
866,-78.6977411,35.7254993,49.996,12.193,0,1670630363,6,10
867,-78.6977468,35.7255439,49.997,12.193,0,1670630364,6,10
868,-78.6977525,35.7255884,49.998,12.193,0,1670630365,6,10
869,-78.6977582,35.7256331,49.997,12.193,0,1670630366,6,10
870,-78.6977638,35.7256776,49.997,12.193,0,1670630367,6,10
871,-78.6977694,35.7257223,49.999,12.193,0,1670630368,6,10
872,-78.697775,35.7257669,49.999,12.193,0,1670630369,6,10
873,-78.6977807,35.7258115,49.999,12.193,0,1670630370,6,10
874,-78.6977864,35.7258561,50,12.193,0,1670630371,6,10
875,-78.6977921,35.7259007,50.001,12.193,0,1670630372,6,10
876,-78.6977978,35.7259455,50.001,12.193,0,1670630373,6,10
877,-78.6978035,35.7259902,50,12.193,0,1670630374,6,10
878,-78.6978091,35.7260349,49.998,12.193,0,1670630375,6,10
879,-78.6978147,35.7260794,49.997,12.193,0,1670630376,6,10
880,-78.6978204,35.726124,49.995,12.193,0,1670630377,6,10
881,-78.6978261,35.7261685,49.994,12.193,0,1670630378,6,10
882,-78.6978318,35.7262131,49.994,12.193,0,1670630379,6,10
883,-78.6978374,35.7262576,49.994,12.193,0,1670630380,6,10
884,-78.6978431,35.7263023,49.995,12.193,0,1670630381,6,10
885,-78.6978488,35.7263469,49.995,12.193,0,1670630382,6,10
886,-78.6978545,35.7263916,49.997,12.193,0,1670630383,6,10
887,-78.6978602,35.7264361,49.997,12.193,0,1670630384,6,10
888,-78.6978659,35.7264808,49.998,12.193,0,1670630385,6,10
889,-78.6978715,35.7265253,50.001,12.193,0,1670630386,6,10
890,-78.6978771,35.72657,50.002,12.193,0,1670630387,6,10
891,-78.6978827,35.7266146,50.003,12.193,0,1670630388,6,10
892,-78.6978883,35.7266594,50.004,12.193,0,1670630389,6,10
893,-78.6978939,35.726704,50.002,12.193,0,1670630390,6,10
894,-78.6978996,35.7267487,50.001,12.193,0,1670630391,6,10
895,-78.6979053,35.7267932,50,12.193,0,1670630392,6,10
896,-78.697911,35.7268378,50.001,12.193,0,1670630393,6,10
897,-78.6979167,35.7268824,50.003,12.193,0,1670630394,6,10
898,-78.6979224,35.726927,50.004,12.193,0,1670630395,6,10
899,-78.697928,35.7269716,50.003,12.193,0,1670630396,6,10
900,-78.6979337,35.7270161,50.003,12.193,0,1670630397,6,10
901,-78.6979394,35.7270608,50.003,12.193,0,1670630398,6,10
902,-78.6979451,35.7271054,50.005,12.193,0,1670630399,6,10
903,-78.6979507,35.72715,50.006,12.193,0,1670630400,6,10
904,-78.6979564,35.7271946,50.007,12.193,0,1670630401,6,10
905,-78.6979621,35.7272392,50.006,12.193,0,1670630402,6,10
906,-78.6979678,35.7272837,50.004,12.193,0,1670630403,6,10
907,-78.6979735,35.7273284,50.003,12.193,0,1670630404,6,10
908,-78.6979791,35.7273729,50.005,12.193,0,1670630405,6,10
909,-78.6979847,35.7274177,50.006,12.193,0,1670630406,6,10
910,-78.6979903,35.7274622,50.007,12.193,0,1670630407,6,10
911,-78.697996,35.7275069,50.006,12.193,0,1670630408,6,10
912,-78.6980003,35.7275403,50.004,12.193,0,1670630409,6,10
913,-78.6980074,35.7275961,50.003,12.193,0,1670630410,6,10
914,-78.6980117,35.7276295,50.003,12.193,0,1670630411,6,10
915,-78.6980174,35.7276742,50.004,12.193,0,1670630412,6,10
916,-78.698023,35.7277188,50.003,12.193,0,1670630413,6,10
917,-78.6980287,35.7277635,50.003,12.193,0,1670630414,6,10
918,-78.6980344,35.7278081,50.003,12.193,0,1670630415,6,10
919,-78.69804,35.7278527,50.004,12.193,0,1670630416,6,10
920,-78.6980458,35.7278974,50.003,12.193,0,1670630417,6,10
921,-78.6980515,35.727942,50.003,12.193,0,1670630418,6,10
922,-78.6980571,35.7279866,50.003,12.193,0,1670630419,6,10
923,-78.6980627,35.7280312,50.002,12.193,0,1670630420,6,10
924,-78.6980697,35.728087,50.002,12.193,0,1670630421,6,10
925,-78.6980739,35.7281204,50,12.193,0,1670630422,6,10
926,-78.6980796,35.7281651,50,12.193,0,1670630423,6,10
927,-78.6980853,35.7282096,50,12.193,0,1670630424,6,10
928,-78.698091,35.7282543,50,12.193,0,1670630425,6,10
929,-78.6980967,35.7282989,50,12.193,0,1670630426,6,10
930,-78.6981023,35.7283435,49.997,12.193,0,1670630427,6,10
931,-78.698108,35.7283881,49.997,12.193,0,1670630428,6,10
932,-78.6981137,35.7284328,49.997,12.193,0,1670630429,6,10
933,-78.6981194,35.7284773,49.997,12.193,0,1670630430,6,10
934,-78.6981251,35.728522,49.996,12.193,0,1670630431,6,10
935,-78.6981308,35.7285666,49.992,12.193,0,1670630432,6,10
936,-78.6981365,35.7286112,49.994,12.193,0,1670630433,6,10
937,-78.6981421,35.7286558,49.994,12.193,0,1670630434,6,10
938,-78.6981477,35.7287005,49.994,12.193,0,1670630435,6,10
939,-78.6981534,35.7287451,49.997,12.193,0,1670630436,6,10
940,-78.698159,35.7287898,49.998,12.193,0,1670630437,6,10
941,-78.6981646,35.7288344,49.998,12.193,0,1670630438,6,10
942,-78.6981703,35.728879,49.999,12.193,0,1670630439,6,10
943,-78.698176,35.7289237,50,12.193,0,1670630440,6,10
944,-78.6981817,35.7289683,49.997,12.193,0,1670630441,6,10
945,-78.6981873,35.7290128,49.997,12.193,0,1670630442,6,10
946,-78.6981929,35.7290574,49.997,12.193,0,1670630443,6,10
947,-78.6981986,35.7291021,49.997,12.193,0,1670630444,6,10
948,-78.6982043,35.7291468,49.995,12.193,0,1670630445,6,10
949,-78.69821,35.7291915,49.994,12.193,0,1670630446,6,10
950,-78.6982157,35.7292361,49.993,12.193,0,1670630447,6,10
951,-78.6982214,35.7292808,49.995,12.193,0,1670630448,6,10
952,-78.6982271,35.7293254,49.994,12.193,0,1670630449,6,10
953,-78.6982327,35.7293701,49.994,12.193,0,1670630450,6,10
954,-78.6982384,35.7294146,49.994,12.193,0,1670630451,6,10
955,-78.6982441,35.7294592,49.995,12.193,0,1670630452,6,10
956,-78.6982497,35.7295038,49.995,12.193,0,1670630453,6,10
957,-78.6982554,35.7295485,49.996,12.193,0,1670630454,6,10
958,-78.6982611,35.7295931,49.997,12.193,0,1670630455,6,10
959,-78.6982667,35.7296378,49.995,12.193,0,1670630456,6,10
960,-78.6982724,35.7296824,49.993,12.193,0,1670630457,6,10
961,-78.698278,35.729727,49.994,12.193,0,1670630458,6,10
962,-78.6982837,35.7297716,49.994,12.193,0,1670630459,6,10
963,-78.6982893,35.7298163,49.993,12.193,0,1670630460,6,10
964,-78.698295,35.7298608,49.994,12.193,0,1670630461,6,10
965,-78.6983007,35.7299055,49.994,12.193,0,1670630462,6,10
966,-78.6983064,35.7299501,49.994,12.193,0,1670630463,6,10
967,-78.6983107,35.7299835,49.994,12.193,0,1670630464,6,10
968,-78.6983178,35.7300393,49.994,12.193,0,1670630465,6,10
969,-78.6983233,35.7300828,49.998,12.193,0,1670630466,6,10
970,-78.6983282,35.7301224,50,12.242,0,1670630467,6,10
971,-78.6983313,35.7301472,50.002,12.242,0,1670630468,6,10
972,-78.6983344,35.7301716,50.001,12.242,0,1670630469,6,10
973,-78.6983359,35.7301835,49.997,12.242,0,1670630470,6,10
974,-78.6983359,35.7301824,49.991,12.242,0,1670630471,6,10
975,-78.6983353,35.7301751,49.991,12.242,0,1670630472,6,10
976,-78.6983341,35.730159,49.99,12.242,0,1670630473,6,10
977,-78.6983325,35.7301351,49.99,12.193,0,1670630474,6,10
978,-78.6983306,35.7301047,49.994,12.193,0,1670630475,6,10
979,-78.6983284,35.73007,49.995,12.193,0,1670630476,6,10
980,-78.6983259,35.7300325,49.997,12.193,0,1670630477,6,10
981,-78.6983234,35.7299931,49.998,12.193,0,1670630478,6,10
982,-78.6983208,35.7299524,49.998,12.193,0,1670630479,6,10
983,-78.6983181,35.7299108,49.998,12.193,0,1670630480,6,10
984,-78.6983153,35.7298682,49.998,12.193,0,1670630481,6,10
985,-78.6983125,35.7298252,49.996,12.193,0,1670630482,6,10
986,-78.6983097,35.7297819,49.996,12.193,0,1670630483,6,10
987,-78.6983068,35.7297382,49.996,12.193,0,1670630484,6,10
988,-78.698304,35.7296943,49.996,12.193,0,1670630485,6,10
989,-78.6983011,35.72965,49.998,12.193,0,1670630486,6,10
990,-78.6982981,35.7296057,50,12.193,0,1670630487,6,10
991,-78.6982951,35.7295611,50.001,12.193,0,1670630488,6,10
992,-78.6982921,35.7295167,50,12.193,0,1670630489,6,10
993,-78.6982892,35.729472,50,12.193,0,1670630490,6,10
994,-78.6982871,35.7294386,50.001,12.193,0,1670630491,6,10
995,-78.6982835,35.7293825,50,12.193,0,1670630492,6,10
996,-78.6982807,35.7293378,50.001,12.193,0,1670630493,6,10
997,-78.6982777,35.729293,50.002,12.193,0,1670630494,6,10
998,-78.6982748,35.7292482,50.001,12.193,0,1670630495,6,10
999,-78.6982718,35.7292034,50.001,12.193,0,1670630496,6,10
1000,-78.6982689,35.7291585,49.999,12.193,0,1670630497,6,10
1001,-78.698266,35.7291136,50,12.193,0,1670630498,6,10
1002,-78.6982638,35.7290799,49.999,12.193,0,1670630499,6,10
1003,-78.6982609,35.729035,50,12.193,0,1670630500,6,10
1004,-78.698258,35.7289902,50.001,12.193,0,1670630501,6,10
1005,-78.6982544,35.728934,50.002,12.193,0,1670630502,6,10
1006,-78.6982514,35.7288892,50.002,12.193,0,1670630503,6,10
1007,-78.6982492,35.7288555,50,12.193,0,1670630504,6,10
1008,-78.6982463,35.7288106,50,12.193,0,1670630505,6,10
1009,-78.6982434,35.7287657,50,12.193,0,1670630506,6,10
1010,-78.6982405,35.7287208,50.001,12.193,0,1670630507,6,10
1011,-78.6982376,35.728676,50.003,12.193,0,1670630508,6,10
1012,-78.6982347,35.7286311,50.003,12.193,0,1670630509,6,10
1013,-78.6982317,35.7285862,50,12.193,0,1670630510,6,10
1014,-78.6982281,35.72853,49.999,12.193,0,1670630511,6,10
1015,-78.6982259,35.7284964,49.999,12.193,0,1670630512,6,10
1016,-78.698223,35.7284515,50,12.193,0,1670630513,6,10
1017,-78.69822,35.7284066,50,12.193,0,1670630514,6,10
1018,-78.6982171,35.7283616,50.004,12.193,0,1670630515,6,10
1019,-78.6982142,35.7283168,50.004,12.193,0,1670630516,6,10
1020,-78.6982113,35.7282719,50.003,12.193,0,1670630517,6,10
1021,-78.6982084,35.7282271,50.002,12.193,0,1670630518,6,10
1022,-78.6982056,35.7281821,50.003,12.193,0,1670630519,6,10
1023,-78.6982027,35.7281372,50.001,12.193,0,1670630520,6,10
1024,-78.6981998,35.7280922,50.001,12.193,0,1670630521,6,10
1025,-78.6981968,35.7280474,50,12.193,0,1670630522,6,10
1026,-78.6981938,35.7280025,50,12.193,0,1670630523,6,10
1027,-78.6981909,35.7279577,50,12.193,0,1670630524,6,10
1028,-78.698188,35.7279127,50,12.193,0,1670630525,6,10
1029,-78.6981851,35.7278678,49.999,12.193,0,1670630526,6,10
1030,-78.6981822,35.7278229,50,12.193,0,1670630527,6,10
1031,-78.6981793,35.727778,49.999,12.193,0,1670630528,6,10
1032,-78.6981763,35.7277331,49.997,12.193,0,1670630529,6,10
1033,-78.6981742,35.7276994,49.997,12.193,0,1670630530,6,10
1034,-78.6981714,35.7276546,49.997,12.193,0,1670630531,6,10
1035,-78.6981684,35.7276097,49.998,12.193,0,1670630532,6,10
1036,-78.6981647,35.7275536,49.999,12.193,0,1670630533,6,10
1037,-78.6981618,35.7275087,50.001,12.193,0,1670630534,6,10
1038,-78.6981588,35.7274638,50,12.193,0,1670630535,6,10
1039,-78.6981567,35.7274301,50.001,12.193,0,1670630536,6,10
1040,-78.6981539,35.7273853,50,12.193,0,1670630537,6,10
1041,-78.6981509,35.7273403,50,12.193,0,1670630538,6,10
1042,-78.698148,35.7272955,50.001,12.193,0,1670630539,6,10
1043,-78.6981451,35.7272507,50.002,12.193,0,1670630540,6,10
1044,-78.6981421,35.7272059,50.003,12.193,0,1670630541,6,10
1045,-78.6981393,35.727161,50.004,12.193,0,1670630542,6,10
1046,-78.6981364,35.7271161,50.003,12.193,0,1670630543,6,10
1047,-78.6981335,35.7270712,50.001,12.193,0,1670630544,6,10
1048,-78.6981306,35.7270263,50,12.193,0,1670630545,6,10
1049,-78.6981275,35.7269814,50,12.193,0,1670630546,6,10
1050,-78.6981246,35.7269364,49.999,12.193,0,1670630547,6,10
1051,-78.6981218,35.7268915,49.997,12.193,0,1670630548,6,10
1052,-78.6981189,35.7268467,49.995,12.193,0,1670630549,6,10
1053,-78.6981159,35.7268018,49.994,12.193,0,1670630550,6,10
1054,-78.698113,35.7267569,49.992,12.193,0,1670630551,6,10
1055,-78.6981101,35.726712,49.991,12.193,0,1670630552,6,10
1056,-78.6981072,35.726667,49.992,12.193,0,1670630553,6,10
1057,-78.6981043,35.7266222,49.992,12.193,0,1670630554,6,10
1058,-78.6981014,35.7265773,49.992,12.193,0,1670630555,6,10
1059,-78.6980985,35.7265324,49.991,12.193,0,1670630556,6,10
1060,-78.6980956,35.7264875,49.993,12.193,0,1670630557,6,10
1061,-78.6980927,35.7264427,49.994,12.193,0,1670630558,6,10
1062,-78.6980898,35.7263977,49.994,12.193,0,1670630559,6,10
1063,-78.6980869,35.7263528,49.995,12.193,0,1670630560,6,10
1064,-78.698084,35.7263079,49.995,12.193,0,1670630561,6,10
1065,-78.6980811,35.7262631,49.996,12.193,0,1670630562,6,10
1066,-78.6980782,35.7262181,49.998,12.193,0,1670630563,6,10
1067,-78.6980753,35.7261733,49.999,12.193,0,1670630564,6,10
1068,-78.6980724,35.7261284,49.999,12.193,0,1670630565,6,10
1069,-78.6980702,35.7260947,49.998,12.193,0,1670630566,6,10
1070,-78.6980673,35.7260499,50,12.193,0,1670630567,6,10
1071,-78.6980637,35.7259938,50,12.193,0,1670630568,6,10
1072,-78.6980607,35.7259488,50.001,12.193,0,1670630569,6,10
1073,-78.6980578,35.725904,50.003,12.193,0,1670630570,6,10
1074,-78.6980549,35.725859,50.005,12.193,0,1670630571,6,10
1075,-78.6980527,35.7258254,50.005,12.193,0,1670630572,6,10
1076,-78.6980498,35.7257805,50.004,12.193,0,1670630573,6,10
1077,-78.6980468,35.7257356,50.003,12.193,0,1670630574,6,10
1078,-78.698044,35.7256908,50.005,12.193,0,1670630575,6,10
1079,-78.6980411,35.7256458,50.006,12.193,0,1670630576,6,10
1080,-78.6980382,35.725601,50.006,12.193,0,1670630577,6,10
1081,-78.6980354,35.725556,50.007,12.193,0,1670630578,6,10
1082,-78.6980324,35.7255112,50.007,12.193,0,1670630579,6,10
1083,-78.6980295,35.7254663,50.008,12.193,0,1670630580,6,10
1084,-78.6980265,35.7254215,50.005,12.193,0,1670630581,6,10
1085,-78.6980236,35.7253766,50.001,12.193,0,1670630582,6,10
1086,-78.6980207,35.7253318,50.001,12.193,0,1670630583,6,10
1087,-78.6980179,35.7252868,50.001,12.193,0,1670630584,6,10
1088,-78.698015,35.7252419,50,12.193,0,1670630585,6,10
1089,-78.6980122,35.725197,50.001,12.193,0,1670630586,6,10
1090,-78.6980093,35.7251521,50,12.193,0,1670630587,6,10
1091,-78.6980063,35.7251072,50.001,12.193,0,1670630588,6,10
1092,-78.6980033,35.7250623,50,12.193,0,1670630589,6,10
1093,-78.6980005,35.7250174,50.003,12.193,0,1670630590,6,10
1094,-78.6979975,35.7249725,50.004,12.193,0,1670630591,6,10
1095,-78.6979947,35.7249276,50.005,12.193,0,1670630592,6,10
1096,-78.6979917,35.7248827,50.007,12.193,0,1670630593,6,10
1097,-78.6979888,35.724838,50.009,12.193,0,1670630594,6,10
1098,-78.6979859,35.7247932,50.009,12.193,0,1670630595,6,10
1099,-78.697983,35.7247484,50.006,12.193,0,1670630596,6,10
1100,-78.6979801,35.7247036,50.006,12.193,0,1670630597,6,10
1101,-78.6979772,35.7246587,50.007,12.193,0,1670630598,6,10
1102,-78.6979743,35.7246136,50.007,12.193,0,1670630599,6,10
1103,-78.6979714,35.7245686,50.008,12.193,0,1670630600,6,10
1104,-78.6979685,35.7245237,50.006,12.193,0,1670630601,6,10
1105,-78.6979656,35.7244789,50.004,12.193,0,1670630602,6,10
1106,-78.6979627,35.724434,50.004,12.193,0,1670630603,6,10
1107,-78.6979598,35.7243893,50.001,12.193,0,1670630604,6,10
1108,-78.6979568,35.7243444,50.001,12.193,0,1670630605,6,10
1109,-78.6979539,35.7242995,50,12.193,0,1670630606,6,10
1110,-78.697951,35.7242545,50.001,12.193,0,1670630607,6,10
1111,-78.6979481,35.7242097,50.003,12.193,0,1670630608,6,10
1112,-78.6979453,35.7241647,50.001,12.193,0,1670630609,6,10
1113,-78.6979424,35.7241199,50,12.193,0,1670630610,6,10
1114,-78.6979395,35.724075,49.998,12.193,0,1670630611,6,10
1115,-78.6979367,35.7240301,49.999,12.193,0,1670630612,6,10
1116,-78.6979338,35.7239851,50,12.193,0,1670630613,6,10
1117,-78.6979309,35.7239403,50.001,12.193,0,1670630614,6,10
1118,-78.6979279,35.7238954,50.001,12.193,0,1670630615,6,10
1119,-78.6979249,35.7238506,50,12.193,0,1670630616,6,10
1120,-78.6979227,35.7238169,49.999,12.193,0,1670630617,6,10
1121,-78.6979198,35.723772,50.001,12.193,0,1670630618,6,10
1122,-78.6979162,35.7237159,50,12.193,0,1670630619,6,10
1123,-78.697914,35.7236822,49.999,12.193,0,1670630620,6,10
1124,-78.6979111,35.7236373,49.999,12.193,0,1670630621,6,10
1125,-78.6979083,35.7235924,50,12.193,0,1670630622,6,10
1126,-78.6979054,35.7235476,50.002,12.193,0,1670630623,6,10
1127,-78.6979025,35.7235031,50,12.193,0,1670630624,6,10
1128,-78.6978999,35.7234613,50.004,12.242,0,1670630625,6,10
1129,-78.697898,35.723426,50.009,12.242,0,1670630626,6,10
1130,-78.6978972,35.7234061,50.013,12.242,0,1670630627,6,10
1131,-78.6978974,35.7233892,50.018,12.242,0,1670630628,6,10
1132,-78.697898,35.7233899,50.02,12.242,0,1670630629,6,10
1133,-78.6978994,35.7234002,50.02,12.242,0,1670630630,6,10
1134,-78.6979019,35.7234186,50.018,12.242,0,1670630631,6,10
1135,-78.6979057,35.7234447,50.019,12.193,0,1670630632,6,10
1136,-78.6979106,35.7234762,50.019,12.193,0,1670630633,6,10
1137,-78.6979162,35.7235113,50.015,12.193,0,1670630634,6,10
1138,-78.6979224,35.7235489,50.011,12.193,0,1670630635,6,10
1139,-78.6979273,35.7235782,50.011,12.193,0,1670630636,6,10
1140,-78.6979341,35.7236184,50.01,12.193,0,1670630637,6,10
1141,-78.697941,35.7236594,50.009,12.193,0,1670630638,6,10
1142,-78.6979479,35.7237013,50.007,12.193,0,1670630639,6,10
1143,-78.6979566,35.7237544,50.006,12.193,0,1670630640,6,10
1144,-78.6979635,35.7237973,50.005,12.193,0,1670630641,6,10
1145,-78.6979703,35.7238401,50.004,12.193,0,1670630642,6,10
1146,-78.6979772,35.7238831,50.004,12.193,0,1670630643,6,10
1147,-78.6979824,35.7239154,50.002,12.193,0,1670630644,6,10
1148,-78.6979893,35.7239584,50.001,12.193,0,1670630645,6,10
1149,-78.6979961,35.7240014,50.002,12.193,0,1670630646,6,10
1150,-78.6980029,35.7240445,50.004,12.193,0,1670630647,6,10
1151,-78.6980098,35.7240875,50.003,12.193,0,1670630648,6,10
1152,-78.6980168,35.7241307,50.004,12.193,0,1670630649,6,10
1153,-78.6980237,35.7241738,50.005,12.193,0,1670630650,6,10
1154,-78.6980306,35.724217,50.004,12.193,0,1670630651,6,10
1155,-78.6980375,35.72426,50.001,12.193,0,1670630652,6,10
1156,-78.6980444,35.7243032,50,12.193,0,1670630653,6,10
1157,-78.6980515,35.7243463,49.998,12.193,0,1670630654,6,10
1158,-78.6980585,35.7243895,49.998,12.193,0,1670630655,6,10
1159,-78.6980655,35.7244325,49.998,12.193,0,1670630656,6,10
1160,-78.6980726,35.7244757,49.998,12.193,0,1670630657,6,10
1161,-78.6980796,35.7245189,50,12.193,0,1670630658,6,10
1162,-78.6980866,35.7245621,50,12.193,0,1670630659,6,10
1163,-78.6980936,35.7246054,50.002,12.193,0,1670630660,6,10
1164,-78.6981006,35.7246485,50.002,12.193,0,1670630661,6,10
1165,-78.6981076,35.7246919,50.001,12.193,0,1670630662,6,10
1166,-78.6981146,35.7247351,50.004,12.193,0,1670630663,6,10
1167,-78.6981216,35.7247784,50.004,12.193,0,1670630664,6,10
1168,-78.6981285,35.7248217,50.004,12.193,0,1670630665,6,10
1169,-78.6981355,35.7248651,50.005,12.193,0,1670630666,6,10
1170,-78.6981426,35.7249084,50.003,12.193,0,1670630667,6,10
1171,-78.6981497,35.7249518,50.003,12.193,0,1670630668,6,10
1172,-78.6981567,35.7249952,50.002,12.193,0,1670630669,6,10
1173,-78.6981638,35.7250386,50.001,12.193,0,1670630670,6,10
1174,-78.6981709,35.725082,49.999,12.193,0,1670630671,6,10
1175,-78.698178,35.7251255,50,12.193,0,1670630672,6,10
1176,-78.698185,35.7251689,50.001,12.193,0,1670630673,6,10
1177,-78.6981921,35.7252124,50.001,12.193,0,1670630674,6,10
1178,-78.6981991,35.7252558,50,12.193,0,1670630675,6,10
1179,-78.6982061,35.7252993,49.998,12.193,0,1670630676,6,10
1180,-78.6982131,35.7253427,49.999,12.193,0,1670630677,6,10
1181,-78.6982201,35.7253863,50,12.193,0,1670630678,6,10
1182,-78.6982254,35.7254189,50.001,12.193,0,1670630679,6,10
1183,-78.6982325,35.7254624,50.001,12.193,0,1670630680,6,10
1184,-78.6982413,35.7255169,50,12.193,0,1670630681,6,10
1185,-78.6982484,35.7255605,50.001,12.193,0,1670630682,6,10
1186,-78.6982555,35.7256041,50,12.193,0,1670630683,6,10
1187,-78.6982608,35.7256368,50,12.193,0,1670630684,6,10
1188,-78.6982679,35.7256805,50.001,12.193,0,1670630685,6,10
1189,-78.6982749,35.7257241,50.001,12.193,0,1670630686,6,10
1190,-78.698282,35.7257678,50,12.193,0,1670630687,6,10
1191,-78.6982891,35.7258114,49.999,12.193,0,1670630688,6,10
1192,-78.6982962,35.7258551,49.997,12.193,0,1670630689,6,10
1193,-78.6983033,35.7258987,49.996,12.193,0,1670630690,6,10
1194,-78.6983104,35.7259424,49.996,12.193,0,1670630691,6,10
1195,-78.6983176,35.7259861,49.997,12.193,0,1670630692,6,10
1196,-78.6983247,35.7260299,49.997,12.193,0,1670630693,6,10
1197,-78.6983318,35.7260736,49.998,12.193,0,1670630694,6,10
1198,-78.6983388,35.7261174,49.997,12.193,0,1670630695,6,10
1199,-78.6983459,35.7261612,49.997,12.193,0,1670630696,6,10
1200,-78.698353,35.726205,49.997,12.193,0,1670630697,6,10
1201,-78.6983601,35.7262489,49.997,12.193,0,1670630698,6,10
1202,-78.6983672,35.7262927,49.998,12.193,0,1670630699,6,10
1203,-78.6983744,35.7263365,49.998,12.193,0,1670630700,6,10
1204,-78.6983814,35.7263804,49.998,12.193,0,1670630701,6,10
1205,-78.6983885,35.7264242,50,12.193,0,1670630702,6,10
1206,-78.6983956,35.726468,50,12.193,0,1670630703,6,10
1207,-78.6984028,35.726512,50.004,12.193,0,1670630704,6,10
1208,-78.6984099,35.7265558,50.004,12.193,0,1670630705,6,10
1209,-78.698417,35.7265998,50.005,12.193,0,1670630706,6,10
1210,-78.6984242,35.7266437,50.007,12.193,0,1670630707,6,10
1211,-78.6984314,35.7266876,50.006,12.193,0,1670630708,6,10
1212,-78.6984385,35.7267315,50.004,12.193,0,1670630709,6,10
1213,-78.6984456,35.7267756,50.003,12.193,0,1670630710,6,10
1214,-78.6984527,35.7268195,50.003,12.193,0,1670630711,6,10
1215,-78.6984598,35.7268635,50.004,12.193,0,1670630712,6,10
1216,-78.6984669,35.7269075,50.007,12.193,0,1670630713,6,10
1217,-78.6984741,35.7269515,50.006,12.193,0,1670630714,6,10
1218,-78.6984813,35.7269954,50.001,12.193,0,1670630715,6,10
1219,-78.6984885,35.7270395,50,12.193,0,1670630716,6,10
1220,-78.6984939,35.7270725,49.999,12.193,0,1670630717,6,10
1221,-78.6985028,35.7271276,50,12.193,0,1670630718,6,10
1222,-78.6985099,35.7271717,49.999,12.193,0,1670630719,6,10
1223,-78.698517,35.7272158,50,12.193,0,1670630720,6,10
1224,-78.6985241,35.7272598,50,12.193,0,1670630721,6,10
1225,-78.6985312,35.7273039,50,12.193,0,1670630722,6,10
1226,-78.6985384,35.7273479,49.999,12.193,0,1670630723,6,10
1227,-78.6985438,35.727381,49.998,12.193,0,1670630724,6,10
1228,-78.698551,35.7274251,49.999,12.193,0,1670630725,6,10
1229,-78.6985582,35.7274692,49.999,12.193,0,1670630726,6,10
1230,-78.6985654,35.7275134,50,12.193,0,1670630727,6,10
1231,-78.6985725,35.7275575,50,12.193,0,1670630728,6,10
1232,-78.6985814,35.7276128,50,12.193,0,1670630729,6,10
1233,-78.6985885,35.727657,50,12.193,0,1670630730,6,10
1234,-78.6985939,35.7276902,49.999,12.193,0,1670630731,6,10
1235,-78.6986011,35.7277344,49.997,12.193,0,1670630732,6,10
1236,-78.6986083,35.7277787,49.996,12.193,0,1670630733,6,10
1237,-78.6986155,35.7278228,49.996,12.193,0,1670630734,6,10
1238,-78.6986228,35.7278671,49.994,12.193,0,1670630735,6,10
1239,-78.6986299,35.7279114,49.993,12.193,0,1670630736,6,10
1240,-78.6986371,35.7279557,49.994,12.193,0,1670630737,6,10
1241,-78.6986443,35.7279999,49.997,12.193,0,1670630738,6,10
1242,-78.6986515,35.7280443,49.997,12.193,0,1670630739,6,10
1243,-78.6986586,35.7280886,49.997,12.193,0,1670630740,6,10
1244,-78.6986658,35.728133,49.997,12.193,0,1670630741,6,10
1245,-78.698673,35.7281773,49.997,12.193,0,1670630742,6,10
1246,-78.6986802,35.7282217,49.996,12.193,0,1670630743,6,10
1247,-78.6986874,35.7282661,49.998,12.193,0,1670630744,6,10
1248,-78.6986947,35.7283104,49.999,12.193,0,1670630745,6,10
1249,-78.6987018,35.7283547,49.997,12.193,0,1670630746,6,10
1250,-78.698709,35.7283991,49.999,12.193,0,1670630747,6,10
1251,-78.6987161,35.7284435,50,12.193,0,1670630748,6,10
1252,-78.6987234,35.7284879,50.002,12.193,0,1670630749,6,10
1253,-78.6987306,35.7285324,50.003,12.193,0,1670630750,6,10
1254,-78.6987379,35.7285767,50.002,12.193,0,1670630751,6,10
1255,-78.698745,35.7286212,50.003,12.193,0,1670630752,6,10
1256,-78.6987522,35.7286656,50.002,12.193,0,1670630753,6,10
1257,-78.6987594,35.7287102,50.003,12.193,0,1670630754,6,10
1258,-78.6987666,35.7287546,50.003,12.193,0,1670630755,6,10
1259,-78.6987738,35.7287992,50.003,12.193,0,1670630756,6,10
1260,-78.6987793,35.7288325,50.002,12.193,0,1670630757,6,10
1261,-78.6987884,35.7288882,50.004,12.193,0,1670630758,6,10
1262,-78.6987957,35.7289327,50.003,12.193,0,1670630759,6,10
1263,-78.6988028,35.7289772,50.003,12.193,0,1670630760,6,10
1264,-78.6988082,35.7290105,50.003,12.193,0,1670630761,6,10
1265,-78.6988153,35.7290551,50.002,12.193,0,1670630762,6,10
1266,-78.6988225,35.7290997,50.003,12.193,0,1670630763,6,10
1267,-78.6988297,35.7291443,50.003,12.193,0,1670630764,6,10
1268,-78.698837,35.7291888,50.003,12.193,0,1670630765,6,10
1269,-78.6988443,35.7292333,50.004,12.193,0,1670630766,6,10
1270,-78.6988516,35.729278,50.003,12.193,0,1670630767,6,10
1271,-78.6988588,35.7293225,50.002,12.193,0,1670630768,6,10
1272,-78.698866,35.7293671,50.001,12.193,0,1670630769,6,10
1273,-78.6988733,35.7294117,49.999,12.193,0,1670630770,6,10
1274,-78.6988806,35.7294563,49.999,12.193,0,1670630771,6,10
1275,-78.6988878,35.7295008,49.999,12.193,0,1670630772,6,10
1276,-78.6988949,35.7295454,49.999,12.193,0,1670630773,6,10
1277,-78.6989021,35.72959,49.999,12.193,0,1670630774,6,10
1278,-78.6989093,35.7296346,49.999,12.193,0,1670630775,6,10
1279,-78.6989165,35.729679,49.996,12.193,0,1670630776,6,10
1280,-78.6989238,35.7297235,49.996,12.193,0,1670630777,6,10
1281,-78.698931,35.7297681,49.997,12.193,0,1670630778,6,10
1282,-78.6989383,35.7298128,49.997,12.193,0,1670630779,6,10
1283,-78.6989455,35.7298574,49.997,12.193,0,1670630780,6,10
1284,-78.6989528,35.7299021,49.997,12.193,0,1670630781,6,10
1285,-78.6989598,35.7299458,49.998,12.193,0,1670630782,6,10
1286,-78.6989663,35.7299859,50.001,12.242,0,1670630783,6,10
1287,-78.6989717,35.7300186,50.002,12.242,0,1670630784,6,10
1288,-78.6989753,35.7300409,49.997,12.242,0,1670630785,6,10
1289,-78.6989768,35.7300502,49.995,12.242,0,1670630786,6,10
1290,-78.6989755,35.7300499,49.994,12.242,0,1670630787,6,10
1291,-78.6989686,35.7300426,49.994,12.242,0,1670630788,6,10
1292,-78.6989551,35.7300299,49.992,12.242,0,1670630789,6,10
1293,-78.6989284,35.7300063,49.993,12.193,0,1670630790,6,10
1294,-78.6989084,35.7299891,49.995,12.193,0,1670630791,6,10
1295,-78.6988787,35.7299636,49.998,12.193,0,1670630792,6,10
1296,-78.6988468,35.7299364,50.001,12.193,0,1670630793,6,10
1297,-78.6988133,35.7299076,50.001,12.193,0,1670630794,6,10
1298,-78.698779,35.7298781,50,12.193,0,1670630795,6,10
1299,-78.6987438,35.7298477,50.001,12.193,0,1670630796,6,10
1300,-78.6987082,35.7298169,50,12.193,0,1670630797,6,10
1301,-78.698672,35.7297856,50.004,12.193,0,1670630798,6,10
1302,-78.6986356,35.7297541,50.004,12.193,0,1670630799,6,10
1303,-78.6985989,35.7297223,50.004,12.193,0,1670630800,6,10
1304,-78.698562,35.7296903,50.002,12.193,0,1670630801,6,10
1305,-78.6985248,35.7296581,50,12.193,0,1670630802,6,10
1306,-78.6984875,35.7296259,50.003,12.193,0,1670630803,6,10
1307,-78.6984501,35.7295936,50.002,12.193,0,1670630804,6,10
1308,-78.6984128,35.7295614,50.001,12.193,0,1670630805,6,10
1309,-78.6983754,35.7295291,50.003,12.193,0,1670630806,6,10
1310,-78.6983381,35.7294968,50.003,12.193,0,1670630807,6,10
1311,-78.6983008,35.7294646,50.003,12.193,0,1670630808,6,10
1312,-78.6982635,35.7294324,50.003,12.193,0,1670630809,6,10
1313,-78.6982262,35.7294001,50.004,12.193,0,1670630810,6,10
1314,-78.6981889,35.7293679,50.004,12.193,0,1670630811,6,10
1315,-78.6981516,35.7293357,50.004,12.193,0,1670630812,6,10
1316,-78.6981143,35.7293034,50.006,12.193,0,1670630813,6,10
1317,-78.698077,35.7292713,50.006,12.193,0,1670630814,6,10
1318,-78.6980397,35.729239,50.006,12.193,0,1670630815,6,10
1319,-78.6980025,35.7292069,50.004,12.193,0,1670630816,6,10
1320,-78.6979652,35.7291747,50.002,12.193,0,1670630817,6,10
1321,-78.697928,35.7291425,50.002,12.193,0,1670630818,6,10
1322,-78.6978907,35.7291103,50.003,12.193,0,1670630819,6,10
1323,-78.6978535,35.7290782,50.003,12.193,0,1670630820,6,10
1324,-78.6978162,35.7290461,50.004,12.193,0,1670630821,6,10
1325,-78.6977791,35.729014,50.003,12.193,0,1670630822,6,10
1326,-78.6977419,35.7289819,50.001,12.193,0,1670630823,6,10
1327,-78.6977048,35.7289498,50,12.193,0,1670630824,6,10
1328,-78.6976677,35.7289177,50,12.193,0,1670630825,6,10
1329,-78.6976306,35.7288856,50,12.193,0,1670630826,6,10
1330,-78.6975935,35.7288535,49.998,12.193,0,1670630827,6,10
1331,-78.6975564,35.7288215,49.997,12.193,0,1670630828,6,10
1332,-78.6975192,35.7287894,49.999,12.193,0,1670630829,6,10
1333,-78.6974821,35.7287574,50.001,12.193,0,1670630830,6,10
1334,-78.6974543,35.7287333,50.001,12.193,0,1670630831,6,10
1335,-78.6974171,35.7287013,50.003,12.193,0,1670630832,6,10
1336,-78.69738,35.7286693,50.003,12.193,0,1670630833,6,10
1337,-78.6973428,35.7286373,50.004,12.193,0,1670630834,6,10
1338,-78.6973059,35.7286053,50.002,12.193,0,1670630835,6,10
1339,-78.6972688,35.7285732,50,12.193,0,1670630836,6,10
1340,-78.6972317,35.7285413,50.002,12.193,0,1670630837,6,10
1341,-78.6971947,35.7285092,50,12.193,0,1670630838,6,10
1342,-78.6971578,35.7284773,49.999,12.193,0,1670630839,6,10
1343,-78.6971207,35.7284453,49.999,12.193,0,1670630840,6,10
1344,-78.6970837,35.7284134,49.998,12.193,0,1670630841,6,10
1345,-78.6970467,35.7283814,49.999,12.193,0,1670630842,6,10
1346,-78.6970097,35.7283495,50,12.193,0,1670630843,6,10
1347,-78.6969726,35.7283175,50.001,12.193,0,1670630844,6,10
1348,-78.6969357,35.7282857,50.003,12.193,0,1670630845,6,10
1349,-78.6968987,35.7282537,50.004,12.193,0,1670630846,6,10
1350,-78.6968618,35.7282218,50.004,12.193,0,1670630847,6,10
1351,-78.6968248,35.7281898,50.005,12.193,0,1670630848,6,10
1352,-78.6967879,35.7281579,50.006,12.193,0,1670630849,6,10
1353,-78.696751,35.728126,50.003,12.193,0,1670630850,6,10
1354,-78.6967141,35.7280942,49.999,12.193,0,1670630851,6,10
1355,-78.6966772,35.7280623,49.997,12.193,0,1670630852,6,10
1356,-78.6966403,35.7280305,49.996,12.193,0,1670630853,6,10
1357,-78.6966035,35.7279987,49.994,12.193,0,1670630854,6,10
1358,-78.6965666,35.7279668,49.994,12.193,0,1670630855,6,10
1359,-78.6965298,35.727935,49.996,12.193,0,1670630856,6,10
1360,-78.6964929,35.7279032,49.997,12.193,0,1670630857,6,10
1361,-78.6964561,35.7278714,49.995,12.193,0,1670630858,6,10
1362,-78.6964192,35.7278395,49.995,12.193,0,1670630859,6,10
1363,-78.6963824,35.7278077,49.995,12.193,0,1670630860,6,10
1364,-78.6963455,35.7277759,49.997,12.193,0,1670630861,6,10
1365,-78.6963087,35.7277441,49.997,12.193,0,1670630862,6,10
1366,-78.6962719,35.7277123,49.997,12.193,0,1670630863,6,10
1367,-78.6962358,35.7276812,50,12.193,0,1670630864,6,10
1368,-78.6962027,35.7276526,50.002,12.242,0,1670630865,6,10
1369,-78.6961757,35.7276293,50.001,12.242,0,1670630866,6,10
1370,-78.6961568,35.7276132,49.997,12.242,0,1670630867,6,10
1371,-78.696149,35.727604,49.988,12.242,0,1670630868,6,10
1372,-78.696145,35.7275868,49.982,12.242,0,1670630869,6,10
1373,-78.6961426,35.7275548,49.988,12.193,0,1670630870,6,10
1374,-78.6961404,35.7275228,49.994,12.193,0,1670630871,6,10
1375,-78.6961384,35.7274963,49.996,12.193,0,1670630872,6,10
1376,-78.6961352,35.7274587,50,12.193,0,1670630873,6,10
1377,-78.6961317,35.7274194,50,12.193,0,1670630874,6,10
1378,-78.6961281,35.7273795,50,12.242,0,1670630875,6,10
1379,-78.6961245,35.7273418,50.001,12.242,0,1670630876,6,10
1380,-78.6961213,35.7273105,49.999,12.242,0,1670630877,6,10
1381,-78.6961187,35.7272888,49.992,12.242,0,1670630878,6,10
1382,-78.6961171,35.727279,49.77,12.291,0,1670630879,6,10
1383,-78.6961167,35.727278,48.638,12.291,0,1670630880,6,10
1384,-78.6961167,35.7272797,47.041,12.242,0,1670630881,6,10
1385,-78.6961167,35.7272811,45.525,12.242,0,1670630882,6,10
1386,-78.6961167,35.7272815,44.036,12.242,0,1670630883,6,10
1387,-78.6961167,35.7272813,42.54,12.242,0,1670630884,6,10
1388,-78.6961166,35.7272811,41.047,12.242,0,1670630885,6,10
1389,-78.6961166,35.7272809,39.549,12.242,0,1670630886,6,10
1390,-78.6961166,35.7272809,38.053,12.242,0,1670630887,6,10
1391,-78.6961165,35.7272809,36.553,12.242,0,1670630888,6,10
1392,-78.6961166,35.7272809,35.058,12.242,0,1670630889,6,10
1393,-78.6961167,35.7272809,33.559,12.242,0,1670630890,6,10
1394,-78.6961167,35.7272809,32.064,12.242,0,1670630891,6,10
1395,-78.6961168,35.7272809,30.565,12.242,0,1670630892,6,10
1396,-78.6961168,35.7272809,29.066,12.242,0,1670630893,6,10
1397,-78.6961167,35.7272809,27.566,12.242,0,1670630894,6,10
1398,-78.6961167,35.7272809,26.068,12.242,0,1670630895,6,10
1399,-78.6961167,35.727281,24.568,12.242,0,1670630896,6,10
1400,-78.6961168,35.727281,23.068,12.242,0,1670630897,6,10
1401,-78.6961168,35.727281,21.569,12.242,0,1670630898,6,10
1402,-78.6961168,35.727281,20.07,12.242,0,1670630899,6,10
1403,-78.6961168,35.727281,18.572,12.242,0,1670630900,6,10
1404,-78.6961169,35.727281,17.072,12.242,0,1670630901,6,10
1405,-78.6961169,35.7272811,15.573,12.242,0,1670630902,6,10
1406,-78.6961169,35.7272811,14.072,12.242,0,1670630903,6,10
1407,-78.6961169,35.727281,12.573,12.242,0,1670630904,6,10
1408,-78.6961169,35.727281,11.075,12.242,0,1670630905,6,10
1409,-78.6961169,35.7272809,9.925,12.193,0,1670630906,6,10
1410,-78.6961169,35.727281,9.453,12.242,0,1670630907,6,10
1411,-78.6961169,35.7272811,8.991,12.242,0,1670630908,6,10
1412,-78.6961169,35.7272811,8.487,12.242,0,1670630909,6,10
1413,-78.6961169,35.727281,7.982,12.242,0,1670630910,6,10
1414,-78.6961169,35.727281,7.478,12.242,0,1670630911,6,10
1415,-78.696117,35.727281,6.975,12.242,0,1670630912,6,10
1416,-78.6961169,35.7272811,6.472,12.242,0,1670630913,6,10
1417,-78.696117,35.7272811,6.097,12.242,0,1670630914,6,10
1418,-78.696117,35.7272811,5.596,12.242,0,1670630915,6,10
1419,-78.696117,35.7272811,5.093,12.242,0,1670630916,6,10
1420,-78.696117,35.7272811,4.468,12.242,0,1670630917,6,10
1421,-78.6961169,35.727281,3.968,12.242,0,1670630918,6,10
1422,-78.696117,35.727281,3.594,12.242,0,1670630919,6,10
1423,-78.696117,35.727281,3.095,12.242,0,1670630920,6,10
1424,-78.696117,35.7272811,2.593,12.242,0,1670630921,6,10
1425,-78.6961171,35.7272812,2.091,12.242,0,1670630922,6,10
1426,-78.6961171,35.7272811,1.591,12.242,0,1670630923,6,10
1427,-78.6961171,35.7272812,1.089,12.242,0,1670630924,6,10
1428,-78.6961171,35.7272812,0.59,12.242,0,1670630925,6,10
1429,-78.696117,35.7272812,0.09,12.242,0,1670630926,6,10
1430,-78.696117,35.7272812,0.048,12.538,0,1670630927,6,10
1431,-78.696117,35.7272812,0.036,12.538,0,1670630928,6,10
